{
    "format_version": "1.8.0",
    "animations": {
        "animation.player.light_mods": {
            "loop": true,
            "bones": {
                "light_coords_x": {
                    "position": [
                        0,
                        "(q.is_swimming ? -21.5 : 0.0) + -4004",
                        0
                    ],
                    "rotation": [
                        "(query.is_gliding ? -query.body_x_rotation + -90)",
                        "(query.is_riding ? query.target_y_rotation)",
                        0
                    ]
                },
                "light_coords_y": {
                    "position": [
                        0,
                        "(q.is_swimming ? -21.5 : 0.0) + -4014",
                        0
                    ],
                    "rotation": [
                        "(query.is_gliding ? -query.body_x_rotation + -90)",
                        "(query.is_riding ? query.target_y_rotation)",
                        0
                    ]
                },
                "light_coords_z": {
                    "position": [
                        0,
                        "(q.is_swimming ? -21.5 : 0.0) + -4024",
                        0
                    ],
                    "rotation": [
                        "(query.is_gliding ? -query.body_x_rotation + -90)",
                        "(query.is_riding ? query.target_y_rotation)",
                        0
                    ]
                },
                "light_timerhud": {
                    "position": [
                        0,
                        "(q.is_swimming ? -21.5 : 0.0) + 1500",
                        0
                    ],
                    "rotation": [
                        "(query.is_gliding ? -query.body_x_rotation + -90)",
                        "(query.is_riding ? query.target_y_rotation)",
                        0
                    ]
                },
                "light_statushud": {
                    "position": [
                        0,
                        "(q.is_swimming ? -20 : 0.0) + 3215",
                        0
                    ],
                    "rotation": [
                        "(query.is_gliding ? -query.body_x_rotation + -90)",
                        "(query.is_riding ? query.target_y_rotation)",
                        0
                    ],
                    "scale": 1.2
                },
                "light_armorhud": {
                    "position": [
                        0,
                        "(q.is_swimming ? -20 : 0.0) + 1200",
                        0
                    ],
                    "rotation": [
                        "(query.is_gliding ? -query.body_x_rotation + -90)",
                        "(query.is_riding ? query.target_y_rotation)",
                        0
                    ],
                    "scale": 1
                },
                "light_daycounter": {
                    "position": [
                        0,
                        "(q.is_swimming ? -21.5 : 0.0) + 2183",
                        0
                    ],
                    "rotation": [
                        "(query.is_gliding ? -query.body_x_rotation + -90)",
                        "(query.is_riding ? query.target_y_rotation)",
                        0
                    ],
                    "scale": 1.0
                },
                "light_fpscounter": {
                    "position": [
                        0,
                        -480,
                        0
                    ],
                    "scale": 1.8
                },
                "light_offhand": {
                    "position": [
                        0,
                        "(query.is_swimming ? -17.1275 : 0.0) + 800",
                        0
                    ],
                    "rotation": [
                        "(query.is_gliding ? -query.body_x_rotation + -90)",
                        "(query.is_riding ? query.target_y_rotation)",
                        0
                    ],
                    "scale": 0.87
                },
                "light_speedometer": {
                    "position": [
                        0,
                        "(q.is_swimming ? -21.5 : 0.0) + 3750",
                        0
                    ],
                    "rotation": [
                        "(query.is_gliding ? -query.body_x_rotation + -90)",
                        "(query.is_riding ? query.target_y_rotation)",
                        0
                    ]
                },
                "light_directionhud": {
                    "position": [
                        -37.9,
                        3000,
                        20
                    ],
                    "rotation": [
                        "(query.is_gliding ? -query.body_x_rotation + -90)",
                        "(query.is_riding ? query.target_y_rotation)",
                        0
                    ],
                    "scale": 5.13
                },
                "light_chunk_border": {
                    "rotation": [
                        0,
                        "-query.body_y_rotation",
                        0
                    ],
                    "scale": 1.06666666667
                },
                "light_chunk": {
                    "position": [
                        "math.lerp(0, 1, (8 - math.mod(query.position(0), 16) - (query.position(0) <= 0 ? 16 : 0)) * 16)",
                        "math.lerp(0, 1, (1.6 - math.mod(query.position(1), 16) - (query.position(1) <= 0 ? 16 : 0)) * 16 + (query.vertical_speed * 0.5) + 0.25)",
                        "math.lerp(0, 1, (math.mod(query.position(2), 16) + (query.position(2) <= 0 ? 16 : 0) - 8) * 16)"
                    ]
                }
            }
        }
    }
}