{
    "namespace": "light_slider",
    "slider@common.slider": {
        "$slider_box_layout": "light_slider.slider_button_layout",
        "$slider_box_hover_layout": "light_slider.slider_button_hover_layout",
        "$slider_box_locked_layout": "light_slider.slider_button_locked_layout",
        "$slider_box_indent_layout": "light_slider.slider_button_indent_layout",
        "$slider_direction|default": "horizontal",
        "slider_direction": "$slider_direction",
        "$option_enabled_binding_name": "slider_enabled",
        "$option_label": "",
        "$slider_name": "_this_slider_",
        "$slider_value_bindings|default": "(((#slider_steps * 0) + $toggle_tags) * 5)",
        "bindings": [
            {
                "binding_name": "#slider_steps"
            },
            {
                "binding_type": "view",
                "source_property_name": "$slider_value_bindings",
                "target_property_name": "#slider_value"
            }
        ],
        "controls": [
            {
                "slider_box@common.slider_box": {}
            },
            {
                "slider_bar_default@light_slider.slider_bar_default": {}
            },
            {
                "slider_bar_hover@light_slider.slider_bar_hover": {}
            }
        ],
        "$slider_step_factory_control_ids": {
            "slider_step": "@light_slider.step",
            "slider_step_hover": "@light_slider.slider_step_hover",
            "slider_step_progress": "@light_slider.slider_step_progress",
            "slider_step_progress_hover": "@light_slider.slider_step_progress_hover"
        },
        "property_bag": {
            "#slider_steps": "$slider_steps"
        }
    },
    "slider_background": {
        "type": "image",
        "layer": 9,
        "size": [
            "100%",
            16
        ],
        "alpha": 0.65,
        "texture": ".light/textures/bg/secondary_bg"
    },
    "step": {
        "type": "image",
        "size": [
            2,
            6
        ],
        "layer": 15,
        "offset": "$step_offset",
        "alpha": 0.65,
        "texture": "textures/ui/Black"
    },
    "slider_step_hover@light_slider.step": {
        "texture": "textures/ui/Black"
    },
    "slider_step_progress@light_slider.step": {
        "texture": "textures/ui/Black"
    },
    "slider_step_progress_hover@light_slider.step": {
        "texture": "textures/ui/Black"
    },
    "slider_progress": {
        "type": "image",
        "layer": 10,
        "size": [
            "100%",
            16
        ],
        "alpha": 1,
        "texture": ".light/textures/bg/base_bg"
    },
    "slider_button_layout@light_slider.slider_button_state": {
        "alpha": 0.65,
        "texture": ".light/textures/bg/base_bg"
    },
    "slider_button_hover_layout@light_slider.slider_button_state": {
        "texture": ".light/textures/bg/base_bg"
    },
    "slider_button_locked_layout@light_slider.slider_button_state": {
        "texture": ".light/textures/bg/base_bg"
    },
    "slider_button_indent_layout@light_slider.slider_button_state": {
        "texture": ".light/textures/bg/base_bg"
    },
    "slider_button_state": {
        "type": "image",
        "layer": 2,
        "alpha": 0.65,
        "size": [
            20,
            20
        ],
        "texture": ".light/textures/bg/base_bg"
    },
    "slider_bar_default@slider_bar": {
        "$background_control": "light_slider.slider_background",
        "$progress_control": "light_slider.slider_progress",
        "$background_control_name": "slider_background",
        "$progress_control_name": "slider_progress"
    },
    "slider_bar_hover@slider_bar": {
        "color": "$slider_hover_border_color",
        "$background_control": "light_slider.slider_background",
        "$progress_control": "light_slider.slider_progress",
        "$background_control_name": "slider_background_hover",
        "$progress_control_name": "slider_progress_hover"
    },
    "slider_bar": {
        "type": "panel",
        "controls": [
            {
                "sizing_panel": {
                    "type": "panel",
                    "controls": [
                        {
                            "$background_control_name@$background_control": {
                                "layer": 1
                            }
                        },
                        {
                            "$progress_control_name@$progress_control": {
                                "layer": 3,
                                "clip_direction": "left",
                                "clip_pixelperfect": false
                            }
                        }
                    ]
                }
            }
        ]
    },
    "slider_panel": {
        "clips_children": true,
        "controls": [
            {
                "$slider_view_binding_name@slider": {
                    "size": [
                        "100% - 2px",
                        "100% - 2px"
                    ]
                }
            },
            {
                "slider_text@slider_text": {}
            }
        ],
        "layer": 100,
        "type": "panel"
    }
}