{
    "namespace": "light_start",
    "main_background@pl.img": {
        "anchor_from": "center",
        "anchor_to": "center",
        "size": [
            250,
            150
        ],
        "texture": ".light/textures/bg/base_bg",
        "layer": 1,
        "alpha": 0.65,
        "controls": [
            {
                "top_bar@pl.img": {
                    "anchor_from": "top_middle",
                    "anchor_to": "top_middle",
                    "size": [
                        250,
                        40
                    ],
                    "texture": ".light/textures/bg/secondary_bg",
                    "layer": 1,
                    "alpha": 0.65,
                    "controls": [
                        {
                            "logo@pl.img": {
                                "texture": ".light/textures/logo",
                                "layer": 3,
                                "size": [
                                    32,
                                    32
                                ],
                                "anchor_from": "left_middle",
                                "anchor_to": "left_middle",
                                "offset": [
                                    5,
                                    0
                                ]
                            }
                        },
                        {
                            "achievements@light_image_buttons.main_button": {
                                "$pressed_button_name": "button.menu_achievements",
                                "layer": 3,
                                "$button_icon": ".light/textures/icons/pot_counter",
                                "anchor_from": "right_middle",
                                "anchor_to": "ríght_middle",
                                "size": [
                                    24,
                                    24
                                ],
                                "offset": [
                                    -70,
                                    0
                                ]
                            }
                        },
                        {
                            "feedback@light_image_buttons.main_button": {
                                "$pressed_button_name": "button.menu_open_uri",
                                "property_bag": {
                                    "#hyperlink": "https://aka.ms/minecraftfb"
                                },
                                "layer": 3,
                                "$button_icon": ".light/textures/icons/info",
                                "anchor_from": "right_middle",
                                "anchor_to": "ríght_middle",
                                "size": [
                                    24,
                                    24
                                ],
                                "offset": [
                                    -45,
                                    0
                                ],
                                "bindings": [
                                    {
                                        "binding_type": "collection_details",
                                        "binding_collection_name": "players_collection"
                                    }
                                ]
                            }
                        },
                        {
                            "exit@light_image_buttons.main_button": {
                                "$pressed_button_name": "button.menu_exit",
                                "$button_icon": ".light/textures/icons/close",
                                "layer": 3,
                                "anchor_from": "right_middle",
                                "anchor_to": "ríght_middle",
                                "size": [
                                    24,
                                    24
                                ],
                                "offset": [
                                    -20,
                                    0
                                ]
                            }
                        }
                    ]
                }
            }
        ]
    },
    "resume_button@light_buttons.main_button": {
        "$pressed_button_name": "button.menu_play",
        "$button_text": "Play",
        "layer": 3,
        "size": [
            200,
            20
        ],
        "offset": [
            0,
            -11
        ]
    },
    "settings_button@light_buttons.main_button": {
        "$pressed_button_name": "button.menu_settings",
        "$button_text": "Settings",
        "layer": 3,
        "size": [
            200,
            20
        ],
        "offset": [
            0,
            10
        ]
    },
    "store_button@light_buttons.main_button": {
        "$pressed_buttton_name": "button.menu_store",
        "$button_text": "Store",
        "layer": 3,
        "size": [
            100,
            20
        ],
        "offset": [
            -50,
            31
        ]
    },
    "skins_button@light_buttons.main_button": {
        "$pressed_button_name": "button.to_profile_screen",
        "$button_text": "Skins",
        "layer": 3,
        "size": [
            100,
            20
        ],
        "offset": [
            50,
            31
        ]
    },
    "quit_button@light_buttons.main_button": {
        "$pressed_button_name": "button.menu_invite_notification",
        "$button_text": "Realm Invites",
        "layer": 3,
        "size": [
            200,
            20
        ],
        "offset": [
            0,
            52
        ]
    },
    "light_start_footer@pl.img": {
        "texture": ".light/textures/bg/base_bg",
        "anchor_from": "bottom_middle",
        "anchor_to": "bottom_middle",
        "alpha": 0.65,
        "size": [
            "100%",
            24
        ],
        "controls": [
            {
                "version@pl.lbl": {
                    "text": "#version",
                    "font_type": "Inter-Medium",
                    "anchor_from": "right_middle",
                    "anchor_to": "right_middle",
                    "offset": [
                        -5,
                        0
                    ],
                    "bindings": [
                        {
                            "binding_name": "#version"
                        }
                    ]
                }
            },
            {
                "copyright_text@pl.lbl": {
                    "text": "Copyright Mojang AB. Do not distribute!",
                    "font_type": "Inter-Medium",
                    "anchor_from": "left_middle",
                    "anchor_to": "left_middle",
                    "offset": [
                        5,
                        0
                    ]
                }
            },
            {
                "project_light_text@pl.lbl": {
                    "text": "Project Light V3",
                    "font_type": "Inter-Medium"
                }
            }
        ]
    },
    "light_player_name@pl.img": {
        "texture": ".light/textures/bg/base_bg",
        "alpha": 0.65,
        "anchor_from": "top_left",
        "anchor_to": "top_left",
        "size": [
            "100%cm + 25px",
            25
        ],
        "offset": [
            2,
            2
        ],
        "controls": [
            {
                "player_head@pl.pnl": {
                    "anchor_from": "top_left",
                    "anchor_to": "top_left",
                    "clips_children": true,
                    "size": [
                        28,
                        38
                    ],
                    "layer": 203,
                    "offset": [
                        -4,
                        -17
                    ],
                    "controls": [
                        {
                            "player_head_renderer": {
                                "type": "custom",
                                "renderer": "paper_doll_renderer",
                                "size": [
                                    35,
                                    85
                                ],
                                "offset": [
                                    0,
                                    20
                                ]
                            }
                        }
                    ]
                }
            },
            {
                "gamertag_label@pl.lbl": {
                    "text_alignment": "left",
                    "layer": 2,
                    "shadow": false,
                    "anchor_from": "left_middle",
                    "offset": [
                        20,
                        4
                    ],
                    "anchor_to": "left_middle",
                    "text": "#gamertag_label",
                    "font_type": "Inter-Medium",
                    "bindings": [
                        {
                            "binding_name": "#gamertag_label"
                        }
                    ]
                }
            },
            {
                "login_as@pl.lbl": {
                    "text_alignment": "left",
                    "layer": 2,
                    "shadow": false,
                    "font_type": "Inter-Medium",
                    "font_scale_factor": 0.6,
                    "anchor_from": "left_middle",
                    "offset": [
                        20,
                        -4
                    ],
                    "anchor_to": "left_middle",
                    "text": "Logged in as:"
                }
            }
        ]
    }
}