{
    "format_version": "1.10.0",
    "animation_controllers": {
        "controller.animation.deathpoint": {
            "initial_state": "default",
            "states": {
                "default": {
                    "transitions": [
                        {
                            "is_holding": "!query.is_alive && query.is_in_ui"
                        }
                    ]
                },
                "is_holding": {
                    "particle_effects": [
                        {
                            "effect": "deathpoint",
                            "locator": "head"
                        }
                    ],
                    "transitions": [
                        {
                            "default": "query.is_alive"
                        }
                    ]
                }
            }
        }
    }
}