{
    "namespace": "light_effects",
    "main_screen@pl.pnl": {
        "size": [
            "100%",
            "100%"
        ],
        "controls": [
            {
                "@light_effects.mob_effect_grid_panel": {}
            }
        ]
    },
    "effect_name": {
        "type": "label",
        "color": "$dark_button_default_text_color",
        "shadow": true,
        "text": "#mob_effect_name",
        "bindings": [
            {
                "binding_type": "collection",
                "binding_name": "#mob_effect_name",
                "binding_collection_name": "mob_effects_collection",
                "binding_condition": "visible"
            }
        ]
    },
    "effect_timer": {
        "type": "label",
        "shadow": true,
        "text": "#mob_effect_timer",
        "color": "$dark_button_secondary_default_text_color",
        "bindings": [
            {
                "binding_type": "collection",
                "binding_name": "#mob_effect_timer",
                "binding_collection_name": "mob_effects_collection",
                "binding_condition": "always_when_visible"
            }
        ]
    },
    "mob_effect_grid_panel@pl.pnl": {
        "anchor_from": "left_middle",
        "anchor_to": "left_middle",
        "size": [
            "100%",
            "100%"
        ],
        "clips_children": true,
        "controls": [
            {
                "@pl.vsp": {
                    "size": [
                        "100%c",
                        "100%c"
                    ],
                    "controls": [
                        {
                            "@light_effects.mob_effect_grid": {}
                        }
                    ]
                }
            }
        ]
    },
    "mob_effect_grid": {
        "type": "grid",
        "size": [
            120,
            "default"
        ],
        "grid_item_template": "light_effects.mob_effect_grid_item",
        "grid_dimension_binding": "#mob_effect_grid_size",
        "collection_name": "mob_effects_collection",
        "bindings": [
            {
                "binding_name": "#mob_effect_grid_size"
            }
        ]
    },
    "mob_effect_grid_item@pl.hsp": {
        "size": [
            "100%c",
            30
        ],
        "controls": [
            {
                "@pl.img": {
                    "type": "image",
                    "size": [
                        20,
                        20
                    ],
                    "texture": "#texture",
                    "bindings": [
                        {
                            "binding_type": "collection",
                            "binding_name": "#texture",
                            "binding_collection_name": "mob_effects_collection",
                            "binding_condition": "visible"
                        }
                    ],
                    "layer": 5
                }
            },
            {
                "@pl.pnl": {
                    "size": [
                        4,
                        4
                    ]
                }
            },
            {
                "@pl.vsp": {
                    "size": [
                        "100%c",
                        30
                    ],
                    "controls": [
                        {
                            "name@light_effects.effect_name": {
                                "layer": 5
                            }
                        },
                        {
                            "timer@light_effects.effect_timer": {
                                "layer": 5
                            }
                        }
                    ]
                }
            }
        ]
    }
}