{
    "namespace": "pl",
    "img": {
        "type": "image"
    },
    "lbl": {
        "type": "label",
        "font_type": "Inter-Medium"
    },
    "pnl": {
        "type": "panel"
    },
    "ipnl": {
        "type": "input_panel"
    },
    "sp": {
        "type": "stack_panel"
    },
    "vsp@pl.sp": {
        "orientation": "vertical"
    },
    "hsp@pl.sp": {
        "orientation": "horizontal"
    },
    "grd": {
        "type": "grid"
    },
    "cstm": {
        "type": "custom"
    },
    "wrapper@pl.pnl": {,
        "size": [
            "100%",
            "100%c"
        ]
    }
}