{"namespace":"chat","chat_screen@common.base_screen":{"$screen_bg_content":"chat.chat_background","$screen_content":"chat.chat_screen_content","button_mappings":[{"from_button_id":"button.menu_exit","mapping_type":"global","to_button_id":"button.chat_menu_cancel"},{"from_button_id":"button.menu_cancel","mapping_type":"global","to_button_id":"button.chat_menu_cancel"}],"close_on_player_hurt":false},"chat_bottom_panel":{"type":"stack_panel","orientation":"horizontal","anchor_from":"bottom_middle","anchor_to":"bottom_middle","size":["100%",27],"min_size":["100%",27],"controls":[{"keyboard_button@chat.keyboard_button":{}},{"host_main_button@host_options.host_main_button":{"ignored":"$is_pregame"}},{"chat_settings@chat.chat_settings_button":{}},{"msgp@chat.msgp":{"offset":[0,5]}},{"msgn@chat.msgn":{"offset":[0,5]}},{"text_box@chat.text_edit_box":{}},{"send_button@chat.send_button":{"offset":[-20,0]}},{"cmdp@chat.cmdp":{"offset":[-20,5]}},{"cmdn@chat.cmdn":{"offset":[-20,5]}}]},"cmdp@light_chat_buttons.light_chat_button":{"$pressed_button_name":"button.chat_autocomplete_back","$button_image":".light/textures/chat/chat_autocomplete_back","size":[27,25]},"cmdn@light_chat_buttons.light_chat_button":{"$pressed_button_name":"button.chat_autocomplete","$button_image":".light/textures/chat/chat_autocomplete","size":[27,25]},"msgp@light_chat_buttons.light_chat_button":{"$pressed_button_name":"button.chat_previous_message","$button_image":".light/textures/chat/chat_previous","size":[27,25]},"msgn@light_chat_buttons.light_chat_button":{"$pressed_button_name":"button.chat_next_message","$button_image":".light/textures/chat/chat_next","size":[27,25]}}