{"small_chest_screen":{"force_render_below":true},"large_chest_screen":{"force_render_below":true},"ender_chest_screen":{"force_render_below":true},"shulker_box_screen":{"force_render_below":true},"barrel_screen":{"force_render_below":true},"small_highlight":{"type":"panel","size":["100%","50%"],"offset":[0,12],"anchor_to":"top_left","anchor_from":"top_left","controls":[{"small_higlight_chest_grid@chest.small_highlight_chest_grid":{"offset":[7,9]}}]},"small_highlight_chest_grid":{"type":"grid","size":[162,54],"anchor_from":"top_left","anchor_to":"top_left","grid_dimensions":[9,3],"grid_item_template":"chest.highlight_template","$item_collection":"container_items","collection_name":"$item_collection"},"inventory_highlight":{"type":"panel","anchor_from":"bottom_left","anchor_to":"bottom_left","size":["100%",93],"$item_collection":"inventory_items","controls":[{"inventory_panel":{"type":"panel","size":[88,83],"anchor_from":"bottom_middle","anchor_to":"bottom_middle","controls":[{"inventory_grid":{"type":"grid","size":[162,54],"anchor_from":"bottom_middle","anchor_to":"bottom_middle","offset":[0,-26],"grid_dimensions":[9,3],"grid_item_template":"chest.highlight_template","collection_name":"$item_collection"}}]}}]},"hotbar_highlight":{"type":"grid","size":[162,18],"anchor_from":"bottom_middle","anchor_to":"bottom_middle","offset":[0,-5],"grid_dimensions":[9,1],"$item_collection":"hotbar_items","grid_item_template":"chest.highlight_template","collection_name":"$item_collection"},"highlight_template":{"type":"image","size":[18,18],"texture":"textures/ui/Black","layer":10,"alpha":0.50,"bindings":[{"binding_name":"#hover_text","binding_type":"collection","binding_condition":"always","binding_collection_name":"$item_collection"},{"binding_type":"view","source_control_name":"search_item","source_property_name":"#item_name","target_property_name":"#search"},{"binding_type":"view","source_property_name":"(((#hover_text - #search) = #hover_text) and (not ((#search - ' ') = '')))","target_property_name":"#visible"}]},"large_highlight":{"type":"panel","size":["100%",132],"offset":[0,11],"anchor_to":"top_left","anchor_from":"top_left","controls":[{"large_highlight_chest_grid@chest.large_highlight_chest_grid":{"offset":[7,10]}}]},"large_highlight_chest_grid":{"type":"grid","size":[162,108],"anchor_from":"top_left","anchor_to":"top_left","grid_dimensions":[9,6],"grid_item_template":"chest.highlight_template","$item_collection":"container_items","collection_name":"$item_collection"},"small_chest_panel":{"modifications":[{"array_name":"controls","operation":"insert_front","value":[{"search_bar@common.text_edit_box":{"$text_edit_text_control":"search_item","$place_holder_text":"Search Items...","max_length":100,"anchor_from":"bottom_middle","anchor_to":"bottom_middle","offset":[0,-25],"size":[176,18]}},{"hinglight@common.root_panel":{"size":[176,166],"layer":1,"controls":[{"highlight":{"type":"panel","layer":5,"controls":[{"small_highlight@chest.small_highlight":{}},{"inventory_highlight@chest.inventory_highlight":{}},{"hotbar_highlight@chest.hotbar_highlight":{}}]}}]}}]}]},"large_chest_panel":{"modifications":[{"array_name":"controls","operation":"insert_front","value":[{"search_bar@common.text_edit_box":{"$text_edit_text_control":"search_item","$place_holder_text":"Search Items...","max_length":100,"anchor_from":"bottom_middle","anchor_to":"bottom_middle","offset":[0,-10],"size":[176,18]}},{"hinglight@common.root_panel":{"size":[176,220],"layer":1,"controls":[{"highlight":{"type":"panel","layer":5,"controls":[{"small_highlight@chest.small_highlight":{}},{"inventory_highlight@chest.inventory_highlight":{}},{"hotbar_highlight@chest.hotbar_highlight":{}}]}}]}}]}]},"small_chest_panel/root_panel":{"controls":[{"common_panel@common.common_panel":{"$show_close_button":false}},{"close_button@light_container_common.close_button_panel":{}},{"chest_panel":{"type":"panel","layer":5,"controls":[{"small_chest_panel_top_half@chest.small_chest_panel_top_half":{}},{"inventory_panel_bottom_half_with_label@common.inventory_panel_bottom_half_with_label":{}},{"hotbar_grid@common.hotbar_grid_template":{}},{"inventory_take_progress_icon_button@common.inventory_take_progress_icon_button":{}}]}},{"inventory_selected_icon_button@common.inventory_selected_icon_button":{}},{"gamepad_cursor@common.gamepad_cursor_button":{}}]},"large_chest_panel/root_panel":{"controls":[{"common_panel@common.common_panel":{"$show_close_button":false}},{"close_button@light_container_common.close_button_panel":{}},{"chest_panel":{"type":"panel","layer":5,"controls":[{"large_chest_panel_top_half@chest.large_chest_panel_top_half":{}},{"inventory_panel_bottom_half_with_label@common.inventory_panel_bottom_half_with_label":{}},{"hotbar_grid@common.hotbar_grid_template":{}},{"inventory_take_progress_icon_button@common.inventory_take_progress_icon_button":{}}]}},{"inventory_selected_icon_button@common.inventory_selected_icon_button":{}},{"gamepad_cursor@common.gamepad_cursor_button":{}}]}}