{"namespace":"furnace","furnace_screen":{"force_render_below":true},"furnace_panel/root_panel":{"controls":[{"common_panel@common.common_panel":{"$show_close_button":false}},{"close_button@light_container_common.close_button_panel":{}},{"furnace_screen_inventory":{"type":"panel","layer":5,"controls":[{"furnace_panel_top_half@furnace.furnace_panel_top_half":{}},{"inventory_panel_bottom_half_with_label@common.inventory_panel_bottom_half_with_label":{}},{"hotbar_grid@common.hotbar_grid_template":{}},{"inventory_take_progress_icon_button@common.inventory_take_progress_icon_button":{}}]}},{"inventory_selected_icon_button@common.inventory_selected_icon_button":{}},{"gamepad_cursor@common.gamepad_cursor_button":{}},{"arrow_percent@light_percent_template.percent_template":{"$binding_name":"#furnace_flame_ratio","layer":20,"anchor_from":"center","anchor_to":"right_middle","$binding_condition":"always","offset":[-40,-40]}},{"arrow_percent2@light_percent_template.percent_template":{"$binding_name":"#furnace_arrow_ratio","layer":20,"anchor_from":"center","anchor_to":"center","$binding_condition":"always","offset":[0,-20]}}]}}