{
    "namespace": "hud",
    "hud_screen": {
        "always_accepts_input": true,
        "render_only_when_topmost": false,
        "$use_loading_bars": false,
        "$screen_animations": []
    },
    "hud_content": {
        "$hud_player_rend_desktop_offset|default": [
            -15,
            15
        ],
        "variables": [
            {
                "requires": "($is_holographic and not $is_living_room_mode)",
                "$hud_player_rend_desktop_offset": [
                    -100,
                    50
                ]
            },
            {
                "requires": "($compress_hud_width)",
                "$hud_size": [
                    "90%",
                    "100%"
                ]
            }
        ],
        "size": "$hud_size",
        "controls": [
            {
                "root_panel@hud.root_panel": {}
            },
            {
                "camera_renderer@camera_renderer": {}
            },
            {
                "light_mod_menu@light_mod_menu.light_mod_menu": {}
            },
            {
                "light_mods@light_mods.mod_panel": {}
            },
            {
                "chat_stack_panel@hud.chat_stack_panel": {
                    "$original_mode": true
                }
            }
        ]
    },
    "boss_name_panel": {
        "bindings": [
            {
                "binding_type": "view",
                "source_control_name": "boss_bar_text",
                "source_property_name": "(not #toggle_state)",
                "target_property_name": "#visible"
            }
        ]
    },
    "boss_health_panel/progress_bar_for_collections": {
        "bindings": [
            {
                "binding_name": "#progress_percentage",
                "binding_name_override": "#clip_ratio",
                "binding_type": "collection",
                "binding_collection_name": "$progress_bar_collection"
            },
            {
                "binding_name": "#bar_color",
                "binding_name_override": "#color",
                "binding_type": "collection",
                "binding_collection_name": "$progress_bar_collection"
            },
            {
                "binding_type": "view",
                "source_control_name": "boss_bar_health",
                "source_property_name": "(not #toggle_state)",
                "target_property_name": "#visible"
            }
        ]
    },
    "vignette_renderer": {
        "layer": -10,
        "bindings": [
            {
                "binding_type": "view",
                "source_control_name": "vig_nette",
                "source_property_name": "(not #toggle_state)",
                "target_property_name": "#visible"
            }
        ]
    },
    "hud_tip_text": {
        "bindings": [
            {
                "binding_type": "view",
                "source_control_name": "hud_tip",
                "source_property_name": "(not #toggle_state)",
                "target_property_name": "#visible"
            }
        ]
    },
    "hud_actionbar_text": {
        "bindings": [
            {
                "binding_type": "view",
                "source_control_name": "action_bar",
                "source_property_name": "(not #toggle_state)",
                "target_property_name": "#visible"
            }
        ]
    },
    "hud_title_text/title_frame": {
        "bindings": [
            {
                "binding_type": "view",
                "source_control_name": "hud_title",
                "source_property_name": "(not #toggle_state)",
                "target_property_name": "#visible"
            }
        ]
    },
    "hud_title_text/subtitle_frame": {
        "bindings": [
            {
                "binding_type": "view",
                "source_control_name": "sub_title",
                "source_property_name": "(not #toggle_state)",
                "target_property_name": "#visible"
            }
        ]
    },
    "mob_effects_renderer": {
        "bindings": [
            {
                "binding_type": "view",
                "source_control_name": "effect_icons",
                "source_property_name": "(not #toggle_state)",
                "target_property_name": "#visible"
            }
        ],
        "layer": 1,
        "renderer": "mob_effects_renderer",
        "orientation": "vertical",
        "type": "custom"
    },
    "item_name_text@hud.item_name_text_root": {
        "bindings": [
            {
                "binding_type": "view",
                "source_control_name": "item_text_enabled",
                "source_property_name": "(not #toggle_state)",
                "target_property_name": "#visible"
            }
        ],
        "offset": [
            0,
            -14
        ]
    },
    "gui_hotbar_grid_item": {
        "modifications": [
            {
                "array_name": "controls",
                "operation": "insert_back",
                "value": [
                    {
                        "hotbar_potion_icon": {
                            "type": "panel",
                            "bindings": [
                                {
                                    "binding_type": "view",
                                    "source_control_name": "shiny_pots_mod",
                                    "source_property_name": "#toggle_state",
                                    "target_property_name": "#visible"
                                }
                            ],
                            "controls": [
                                {
                                    "pot": {
                                        "type": "image",
                                        "texture": ".light/textures/mods/shiny_pots",
                                        "layer": 1,
                                        "size": [
                                            16,
                                            16
                                        ],
                                        "alpha": 0.8,
                                        "offset": [
                                            0,
                                            0
                                        ],
                                        "bindings": [
                                            {
                                                "binding_name": "#item_id_aux",
                                                "binding_type": "collection",
                                                "binding_collection_name": "hotbar_items"
                                            },
                                            {
                                                "binding_type": "view",
                                                "source_property_name": "((#item_id_aux = 27918341) or ((#item_id_aux > 27918341) and (#item_id_aux < 27918379)))",
                                                "target_property_name": "#visible"
                                            }
                                        ]
                                    }
                                },
                                {
                                    "pot2": {
                                        "type": "image",
                                        "texture": ".light/textures/mods/shiny_pots",
                                        "layer": 1,
                                        "size": [
                                            16,
                                            16
                                        ],
                                        "alpha": 0.8,
                                        "offset": [
                                            0,
                                            0
                                        ],
                                        "bindings": [
                                            {
                                                "binding_name": "#item_id_aux",
                                                "binding_type": "collection",
                                                "binding_collection_name": "hotbar_items"
                                            },
                                            {
                                                "binding_type": "view",
                                                "source_property_name": "(((#item_id_aux > 36765698) and (#item_id_aux < 36765739)) or ((#item_id_aux > 36831234) and (#item_id_aux < 36831275)))",
                                                "target_property_name": "#visible"
                                            }
                                        ]
                                    }
                                }
                            ]
                        }
                    }
                ]
            }
        ]
    },
    "player_position": {
        "controls": [
            {}
        ]
    },
    "chat_panel": {
        "ignored": true,
        "controls": [
            {
                "empty@common.empty_panel": {}
            }
        ]
    },
    "bottom_chat_grid_item": {
        "type": "panel",
        "layer": 1,
        "size": [
            "100%",
            "100%c"
        ],
        "anchor_from": "top_left",
        "anchor_to": "top_left",
        "controls": [
            {
                "chat_messages_background": {
                    "type": "image",
                    "texture": "textures/ui/screen_background",
                    "size": [
                        "100%",
                        "100%c"
                    ],
                    "anims": [
                        "@hud.anim_chat_bg_wait"
                    ],
                    "controls": [
                        {
                            "chat_text@hud.chat_label": {
                                "anchor_from": "top_left",
                                "anchor_to": "top_left",
                                "line_padding": -1,
                                "offset": [
                                    2,
                                    0.5
                                ]
                            }
                        }
                    ]
                }
            }
        ]
    },
    "anim_chat_bg_alpha": {
        "anim_type": "alpha",
        "easing": "in_quart",
        "destroy_at_end": "chat_grid_item",
        "duration": 1,
        "from": 1.0,
        "to": 0
    },
    "anim_chat_bg_wait": {
        "anim_type": "wait",
        "duration": "$chat_item_lifetime",
        "next": "hud.anim_chat_bg_alpha"
    },
    "bottom_chat_panel": {
        "type": "panel",
        "layer": 75,
        "clips_children": true,
        "anchor_from": "bottom_left",
        "anchor_to": "bottom_left",
        "size": [
            "40%",
            180
        ],
        "offset": [
            0,
            -50
        ],
        "propagate_alpha": true,
        "animation_reset_name": "screen_animation_reset",
        "anims": [
            "@common.screen_exit_animation_push_fade",
            "@common.screen_exit_animation_pop_fade",
            "@common.screen_entrance_animation_push_fade",
            "@common.screen_entrance_animation_pop_fade"
        ],
        "controls": [
            {
                "stack_panel": {
                    "type": "stack_panel",
                    "anchor_from": "bottom_left",
                    "anchor_to": "bottom_left",
                    "factory": {
                        "name": "chat_item_factory",
                        "max_children_size": 50,
                        "control_ids": {
                            "chat_item": "chat_item@hud.bottom_chat_grid_item"
                        }
                    }
                }
            }
        ]
    },
    "chat_stack_panel": {
        "type": "stack_panel",
        "anchor_from": "left_middle",
        "anchor_to": "left_middle",
        "size": [
            "100%",
            "100%"
        ],
        "controls": [
            {
                "fill_padding": {
                    "type": "panel",
                    "size": [
                        1,
                        "fill"
                    ]
                }
            },
            {
                "chat_panel@hud.bottom_chat_panel": {}
            },
            {
                "bottom_padding": {
                    "type": "panel",
                    "size": [
                        1,
                        42
                    ]
                }
            }
        ]
    }
}