{"player_inventory":{"modifications":[{"array_name":"controls","operation":"insert_back","value":[{"stats@light_container_common.stats_panel":{}},{"armor_renderer@light_container_common.armor_render_gird":{"offset":[48,0]}},{"close_button@light_container_common.close_button_panel":{}}]}]},"toolbar_panel/toolbar_background/toolbar_stack_panel/help_button_panel":{"ignored":true},"toolbar_panel/toolbar_background/toolbar_stack_panel/close_button_panel":{"ignored":true},"quick_craft_button@common_buttons.light_text_button":{"size":[18,18],"offset":[1,2],"$button_text":">","anchor_from":"bottom_right","anchor_to":"bottom_right"},"quick_craft_button@crafting.quick_craft_button":{"$button_content":"crafting.quick_craft_icon","property_bag":{"#collection_name":"crafting_output_items","#collection_index":0},"button_mappings":[{"from_button_id":"button.menu_select","to_button_id":"button.crafting_output_tertiary","mapping_type":"pressed"}]},"crafting_arrow":{"controls":[{"quick_craft_button@crafting.quick_craft_button":{}}]},"crafting_arrow_large":{"controls":[{"quick_craft_button@crafting.quick_craft_button":{"size":[24,24],"offset":[2,9]}}]},"no_coalesce_container_slot_button":{"$is_output|default":false,"modifications":[{"array_name":"button_mappings","operation":"insert_front","value":[{"ignored":"$is_output","from_button_id":"button.menu_select","to_button_id":"$button_auto_place","mapping_type":"double_pressed"}]}]},"output_no_coalesce_container_slot_button":{"$is_output":true},"tab_content/tab_content_search_bar_panel/search_and_filter_panel/text_edit_control":{"max_length":50,"$place_holder_text":"itemGroup.search"},"crafting_screen":{"$inv_toggle_visible":false},"recipe_inventory_screen_content":{"$use_quick_craft_button|default":true}}