{"namespace":"common_toggles","light_ui_toggle1":{"$template_toggle|default":"common_toggles.light_template_toggle1","$toggle_view_binding_name|default":"this_toggle","controls":[{"$toggle_view_binding_name@$template_toggle":{}}],"type":"panel"},"toggle_section@common_toggles.light_ui_toggle1":{"$default_texture":".light/textures/buttons/default","$hover_texture":".light/textures/buttons/hover","$pressed_texture":".light/textures/buttons/hover","$pressed_no_hover_texture":".light/textures/buttons/hover","$locked_texture":".light/textures/buttons/hover","$border_visible":false,"$default_state_border_visible":false,"$hover_state_border_visible":false,"$pressed_state_border_visible":false,"$locked_state_border_visible":false,"$default_border_visible":false,"$radio_toggle_group":true,"$toggle_group_default_selected":0,"$toggle_name":"section_tab","$toggle_tab_focus_binding_name":"#section_tab_focus_precedence","$toggle_tab_focus_binding_type":"global","$toggle_on_hover_binding_type":"global","$toggle_on_hover_binding_name":"#toggle_on_hover","$button_type_panel":"common_toggles.button_label"},"toggle_biome@common_toggles.light_ui_toggle1":{"anchor_from":"top_left","anchor_to":"top_left","$button_type_panel":"common_toggles.button_label","$default_texture":".light/textures/buttons/default","$hover_texture":".light/textures/buttons/hover","$pressed_texture":".light/textures/buttons/hover","$pressed_no_hover_texture":".light/textures/buttons/hover","$locked_texture":".light/textures/buttons/hover","$radio_toggle_group":true,"$toggle_name":"biome_tab","$toggle_tab_focus_binding_name":"#biome_tab_focus_precedence","$toggle_group_default_selected":1,"$toggle_tab_focus_binding_type":"global","$toggle_on_hover_binding_type":"global","$toggle_on_hover_binding_name":"#toggle_on_hover"},"toggle_crosshair@common_toggles.light_ui_toggle1":{"anchor_from":"top_left","anchor_to":"top_left","$button_type_panel":"common_toggles.toggle_image_control","$default_texture":".light/textures/buttons/default","$hover_texture":".light/textures/buttons/hover","$pressed_texture":".light/textures/buttons/hover","$pressed_no_hover_texture":".light/textures/buttons/hover","$locked_texture":".light/textures/buttons/hover","$radio_toggle_group":true,"$toggle_name":"crosshair_tab","$toggle_tab_focus_binding_name":"#crosshair_tab_focus_precedence","$toggle_group_default_selected":1,"$toggle_tab_focus_binding_type":"global","$toggle_on_hover_binding_type":"global","$toggle_on_hover_binding_name":"#toggle_on_hover"},"mod_menu_button@common_toggles.light_ui_toggle1":{"anchor_from":"top_left","anchor_to":"top_left","$border_visible":false,"$default_state_border_visible":false,"$hover_state_border_visible":false,"$pressed_state_border_visible":false,"$locked_state_border_visible":false,"$button_type_panel":"common_toggles.button_label","$default_texture":".light/textures/buttons/default","$hover_texture":".light/textures/buttons/hover","$pressed_texture":".light/textures/buttons/hover","$pressed_no_hover_texture":".light/textures/buttons/hover","$locked_texture":".light/textures/buttons/hover","$toggle_name":"mod_menu","$toggle_group_default_selected":1,"$toggle_tab_focus_binding_type":"global","$toggle_tab_focus_binding_name":"#mod_menu_1_tab_focus_precedence","$toggle_on_hover_binding_type":"global","$toggle_on_hover_binding_name":"#toggle_on_hover"},"mod_toggles@common_toggles.light_ui_toggle1":{"$border_visible":false,"$toggle_name":"mod_buttons","$toggle_group_default_selected":"$default_selector_toggle_index","$default_selector_toggle_index":1,"$sound_volume|default":1,"$default_state_border_visible":false,"$hover_state_border_visible":false,"$pressed_state_border_visible":false,"$locked_state_border_visible":false,"$radio_toggle_group":false,"$button_binding_condition|default":"none","$button_offset|default":[0,0],"$button_text_binding_type|default":"none","$button_text_grid_collection_name|default":"","$button_text|default":"","$button_type_panel":"common_toggles.toggle_content","$pressed_alpha|default":1},"page_button@common_toggles.light_ui_toggle1":{"$button_type_panel":"common_toggles.button_label","$default_texture":".light/textures/buttons/default","$hover_texture":".light/textures/buttons/hover","$pressed_texture":".light/textures/buttons/hover","$pressed_no_hover_texture":".light/textures/buttons/hover","$locked_texture":".light/textures/buttons/hover","$radio_toggle_group":true,"$toggle_group_default_selected":1,"$toggle_tab_focus_binding_type":"global","$toggle_on_hover_binding_type":"global","$toggle_on_hover_binding_name":"#toggle_on_hover","toggle_group_forced_index":"$tab_next","controls":[{"left_tab":{"$toggle_view_binding_name":"$toggle_view_binding_name_left","$tab_next":"$left_tab_page"}},{"right_tab":{"$toggle_view_binding_name":"$toggle_view_binding_name_right","$tab_next":"$right_tab_page"}}]},"light_template_toggle1@common.toggle":{"toggle_default_state":"$toggle_tags","$checked_control|default":"common_toggles.toggle_checked","$checked_hover_control|default":"common_toggles.toggle_checked_hover","$checked_image|default":"common.empty_panel","$checked_locked_control|default":"common_toggles.toggle_locked","$checked_locked_hover_control|default":"common_toggles.toggle_locked","$custom_toggle_binding_condition|default":"visible","$custom_toggle_binding_type|default":"none","$custom_toggle_state_binding_name_override|default":"","$custom_toggle_state_binding_name|default":"","$default_border_color":"$light_border_toggle_default_color","$default_border_visible|default":false,"$default_checked_glyph_color|default":"$light_glyph_toggle_checked_default_color","$default_checked_text_color|default":"$light_toggle_checked_default_text_color","$default_checked_texture_alpha|default":1,"$default_checked_texture_color|default":"$f_color_format","$default_glyph_color|default":"$light_glyph_toggle_default_color","$default_state|default":false,"$default_text_color|default":"$light_toggle_default_text_color","$default_texture_alpha|default":1,"$default_texture_color|default":"$f_color_format","$default_texture|default":".light/textures/buttons/default","$enable_focus_enabled_bind|default":false,"$enable_focus_id_bind|default":false,"$enable_hover_event_mapping|default":false,"$focus_enabled_binding_name|default":"","$focus_id_binding_name|default":"","$hover_border_color":"$light_border_toggle_hover_color","$hover_border_visible|default":false,"$hover_checked_glyph_color|default":"$light_glyph_toggle_checked_hover_color","$hover_checked_text_color|default":"$light_toggle_checked_hover_text_color","$hover_checked_texture_alpha|default":1,"$hover_checked_texture_color|default":"$f_color_format","$hover_glyph_color|default":"$light_glyph_toggle_hover_color","$hover_state|default":false,"$hover_text_color|default":"$light_toggle_hover_text_color","$hover_texture_alpha|default":1,"$hover_texture_color|default":"$f_color_format","$hover_texture|default":".light/textures/buttons/hover","$is_back_button|default":false,"$locked_alpha":1,"$locked_state|default":false,"$pressed_texture|default":".light/textures/buttons/hover","$pressed_no_hover_texture|default":".light/textures/buttons/hover","$locked_texture|default":".light/textures/buttons/hover","$pressed_state|default":false,"$toggle_binding_type|default":"none","$toggle_checked_hover|default":false,"$toggle_checked|default":false,"$toggle_enabled_binding_type|default":"none","$toggle_focus_magnet_enabled|default":true,"$toggle_focus_wrap_enabled|default":true,"$toggle_hover_event_mapping|default":"","$toggle_on_hover_binding_name|default":"","$toggle_on_hover_binding_type|default":"none","$toggle_parent_collection_details_name|default":"","$toggle_parent_collection_details_prefix|default":"","$toggle_parent_collection_details|default":"none","$toggle_property_bag_binding_condition|default":"visible","$toggle_property_bag_binding_name|default":"#fill_toggle_property_bag","$toggle_property_bag_binding_type|default":"none","$toggle_tab_focus_binding_name|default":"","$toggle_tab_focus_binding_type|default":"none","$toggle_tab_focus_id_binding_name|default":"","$toggle_tab_focus_id_binding_type|default":"none","$toggle_tab_focus_override_down_binding_type|default":"none","$toggle_tab_focus_override_down|default":"#focus_override_down","$toggle_tab_focus_override_left_binding_type|default":"none","$toggle_tab_focus_override_left|default":"#focus_override_left","$toggle_tab_focus_override_right_binding_type|default":"none","$toggle_tab_focus_override_right|default":"#focus_override_right","$toggle_tab_focus_override_up_binding_type|default":"none","$toggle_tab_focus_override_up|default":"#focus_override_up","$toggle_tts_header_binding_collection_name|default":"","$toggle_tts_header_binding_condition|default":"visible","$toggle_tts_header_binding_type|default":"none","$toggle_tts_header|default":"","$toggle_unchecked_hover|default":false,"$toggle_unchecked|default":false,"$unchecked_control|default":"common_toggles.toggle_unchecked","$unchecked_hover_control|default":"common_toggles.toggle_unchecked_hover","$unchecked_image|default":"common.empty_panel","$unchecked_locked_control|default":"common_toggles.toggle_locked","$unchecked_locked_hover_control|default":"common_toggles.toggle_locked","button_mappings":"$button_mappings","focus_magnet_enabled":"$toggle_focus_magnet_enabled","focus_wrap_enabled":"$toggle_focus_wrap_enabled","$border_visible":false,"$default_state_border_visible":false,"$hover_state_border_visible":false,"$pressed_state_border_visible":false,"$locked_state_border_visible":false,"$button_mappings|default":[{"from_button_id":"button.menu_select","mapping_type":"pressed","to_button_id":"button.menu_select"},{"from_button_id":"button.menu_ok","mapping_type":"focused","to_button_id":"button.menu_ok"},{"from_button_id":"button.menu_left","ignored":"(not $enable_directional_toggling)","input_mode_condition":"gamepad_and_not_gaze","mapping_type":"pressed","to_button_id":"$toggle_off_button"},{"from_button_id":"button.menu_right","ignored":"(not $enable_directional_toggling)","input_mode_condition":"gamepad_and_not_gaze","mapping_type":"pressed","to_button_id":"$toggle_on_button"},{"ignored":"(not $enable_hover_event_mapping)","mapping_type":"pressed","to_button_id":"$toggle_hover_event_mapping"},{"ignored":"(not $is_back_button)","from_button_id":"button.menu_cancel","to_button_id":"button.menu_select","mapping_type":"global"}]},"toggle_content":{"type":"panel","layer":5,"controls":[{"button_label@common_toggles.button_label":{}},{"button_icon@common_toggles.button_icon2":{}}]},"button_label":{"layer":5,"offset":"$label_offset","shadow":true,"text":"$button_text","type":"label","color":"white"},"button_icon":{"type":"image","texture":"$button_icon","layer":5,"offset":"$icon_offset","size":[16,16]},"button_icon2":{"type":"image","texture":"$button_icon","anchor_from":"left_middle","anchor_to":"left_middle","layer":5,"offset":"$icon_offset","size":[16,16]},"toggle_image_control":{"type":"panel","controls":[{"image":{"type":"image","size":["75%","75%"],"color":"$color","layer":101,"$color | default":[1,1,1],"texture":"$button_icon","bindings":[{"binding_name":"$button_icon"}]}}]}}