{
    "namespace": "light_progress",
    "progress_bg": {
        "layer": 1,
        "size": [
            "100%",
            "100%"
        ],
        "texture": ".light/textures/progress/progress",
        "type": "image",
        "alpha": 0.65,
        "controls": [
            {
                "icon@common_art.title_panel_content": {
                    "offset": [
                        0,
                        16
                    ],
                    "anchor_from": "top_middle",
                    "anchor_to": "top_middle"
                }
            }
        ]
    },
    "progress_bar": {
        "anims": [
            "@light_progress.progress_bar_anim_1"
        ],
        "layer": 2,
        "size": [
            50,
            20
        ],
        "texture": ".light/textures/bg/secondary_bg",
        "alpha": 0.65,
        "type": "image"
    },
    "progress_content": {
        "size": [
            "100%",
            "100%"
        ],
        "type": "panel",
        "controls": [
            {
                "progress_panel": {
                    "size": [
                        200,
                        150
                    ],
                    "type": "panel",
                    "controls": [
                        {
                            "@progress_bg": {}
                        },
                        {
                            "@progress_bar": {}
                        },
                        {
                            "popup_dialog_factory@progress.popup_dialog_factory": {}
                        },
                        {
                            "@bottom_panel": {
                                "type": "stack_panel",
                                "orientation": "horizontal",
                                "size": [
                                    "100%c",
                                    10
                                ],
                                "anchor_from": "bottom_middle",
                                "anchor_to": "bottom_middle",
                                "offset": [
                                    0,
                                    -25
                                ],
                                "layer": 10,
                                "controls": [
                                    {
                                        "spinner@common_store.progress_loading_spinner": {
                                            "layer": 10,
                                            "size": [
                                                10,
                                                10
                                            ]
                                        }
                                    },
                                    {
                                        "padding": {
                                            "type": "panel",
                                            "size": [
                                                2,
                                                2
                                            ],
                                            "bindings": [
                                                {
                                                    "binding_name": "(not (#title_text = ''))",
                                                    "binding_name_override": "#visible"
                                                }
                                            ]
                                        }
                                    },
                                    {
                                        "@light_progress_percentage.progress_percentage": {
                                            "size": [
                                                24,
                                                "default"
                                            ],
                                            "layer": 10,
                                            "$percentage_visible|desfault": true,
                                            "visible": "$percentage_visible",
                                            "text_alignment": "center"
                                        }
                                    },
                                    {
                                        "progresstext@light_progress.text": {
                                            "$text": "#title_text",
                                            "layer": 10,
                                            "bindings": [
                                                {
                                                    "binding_name": "#title_text"
                                                }
                                            ],
                                            "size": [
                                                "default",
                                                10
                                            ]
                                        }
                                    }
                                ]
                            }
                        }
                    ]
                }
            },
            {
                "bg@light_bg.light_bg": {}
            }
        ]
    },
    "text": {
        "type": "label",
        "font_type": "Inter-Medium",
        "size": [
            "100%",
            "default"
        ],
        "layer": 10,
        "font_scale_factor": 1,
        "text": "$text",
        "text_alignment": "center",
        "shadow": false,
        "color": "white"
    },
    "progress_bar_anim_0": {
        "anim_type": "offset",
        "duration": 0.25,
        "easing": "linear",
        "from": [
            -70,
            15
        ],
        "next": "@light_progress.progress_bar_anim_1",
        "to": [
            -60,
            15
        ]
    },
    "progress_bar_anim_1": {
        "anim_type": "offset",
        "duration": 0.25,
        "easing": "linear",
        "from": [
            -60,
            15
        ],
        "next": "@light_progress.progress_bar_anim_2",
        "to": [
            -40,
            15
        ]
    },
    "progress_bar_anim_2": {
        "anim_type": "offset",
        "duration": 0.25,
        "easing": "linear",
        "from": [
            -40,
            15
        ],
        "next": "@light_progress.progress_bar_anim_3",
        "to": [
            -20,
            15
        ]
    },
    "progress_bar_anim_3": {
        "anim_type": "offset",
        "duration": 0.25,
        "easing": "linear",
        "from": [
            -20,
            15
        ],
        "next": "@light_progress.progress_bar_anim_4",
        "to": [
            0,
            15
        ]
    },
    "progress_bar_anim_4": {
        "anim_type": "offset",
        "duration": 0.25,
        "easing": "linear",
        "from": [
            20,
            15
        ],
        "next": "@light_progress.progress_bar_anim_5",
        "to": [
            40,
            15
        ]
    },
    "progress_bar_anim_5": {
        "anim_type": "offset",
        "duration": 0.25,
        "easing": "linear",
        "from": [
            40,
            15
        ],
        "next": "@light_progress.progress_bar_anim_6",
        "to": [
            60,
            15
        ]
    },
    "progress_bar_anim_6": {
        "anim_type": "offset",
        "duration": 0.25,
        "easing": "linear",
        "from": [
            60,
            15
        ],
        "next": "@light_progress.progress_bar_anim_7",
        "to": [
            70,
            15
        ]
    },
    "progress_bar_anim_7": {
        "anim_type": "offset",
        "duration": 0.25,
        "easing": "linear",
        "from": [
            70,
            15
        ],
        "next": "@light_progress.progress_bar_anim_8",
        "to": [
            60,
            15
        ]
    },
    "progress_bar_anim_8": {
        "anim_type": "offset",
        "duration": 0.25,
        "easing": "linear",
        "from": [
            60,
            15
        ],
        "next": "@light_progress.progress_bar_anim_9",
        "to": [
            40,
            15
        ]
    },
    "progress_bar_anim_9": {
        "anim_type": "offset",
        "duration": 0.25,
        "easing": "linear",
        "from": [
            40,
            15
        ],
        "next": "@light_progress.progress_bar_anim_10",
        "to": [
            20,
            15
        ]
    },
    "progress_bar_anim_10": {
        "anim_type": "offset",
        "duration": 0.25,
        "easing": "linear",
        "from": [
            20,
            15
        ],
        "next": "@light_progress.progress_bar_anim_11",
        "to": [
            0,
            15
        ]
    },
    "progress_bar_anim_11": {
        "anim_type": "offset",
        "duration": 0.25,
        "easing": "linear",
        "from": [
            0,
            15
        ],
        "next": "@light_progress.progress_bar_anim_12",
        "to": [
            -20,
            15
        ]
    },
    "progress_bar_anim_12": {
        "anim_type": "offset",
        "duration": 0.25,
        "easing": "linear",
        "from": [
            -20,
            15
        ],
        "next": "@light_progress.progress_bar_anim_13",
        "to": [
            -40,
            15
        ]
    },
    "progress_bar_anim_13": {
        "anim_type": "offset",
        "duration": 0.25,
        "easing": "linear",
        "from": [
            -40,
            15
        ],
        "next": "@light_progress.progress_bar_anim_14",
        "to": [
            -60,
            15
        ]
    },
    "progress_bar_anim_14": {
        "anim_type": "offset",
        "duration": 0.25,
        "easing": "linear",
        "from": [
            -60,
            15
        ],
        "next": "@light_progress.progress_bar_anim_0",
        "to": [
            -70,
            15
        ]
    }
}