{
    "trade_toggle_holder": {
        "controls": [
            {
                "trade_toggle@trade2.trade_toggle": {
                    "anchor_from": "top_middle",
                    "anchor_to": "top_middle",
                    "bindings": [
                        {
                            "binding_type": "view",
                            "source_control_name": "items_search",
                            "source_property_name": "(#item_name = '')",
                            "target_property_name": "#visible"
                        }
                    ]
                }
            },
            {
                "grid": {
                    "type": "grid",
                    "size": [
                        "100%",
                        "100%c"
                    ],
                    "grid_dimensions": [
                        1,
                        1
                    ],
                    "collection_name": "sell_item",
                    "controls": [
                        {
                            "trade_toggle@trade2.trade_toggle": {
                                "anchor_from": "top_middle",
                                "anchor_to": "top_middle",
                                "bindings": [
                                    {
                                        "binding_type": "collection_details"
                                    },
                                    {
                                        "binding_name": "#hover_text"
                                    },
                                    {
                                        "binding_type": "view",
                                        "source_control_name": "items_search",
                                        "source_property_name": "#item_name",
                                        "target_property_name": "#filter"
                                    },
                                    {
                                        "binding_type": "view",
                                        "source_property_name": "(not((#hover_text - #filter) = #hover_text))",
                                        "target_property_name": "#visible"
                                    }
                                ]
                            }
                        }
                    ],
                    "bindings": [
                        {
                            "binding_type": "view",
                            "source_control_name": "items_search",
                            "source_property_name": "(not(#item_name = ''))",
                            "target_property_name": "#visible"
                        }
                    ]
                }
            }
        ]
    },
    "tier_stack_panel/tier_label_holder": {
        "bindings": [
            {
                "binding_name": "#show_level"
            },
            {
                "binding_type": "view",
                "source_control_name": "items_search",
                "source_property_name": "#item_name",
                "target_property_name": "#filter"
            },
            {
                "binding_type": "view",
                "source_property_name": "((#filter = '') and #show_level)",
                "target_property_name": "#visible"
            }
        ]
    },
    "enchanted_book_shortcut@common.dialog_background_hollow_3": {
        "$collection_name": "trade_tiers",
        "max_size": [
            138,
            166
        ],
        "size": [
            "100%c",
            166
        ],
        "controls": [
            {
                "label": {
                    "type": "label",
                    "offset": [
                        28,
                        8
                    ],
                    "size": [
                        "100%sm",
                        "100%sm"
                    ],
                    "color": "$title_text_color",
                    "text": "stat.itemEnchanted",
                    "anchor_from": "top_middle",
                    "anchor_to": "top_middle"
                }
            },
            {
                "enchanted_book_tiers": {
                    "type": "stack_panel",
                    "offset": [
                        0,
                        23
                    ],
                    "max_size": [
                        138,
                        166
                    ],
                    "orientation": "vertical",
                    "size": [
                        "100%c",
                        "100%"
                    ],
                    "factory": {
                        "name": "selected_pack_factory",
                        "control_name": "trade2.enchanted_book_toggle_stack"
                    },
                    "collection_name": "$collection_name",
                    "bindings": [
                        {
                            "binding_name": "#trade_selector_total",
                            "binding_name_override": "#collection_length"
                        }
                    ]
                }
            }
        ]
    },
    "enchanted_book_toggle_stack": {
        "type": "stack_panel",
        "orientation": "vertical",
        "max_size": [
            138,
            24
        ],
        "size": [
            "100%c",
            "default"
        ],
        "factory": {
            "name": "selected_pack_factory",
            "control_name": "trade2.enchanted_book_toggle_holder"
        },
        "$trade_collection_name": "trades",
        "collection_name": "$trade_collection_name",
        "bindings": [
            {
                "binding_name": "#trade_tier_total",
                "binding_name_override": "#collection_length",
                "binding_type": "collection",
                "binding_collection_name": "$collection_name"
            }
        ]
    },
    "enchanted_book_toggle_holder": {
        "type": "panel",
        "max_size": [
            138,
            24
        ],
        "size": [
            "100%c",
            "100%c + 0.5px"
        ],
        "controls": [
            {
                "grid": {
                    "type": "grid",
                    "max_size": [
                        138,
                        24
                    ],
                    "size": [
                        "100%c",
                        "100%c"
                    ],
                    "grid_dimensions": [
                        1,
                        1
                    ],
                    "collection_name": "sell_item",
                    "controls": [
                        {
                            "toggle_holder": {
                                "size": [
                                    138,
                                    24
                                ],
                                "type": "panel",
                                "anchor_from": "top_middle",
                                "anchor_to": "top_middle",
                                "controls": [
                                    {
                                        "trade_toggle@trade2.trade_toggle": {
                                            "size": [
                                                122,
                                                24
                                            ],
                                            "max_size": [
                                                122,
                                                24
                                            ],
                                            "$checked_control": "trade2.custom_toggle_checked",
                                            "$unchecked_control": "trade2.custom_toggle_unchecked",
                                            "$button_content": "trade2.enchanted_content_holder",
                                            "anchor_from": "top_middle",
                                            "anchor_to": "top_middle"
                                        }
                                    }
                                ],
                                "bindings": [
                                    {
                                        "binding_type": "collection_details"
                                    },
                                    {
                                        "binding_name": "#hover_text"
                                    },
                                    {
                                        "binding_type": "view",
                                        "source_property_name": "(not((#hover_text-'§e'-'§b'-'§d')=#hover_text))",
                                        "target_property_name": "#visible"
                                    }
                                ]
                            }
                        }
                    ]
                }
            }
        ]
    },
    "custom_toggle_unchecked": {
        "type": "panel",
        "controls": [
            {
                "toggle_checked_normal@common_toggles.toggle_unchecked": {
                    "$new_ui_button_texture": "textures/ui/button_borderless_dark",
                    "bindings": [
                        {
                            "binding_type": "collection_details"
                        },
                        {
                            "binding_name": "#trade_possible",
                            "binding_name_override": "#visible"
                        }
                    ]
                }
            },
            {
                "toggle_checked_red@common_toggles.toggle_unchecked": {
                    "$new_ui_button_texture": "textures/ui/button_trade_red",
                    "bindings": [
                        {
                            "binding_type": "collection_details"
                        },
                        {
                            "binding_name": "(not #trade_possible)",
                            "binding_name_override": "#visible"
                        }
                    ]
                }
            }
        ]
    },
    "custom_toggle_checked": {
        "type": "panel",
        "controls": [
            {
                "toggle_checked_normal@common_toggles.toggle_checked": {
                    "$new_ui_button_texture": "textures/ui/button_borderless_darkpressed",
                    "bindings": [
                        {
                            "binding_type": "collection_details"
                        },
                        {
                            "binding_name": "#trade_possible",
                            "binding_name_override": "#visible"
                        }
                    ]
                }
            },
            {
                "toggle_checked_red@common_toggles.toggle_checked": {
                    "$new_ui_button_texture": "textures/ui/button_trade_red_pressed",
                    "bindings": [
                        {
                            "binding_type": "collection_details"
                        },
                        {
                            "binding_name": "(not #trade_possible)",
                            "binding_name_override": "#visible"
                        }
                    ]
                }
            }
        ]
    },
    "enchanted_content_holder": {
        "type": "stack_panel",
        "orientation": "horizontal",
        "size": [
            "100%c",
            "100%"
        ],
        "anchor_from": "left_middle",
        "anchor_to": "left_middle",
        "controls": [
            {
                "single_item_grid@single_item_grid": {
                    "size": [
                        16,
                        16
                    ]
                }
            },
            {
                "text": {
                    "type": "label",
                    "text": "#hover_text",
                    "max_size": [
                        104,
                        24
                    ],
                    "bindings": [
                        {
                            "binding_type": "collection_details"
                        },
                        {
                            "binding_name": "#hover_text"
                        }
                    ]
                }
            }
        ]
    },
    "screen_stack_panel": {
        "controls": [
            {
                "left_panel@trade2.left_panel": {}
            },
            {
                "center_fold@trade2.center_fold": {}
            },
            {
                "right_panel@trade2.right_panel": {}
            },
            {
                "enchanted@trade2.enchanted_book_shortcut": {}
            },
            {
                "toolbar_anchor@trade2.toolbar_anchor": {}
            }
        ]
    },
    "trade_toggle": {
        "$toggle_enabled_binding_name": "",
        "$toggle_enabled_binding_condition": "always",
        "$unchecked_control": "trade2.trade_toggle_unchecked",
        "$checked_control": "trade2.trade_toggle_checked",
        "$unchecked_locked_control": "trade2.trade_toggle_unchecked",
        "$unchecked_locked_hover_control": "trade2.toggle_unchecked_hover",
        "$checked_locked_control": "trade2.trade_toggle_checked",
        "$checked_locked_hover_control": "trade2.toggle_checked_hover",
        "property_bag": {
            "#collection_name": "trade2_result_item"
        },
        "button_mappings": [
            {
                "from_button_id": "button.menu_select",
                "to_button_id": "button.container_auto_place",
                "mapping_type": "double_pressed"
            },
            {
                "from_button_id": "button.menu_ok",
                "to_button_id": "button.container_auto_place",
                "mapping_type": "double_pressed"
            }
        ]
    },
    "tier_stack_panel": {
        "bindings": []
    },
    "hover_button": {
        "bindings": []
    },
    "arrow_holder/arrow_image": {
        "bindings": []
    },
    "arrow_holder": {
        "modifications": [
            {
                "control_name": "lock_image",
                "operation": "remove"
            }
        ]
    },
    "quck_trade": {
        "type": "button",
        "always_accepts_input": true,
        "size": [
            "100% + 3px",
            "100%"
        ],
        "hover_control": "quick_trade_tooltip",
        "pressed_control": "quick_trade_tooltip",
        "property_bag": {
            "#collection_name": "trade2_result_item"
        },
        "button_mappings": [
            {
                "from_button_id": "button.menu_select",
                "to_button_id": "button.container_auto_place",
                "mapping_type": "double_pressed"
            },
            {
                "from_button_id": "button.menu_ok",
                "to_button_id": "button.container_auto_place",
                "mapping_type": "double_pressed"
            }
        ],
        "bindings": [
            {
                "binding_name": "#trade_button_enabled",
                "binding_name_override": "#enabled"
            },
            {
                "binding_name": "#trade_button_enabled",
                "binding_name_override": "#visible"
            }
        ],
        "controls": [
            {
                "quick_trade_tooltip": {
                    "type": "screen",
                    "size": [
                        0,
                        0
                    ],
                    "follows_cursor": true,
                    "controls": [
                        {
                            "item_panel_image": {
                                "type": "image",
                                "offset": [
                                    90,
                                    -4
                                ],
                                "size": [
                                    "100%c + 8px",
                                    "100%c + 8px"
                                ],
                                "layer": 30,
                                "texture": "textures/ui/purpleBorder",
                                "controls": [
                                    {
                                        "item_text_label": {
                                            "type": "label",
                                            "layer": 1,
                                            "text": "Double click here to quick trade",
                                            "color": "$item_hover_text_color"
                                        }
                                    }
                                ]
                            }
                        }
                    ]
                }
            }
        ]
    },
    "item_slots_stack_panel/pointing_right_arrow_holder": {
        "modifications": [
            {
                "array_name": "controls",
                "operation": "insert_front",
                "value": {
                    "quck_trade@quck_trade": {}
                }
            }
        ]
    },
    "item_slots_stack_panel/pointing_left_arrow_holder": {
        "modifications": [
            {
                "array_name": "controls",
                "operation": "insert_front",
                "value": {
                    "quck_trade@quck_trade": {}
                }
            }
        ]
    },
    "item_slots_stack_panel": {
        "size": [
            106,
            "100%cm"
        ]
    },
    "top_half_stack_panel": {
        "modifications": [
            {
                "control_name": "how_to_play_button_holder",
                "operation": "remove"
            }
        ]
    },
    "alpha_1": {
        "anim_type": "alpha",
        "from": 0,
        "to": 0,
        "duration": 15,
        "next": "@trade2.alpha_2"
    },
    "alpha_2": {
        "anim_type": "alpha",
        "from": 0,
        "to": 1,
        "duration": 0.2
    }
}