{
    "namespace": "common_toggles",
    "toggle_unchecked_hover_with_chevron@toggle_unchecked_hover": {
        "$default_texture|default": ".light/textures/buttons/default",
        "$hover_texture|default": ".light/textures/buttons/hover",
        "$pressed_texture|default": ".light/textures/buttons/hover",
        "$locked_texture|default": ".light/textures/buttons/hover",
        "$default_chevron": "$default_chevron_hover"
    },
    "toggle_checked_hover_with_chevron@toggle_checked_hover": {
        "$default_texture|default": ".light/textures/buttons/default",
        "$hover_texture|default": ".light/textures/buttons/hover",
        "$pressed_texture|default": ".light/textures/buttons/hover",
        "$locked_texture|default": ".light/textures/buttons/hover",
        "$default_chevron": "$default_chevron_nohover"
    },
    "dark_ui_toggle_collection@common_toggles.light_ui_toggle_collection": {
        "$default_texture|default": ".light/textures/buttons/default",
        "$hover_texture|default": ".light/textures/buttons/hover",
        "$pressed_texture|default": ".light/textures/buttons/hover",
        "$locked_texture|default": ".light/textures/buttons/hover",
        "locked_control": "locked",
        "$border_visible": false,
        "$default_state_border_visible": false,
        "$hover_state_border_visible": false,
        "$pressed_state_border_visible": false,
        "$locked_state_border_visible": false,
        "$default_border_visible": false,
        "$locked_alpha": 1
    }
}