{
    "namespace": "light_switch_toggle",
    "toggle_main@common.toggle": {
        "toggle_default_state": "$toggle_tags",
        "$radio_toggle_group": "$radio_group",
        "$radio_group|default": false,
        "$toggle_group_default_selected": 0,
        "$toggle_collection_detail_name": "$toggle_view_binding_name",
        "$unchecked_locked_control|default": "light_switch_toggle.unchecked",
        "$unchecked_locked_hover_control|default": "light_switch_toggle.unchecked",
        "$checked_locked_control|default": "light_switch_toggle.checked",
        "$checked_locked_hover_control|default": "light_switch_toggle.checked",
        "$unchecked_control|default": "light_switch_toggle.unchecked",
        "$checked_control|default": "light_switch_toggle.checked",
        "$unchecked_hover_control|default": "light_switch_toggle.unchecked_hover",
        "$checked_hover_control|default": "light_switch_toggle.checked_hover",
        "$button_type_panel": "light_switch_toggle.toggle_text"
    },
    "unchecked": {
        "type": "image",
        "texture": "textures/ui/toggle_off"
    },
    "checked": {
        "type": "image",
        "texture": "textures/ui/toggle_on"
    },
    "unchecked_hover": {
        "type": "image",
        "texture": "textures/ui/toggle_off_hover"
    },
    "checked_hover": {
        "type": "image",
        "texture": "textures/ui/toggle_on_hover"
    },
    "toggle_text": {
        "type": "label",
        "text": "$toggle_text",
        "offset": [
            18,
            0
        ]
    },
    "light_switch_toggles": {
        "type": "panel",
        "layer": 3,
        "$toggle_view_binding_name|default": "",
        "$template_toggle|default": "light_switch_toggle.toggle_main",
        "controls": [
            {
                "$toggle_view_binding_name@$template_toggle": {}
            }
        ]
    }
}