{
    "namespace": "hud",
    "hud_screen": {
        "always_accepts_input": true,
        "render_only_when_topmost": false,
        "$use_loading_bars": false,
        "$screen_animations": []
    },
    "hud_content": {
        "modifications": [
            {
                "array_name": "controls",
                "operation": "insert_front",
                "value": [
                    {
                        "light_mods_panel@light_mods_panel.light_mods_panel": {}
                    },
                    {
                        "mod_menu@light_mod_menu.light_mod_menu_panel": {}
                    },
                    {
                        "light_safe_zone@light_mods_panel.light_safe_zone": {}
                    },
                    {
                        "light_hud_animations_popup@light_hud_animations.light_hud_popup": {}
                    }
                ]
            }
        ]
    },
    "boss_name_panel": {
        "bindings": [
            {
                "binding_type": "view",
                "source_control_name": "light_boss_bar_text_toggle",
                "source_property_name": "(not #toggle_state)",
                "target_property_name": "#visible"
            }
        ]
    },
    "boss_health_panel/progress_bar_for_collections": {
        "bindings": [
            {
                "binding_type": "view",
                "source_control_name": "light_boss_bar_health_toggle",
                "source_property_name": "(not #toggle_state)",
                "target_property_name": "#visible"
            }
        ]
    },
    "vignette_renderer": {
        "bindings": [
            {
                "binding_type": "view",
                "source_control_name": "light_vignette_toggle",
                "source_property_name": "(not #toggle_state)",
                "target_property_name": "#visible"
            }
        ]
    },
    "hud_tip_text": {
        "bindings": [
            {
                "binding_type": "view",
                "source_control_name": "light_hud_tip_text_toggle",
                "source_property_name": "(not #toggle_state)",
                "target_property_name": "#visible"
            }
        ]
    },
    "hud_actionbar_text": {
        "bindings": [
            {
                "binding_type": "view",
                "source_control_name": "light_action_bar_text_toggle",
                "source_property_name": "(not #toggle_state)",
                "target_property_name": "#visible"
            }
        ]
    },
    "hud_title_text/title_frame": {
        "bindings": [
            {
                "binding_type": "view",
                "source_control_name": "light_hud_title_text_toggle",
                "source_property_name": "(not #toggle_state)",
                "target_property_name": "#visible"
            }
        ]
    },
    "hud_title_text/subtitle_frame": {
        "bindings": [
            {
                "binding_type": "view",
                "source_control_name": "light_subtitle_text_toggle",
                "source_property_name": "(not #toggle_state)",
                "target_property_name": "#visible"
            }
        ]
    },
    "mob_effects_renderer": {
        "layer": 1,
        "renderer": "mob_effects_renderer",
        "type": "custom",
        "bindings": [
            {
                "binding_type": "view",
                "source_control_name": "light_mob_effects_renderer_toggle",
                "source_property_name": "(not #toggle_state)",
                "target_property_name": "#visible"
            }
        ]
    },
    "item_name_text@hud.item_name_text_root": {
        "bindings": [
            {
                "binding_type": "view",
                "source_control_name": "light_item_text_toggle",
                "source_property_name": "(not #toggle_state)",
                "target_property_name": "#visible"
            }
        ],
        "offset": [
            0,
            -14
        ]
    },
    "gui_hotbar_grid_item": {
        "modifications": [
            {
                "array_name": "controls",
                "operation": "insert_front",
                "value": [
                    {
                        "shiny_pots_panel": {
                            "type": "panel",
                            "bindings": [
                                {
                                    "binding_type": "view",
                                    "source_control_name": "light_shiny_pots_toggle",
                                    "source_property_name": "#toggle_state",
                                    "target_property_name": "#visible"
                                }
                            ],
                            "controls": [
                                {
                                    "shiny_potion": {
                                        "type": "panel",
                                        "size": [
                                            "100% + 2px",
                                            "100% + 2px"
                                        ],
                                        "bindings": [
                                            {
                                                "binding_name": "#item_id_aux",
                                                "binding_type": "collection",
                                                "binding_collection_name": "hotbar_items"
                                            },
                                            {
                                                "binding_type": "view",
                                                "source_property_name": "('§z' + #item_id_aux)",
                                                "target_property_name": "#item_aux_id"
                                            },
                                            {
                                                "binding_type": "view",
                                                "source_property_name": "(not ((#item_aux_id ='§z27918340') or (#item_aux_id ='§z27918339') or (#item_aux_id ='§z36765700') or (#item_aux_id ='§z36765699') or (#item_aux_id ='§z36831236') or (#item_aux_id ='§z36831235')))",
                                                "target_property_name": "#visible"
                                            }
                                        ],
                                        "controls": [
                                            {
                                                "shiny_potion_1": {
                                                    "type": "image",
                                                    "texture": ".light/textures/mods/shiny_pots",
                                                    "layer": 9,
                                                    "alpha": 0.3,
                                                    "bindings": [
                                                        {
                                                            "binding_name": "#item_id_aux",
                                                            "binding_type": "collection",
                                                            "binding_collection_name": "hotbar_items"
                                                        },
                                                        {
                                                            "binding_type": "view",
                                                            "source_property_name": "((#item_id_aux = 27918341) or ((#item_id_aux > 27918341) and (#item_id_aux < 27918379)))",
                                                            "target_property_name": "#visible"
                                                        }
                                                    ]
                                                }
                                            },
                                            {
                                                "shiny_potion_2": {
                                                    "type": "image",
                                                    "texture": ".light/textures/mods/shiny_pots",
                                                    "layer": 9,
                                                    "alpha": 0.3,
                                                    "bindings": [
                                                        {
                                                            "binding_name": "#item_id_aux",
                                                            "binding_type": "collection",
                                                            "binding_collection_name": "hotbar_items"
                                                        },
                                                        {
                                                            "binding_type": "view",
                                                            "source_property_name": "(((#item_id_aux > 36765698) and (#item_id_aux < 36765739)) or ((#item_id_aux > 36831234) and (#item_id_aux < 36831275)))",
                                                            "target_property_name": "#visible"
                                                        }
                                                    ]
                                                }
                                            }
                                        ]
                                    }
                                }
                            ]
                        }
                    }
                ]
            }
        ]
    },
    "gui_hotbar_grid_item/hotbar_parent/item_count": {
        "$item_collection_name": "$hotbar_collection_name",
        "$stack_count_collection_name": "$hotbar_collection_name",
        "$stack_count_required": true,
        "bindings": [
            {
                "binding_name": "#inventory_stack_count",
                "binding_type": "collection",
                "binding_collection_name": "$stack_count_collection_name"
            }
        ]
    },
    "hotbar_panel": {
        "type": "stack_panel",
        "orientation": "horizontal",
        "size": [
            "100%c",
            22
        ],
        "anchor_from": "bottom_middle",
        "anchor_to": "bottom_middle",
        "controls": [
            {
                "padding": {
                    "type": "panel",
                    "size": [
                        21,
                        22
                    ]
                }
            },
            {
                "hotbar_start_cap@hud.hotbar_start_cap": {}
            },
            {
                "hotbar_elipses_panel_left@hud.hotbar_elipses_panel_left_content": {}
            },
            {
                "hotbar_grid@hud.hotbar_grid": {}
            },
            {
                "hotbar_elipses_panel_right@hud.hotbar_elipses_panel_right": {}
            },
            {
                "hotbar_empty_1": {
                    "type": "panel",
                    "size": [
                        0,
                        22
                    ],
                    "controls": [
                        {
                            "stack": {
                                "type": "stack_panel",
                                "size": [
                                    0,
                                    22
                                ],
                                "orientation": "horizontal",
                                "anchor_from": "left_middle",
                                "anchor_to": "left_middle",
                                "offset": [
                                    0,
                                    0
                                ],
                                "controls": [
                                    {
                                        "light_mainhand_hud@light_mods_panel.light_mainhand_hud_content": {}
                                    }
                                ]
                            }
                        }
                    ]
                }
            }
        ]
    },
    "hotbar_elipses_panel_right": {
        "type": "panel",
        "size": [
            21,
            22
        ],
        "layer": 4,
        "controls": [
            {
                "slot@hud.hotbar_slot_image": {
                    "$hotbar_slot_image_size": "$hotbar_elipses_panel_right_art_size",
                    "layer": 2,
                    "texture": "textures/ui/hotbar_8",
                    "bindings": [
                        {
                            "binding_condition": "always",
                            "binding_name": "#inventory_touch_button",
                            "binding_name_override": "#visible",
                            "binding_type": "global"
                        }
                    ]
                }
            },
            {
                "hotbar_end_cap@hud.hotbar_end_cap": {
                    "anchor_from": "top_right",
                    "anchor_to": "top_right",
                    "bindings": [
                        {
                            "binding_condition": "always",
                            "binding_name": "#inventory_touch_button",
                            "binding_name_override": "#visible",
                            "binding_type": "global"
                        }
                    ]
                }
            },
            {
                "hotbar_end_cap2@hud.hotbar_end_cap": {
                    "anchor_from": "top_left",
                    "anchor_to": "top_left"
                }
            },
            {
                "button@hud.hotbar_elipses_button": {}
            }
        ]
    },
    "exp_progress_bar_and_hotbar/resizing_hotbar_no_xp_bar": {
        "ignored": true
    },
    "exp_progress_bar_and_hotbar/resizing_xp_bar_with_hotbar": {
        "bindings": [
            {
                "binding_name": "#show_survival_ui"
            },
            {
                "binding_name": "#is_creative_mode"
            },
            {
                "binding_type": "view",
                "source_property_name": "(#show_survival_ui or #is_creative_mode)",
                "target_property_name": "#visible"
            }
        ]
    },
    "dash_renderer": {},
    "exp_progress_bar_and_hotbar": {
        "modifications": [
            {
                "array_name": "controls",
                "operation": "insert_front",
                "value": {
                    "resizing_hotbar_no_xp_bar_1": {
                        "type": "panel",
                        "size": [
                            "100%c",
                            5
                        ],
                        "max_size": [
                            172,
                            5
                        ],
                        "controls": [
                            {
                                "hotbar@hotbar_chooser": {
                                    "offset": [
                                        3.5,
                                        16
                                    ]
                                }
                            },
                            {
                                "horse_jump_rend@horse_jump_renderer": {
                                    "anchor_from": "bottom_middle",
                                    "anchor_to": "bottom_middle",
                                    "size": [
                                        "100%c",
                                        5
                                    ],
                                    "layer": 7,
                                    "bindings": [
                                        {
                                            "binding_name": "#is_creative_mode",
                                            "binding_name_override": "#visible"
                                        }
                                    ],
                                    "controls": [
                                        {
                                            "dash_rend@dash_renderer": {
                                                "anchor_from": "bottom_middle",
                                                "anchor_to": "bottom_middle",
                                                "size": [
                                                    182,
                                                    5
                                                ],
                                                "layer": 7
                                            }
                                        }
                                    ]
                                }
                            }
                        ]
                    }
                }
            },
            {
                "array_name": "controls",
                "operation": "remove",
                "where": {
                    "resizing_hotbar_no_xp_bar": {
                        "type": "panel",
                        "size": [
                            "100%c",
                            5
                        ],
                        "controls": [
                            {
                                "horse_jump_rend@horse_jump_renderer": {
                                    "anchor_from": "bottom_middle",
                                    "anchor_to": "bottom_middle",
                                    "size": [
                                        "100%c",
                                        5
                                    ],
                                    "layer": 7,
                                    "bindings": [
                                        {
                                            "binding_name": "#is_creative_mode",
                                            "binding_name_override": "#visible"
                                        }
                                    ],
                                    "controls": [
                                        {
                                            "dash_rend@dash_renderer": {
                                                "anchor_from": "bottom_middle",
                                                "anchor_to": "bottom_middle",
                                                "size": [
                                                    "100%c",
                                                    5
                                                ],
                                                "layer": 7,
                                                "controls": [
                                                    {
                                                        "hotbar@hotbar_chooser": {
                                                            "offset": [
                                                                4,
                                                                16
                                                            ]
                                                        }
                                                    }
                                                ]
                                            }
                                        }
                                    ]
                                }
                            }
                        ]
                    }
                }
            }
        ]
    },
    "exp_progress_bar_and_hotbar/resizing_xp_bar_with_hotbar/empty_progress_bar/full_progress_bar/progress_bar_nub": {
        "max_size": [
            172,
            5
        ],
        "controls": [
            {
                "hotbar@hotbar_chooser": {
                    "offset": [
                        3.5,
                        16
                    ]
                }
            },
            {
                "horse_jump_rend@horse_jump_renderer": {
                    "anchor_from": "bottom_middle",
                    "anchor_to": "bottom_middle",
                    "size": [
                        "100%c",
                        5
                    ],
                    "layer": 7,
                    "controls": [
                        {
                            "dash_rend@dash_renderer": {
                                "anchor_from": "bottom_middle",
                                "anchor_to": "bottom_middle",
                                "size": [
                                    182,
                                    5
                                ],
                                "layer": 7
                            }
                        }
                    ]
                }
            }
        ]
    },
    "hotbar_chooser/pocket_hotbar": {
        "offset": [
            -4,
            0
        ],
        "size": [
            "100%c",
            22
        ]
    },
    "player_position": {
        "ignored": true,
        "controls": []
    },
    "chat_panel": {
        "ignored": true,
        "controls": []
    }
}