{
    "play_screen": {
        "$screen_content": "light_play.light_play_content_panel",
        "$screen_bg_content": "light_bg.light_main_bg",
        "variables": []
    },
    "additional_server_info_panel@play.common_scroll_pane": {
        "bindings": [
            {
                "binding_name": "#is_network_available_and_multiplayer_visible",
                "binding_name_override": "#visible"
            }
        ],
        "controls": [
            {
                "server_info_stack_panel": {
                    "type": "stack_panel",
                    "orientation": "vertical",
                    "size": [
                        "100%- 2px",
                        "100%c + 1px"
                    ],
                    "anchor_from": "top_middle",
                    "anchor_to": "top_middle",
                    "controls": [
                        {
                            "padding_1": {
                                "type": "panel",
                                "size": [
                                    "100%",
                                    2
                                ]
                            }
                        },
                        {
                            "server_name@play.world_list_text": {
                                "text": "#info_additional_server_name",
                                "localize": false,
                                "color": "$main_header_text_color",
                                "font_type": "smooth",
                                "text_alignment": "left",
                                "size": [
                                    "100%",
                                    10
                                ],
                                "bindings": [
                                    {
                                        "binding_name": "#info_additional_server_name"
                                    }
                                ]
                            }
                        },
                        {
                            "padding_2": {
                                "type": "panel",
                                "size": [
                                    "100%",
                                    2
                                ]
                            }
                        },
                        {
                            "player_count@play.text_icon_number_panel": {
                                "$text_icon_number_text": "networkWorld.online",
                                "$text_icon_number_icon": "#server_player_count_icon",
                                "$text_icon_number_number": "#info_additional_server_player_count",
                                "$icon_size": [
                                    5,
                                    5
                                ]
                            }
                        },
                        {
                            "padding_3": {
                                "type": "panel",
                                "size": [
                                    "100%",
                                    2
                                ]
                            }
                        },
                        {
                            "ping@play.text_icon_number_panel": {
                                "$text_icon_number_text": "networkWorld.current_ping",
                                "$text_icon_number_icon": "#info_additional_server_ping_texture_name",
                                "$text_icon_number_number": "#info_additional_server_ping",
                                "$icon_size": [
                                    8,
                                    8
                                ],
                                "$ping_bindings": [
                                    {
                                        "binding_name": "#ping_ready_thirdparty",
                                        "binding_name_override": "#visible"
                                    }
                                ],
                                "$progress_panel": "play.small_progress_panel",
                                "$number_bindings": [
                                    {
                                        "binding_name": "$text_icon_number_number"
                                    },
                                    {
                                        "binding_name": "#ping_ready_external",
                                        "binding_name_override": "#visible"
                                    }
                                ]
                            }
                        },
                        {
                            "padding_4": {
                                "type": "panel",
                                "size": [
                                    "100%",
                                    2
                                ]
                            }
                        },
                        {
                            "join_server_button@light_buttons.main_button": {
                                "$pressed_button_name": "button.menu_network_server_item",
                                "$button_text": "networkWorld.join_server",
                                "$focus_override_left": "left_panel",
                                "size": [
                                    "100%",
                                    20
                                ]
                            }
                        }
                    ]
                }
            }
        ]
    },
    "third_party_server_info_panel@play.common_scroll_pane": {
        "bindings": [
            {
                "binding_name": "#featured_servers_visible_and_available",
                "binding_name_override": "#visible"
            }
        ],
        "controls": [
            {
                "server_info_stack_panel": {
                    "type": "stack_panel",
                    "orientation": "vertical",
                    "size": [
                        "100%- 2px",
                        "100%c + 1px"
                    ],
                    "anchor_from": "top_middle",
                    "anchor_to": "top_middle",
                    "bindings": [
                        {
                            "binding_name": "#is_server_info_available",
                            "binding_name_override": "#visible"
                        }
                    ],
                    "controls": [
                        {
                            "padding_0": {
                                "type": "panel",
                                "size": [
                                    "100%",
                                    4
                                ]
                            }
                        },
                        {
                            "server_screenshot": {
                                "type": "image",
                                "layer": 1,
                                "size": [
                                    "100%",
                                    "56.25%x"
                                ],
                                "bindings": [
                                    {
                                        "binding_name": "#info_third_party_server_logo_texture_path",
                                        "binding_name_override": "#texture"
                                    },
                                    {
                                        "binding_name": "#third_party_server_logo_resource_location",
                                        "binding_name_override": "#texture_file_system"
                                    },
                                    {
                                        "binding_name": "#third_party_server_logo_resource_location",
                                        "binding_type": "collection",
                                        "binding_name_override": "#texture_file_system",
                                        "binding_collection_name": "server_games_collection"
                                    },
                                    {
                                        "binding_name": "#info_third_party_screenshot_visible",
                                        "binding_name_override": "#visible"
                                    }
                                ]
                            }
                        },
                        {
                            "padding_1": {
                                "type": "panel",
                                "size": [
                                    "100%",
                                    2
                                ]
                            }
                        },
                        {
                            "server_name@play.world_list_text": {
                                "text": "#info_third_party_server_name",
                                "localize": false,
                                "color": "$main_header_text_color",
                                "font_type": "smooth",
                                "text_alignment": "left",
                                "size": [
                                    "100%",
                                    10
                                ],
                                "bindings": [
                                    {
                                        "binding_name": "#info_third_party_server_name"
                                    }
                                ]
                            }
                        },
                        {
                            "padding_2": {
                                "type": "panel",
                                "size": [
                                    "100%",
                                    2
                                ]
                            }
                        },
                        {
                            "player_count@play.text_icon_number_panel": {
                                "$text_icon_number_text": "networkWorld.online",
                                "$text_icon_number_icon": "#server_player_count_icon",
                                "$text_icon_number_number": "#info_third_party_server_player_count",
                                "$icon_size": [
                                    5,
                                    5
                                ]
                            }
                        },
                        {
                            "padding_3": {
                                "type": "panel",
                                "size": [
                                    "100%",
                                    2
                                ]
                            }
                        },
                        {
                            "ping@play.text_icon_number_panel": {
                                "$text_icon_number_text": "networkWorld.current_ping",
                                "$text_icon_number_icon": "#info_ping_texture_name",
                                "$text_icon_number_number": "#info_server_ping",
                                "$icon_size": [
                                    8,
                                    8
                                ],
                                "$ping_bindings": [
                                    {
                                        "binding_name": "#ping_ready_thirdparty",
                                        "binding_name_override": "#visible"
                                    }
                                ],
                                "$progress_panel": "play.small_progress_panel"
                            }
                        },
                        {
                            "padding_4": {
                                "type": "panel",
                                "size": [
                                    "100%",
                                    2
                                ]
                            }
                        },
                        {
                            "join_server_button@light_buttons.main_button": {
                                "$pressed_button_name": "button.connect_to_third_party_server",
                                "$button_text": "networkWorld.join_server",
                                "$focus_override_left": "left_panel",
                                "size": [
                                    "100%",
                                    20
                                ]
                            }
                        },
                        {
                            "view_offers_button@common_buttons.light_text_button": {
                                "$pressed_button_name": "button.view_third_party_server_offers",
                                "$button_text": "networkWorld.view_offers",
                                "$focus_override_left": "left_panel",
                                "size": [
                                    "100%",
                                    20
                                ],
                                "bindings": [
                                    {
                                        "binding_name": "#view_offers_visible",
                                        "binding_name_override": "#visible"
                                    }
                                ]
                            }
                        },
                        {
                            "padding_5": {
                                "type": "panel",
                                "size": [
                                    "100%",
                                    2
                                ]
                            }
                        },
                        {
                            "screenshots_section@play.screenshots_section_panel": {
                                "bindings": [
                                    {
                                        "binding_name": "#server_has_screenshots",
                                        "binding_name_override": "#visible"
                                    }
                                ]
                            }
                        },
                        {
                            "description_section@play.description_section_panel": {
                                "bindings": [
                                    {
                                        "binding_name": "#server_has_description",
                                        "binding_name_override": "#visible"
                                    }
                                ]
                            }
                        },
                        {
                            "games_section@play.games_section_panel": {
                                "bindings": [
                                    {
                                        "binding_name": "#server_has_games",
                                        "binding_name_override": "#visible"
                                    }
                                ]
                            }
                        },
                        {
                            "news_section@play.news_section_panel": {
                                "bindings": [
                                    {
                                        "binding_name": "#server_has_news",
                                        "binding_name_override": "#visible"
                                    }
                                ]
                            }
                        }
                    ]
                }
            },
            {
                "progress@progress.progress_loading_bars": {
                    "size": [
                        "100% - 8px",
                        15
                    ],
                    "offset": [
                        0,
                        8
                    ],
                    "layer": 5,
                    "color": "$dark_button_default_text_color",
                    "anchor_from": "top_middle",
                    "anchor_to": "top_middle",
                    "bindings": [
                        {
                            "binding_name": "(not #is_server_info_available)",
                            "binding_name_override": "#visible"
                        }
                    ]
                }
            }
        ]
    },
    "add_friend_button@light_buttons.main_button": {
        "layer": 2,
        "$pressed_button_name": "button.menu_network_add_friend",
        "$button_text": "networkWorld.add_friend",
        "$button_focus_precedence": 10,
        "$focus_override_up": "close_button"
    },
    "create_new_world_button@light_buttons.main_button": {
        "variables": [
            {
                "requires": "($local_world_upload)",
                "$pressed_button_name": "button.new_world_upload"
            },
            {
                "requires": "(not $local_world_upload)",
                "$pressed_button_name": "button.menu_local_world_create"
            },
            {
                "requires": "$is_editor_mode_enabled",
                "$button_text": "playscreen.editor.create"
            }
        ],
        "anchor_from": "top_left",
        "anchor_to": "top_left",
        "$button_text": "selectWorld.createNew",
        "$button_focus_precedence": 1,
        "$create_new_row_focus_override_up|default": "close_button",
        "$focus_override_up": "$create_new_row_focus_override_up",
        "layer": 1
    },
    "add_server_toggle_button@light_buttons.main_button": {
        "visible": "(not $ignore_add_servers)",
        "size": [
            "100%",
            20
        ],
        "anchor_from": "top_left",
        "anchor_to": "top_left",
        "layer": 2,
        "$button_text": "networkWorld.add_server",
        "$radio_toggle_group": true,
        "$toggle_name": "server_navigation_toggle",
        "$toggle_view_binding_name": "add_server_toggle_button",
        "$toggle_state_binding_name": "#toggle_state",
        "$toggle_on_hover_binding_name": "none",
        "$toggle_tab_focus_binding_type": "global",
        "$toggle_tab_focus_binding_name": "#navigation_tab_focus_precedence",
        "$toggle_group_forced_index": 100,
        "$focus_override_up": "left_panel",
        "bindings": [
            {
                "binding_name": "#add_server_enabled",
                "binding_name_override": "#enabled"
            }
        ]
    },
    "world_list_text@pl.lbl": {
        "color": "$dark_button_secondary_default_text_color",
        "shadow": false
    },
    "local_world_edit_button@light_image_buttons.main_button": {
        "size": [
            "100%y - 1px",
            "100%"
        ],
        "$pressed_button_name": "button.menu_local_world_item_edit",
        "$button_icon": ".light/textures/icons/edit_hud",
        "$custom_content": ".light/textures/icons/edit_hud",
        "$button_tts_header": "accessibility.play.editWorld",
        "layer": 2,
        "bindings": [
            {
                "binding_type": "collection_details",
                "binding_collection_name": "local_worlds"
            }
        ]
    },
    "cloud_upload_button@light_image_buttons.main_button": {
        "size": [
            "100%y - 1px",
            "100%"
        ],
        "$pressed_button_name": "button.cloud_upload",
        "$button_icon": "textures/ui/upload_glyph",
        "$custom_content": "play.upload_icon",
        "$button_tts_header": "accessibility.play.uploadWorld",
        "layer": 2,
        "bindings": [
            {
                "binding_type": "collection_details",
                "binding_collection_name": "local_worlds"
            }
        ]
    },
    "common_navigation_tab_content": {
        "type": "stack_panel",
        "size": [
            "100%-3px",
            "100% - 4px"
        ],
        "orientation": "horizontal",
        "controls": [
            {
                "icon_section": {
                    "type": "panel",
                    "size": [
                        "100%c",
                        "100%"
                    ],
                    "controls": [
                        {
                            "icon@$tab_icon": {
                                "layer": 2
                            }
                        }
                    ]
                }
            }
        ]
    },
    "friends_navigation_tab_content": {
        "type": "stack_panel",
        "size": [
            "100%-3px",
            "100% - 4px"
        ],
        "orientation": "horizontal",
        "controls": [
            {
                "icon_section": {
                    "type": "panel",
                    "size": [
                        "100%c",
                        "100%"
                    ],
                    "controls": [
                        {
                            "icon@$tab_icon": {
                                "layer": 2
                            }
                        }
                    ]
                }
            }
        ]
    }
}