{
    "namespace": "resource_packs",
    "resource_packs_toggle_button_control": {
        "type": "panel",
        "layer": 2,
        "controls": [
            {
                "tab_button_text": {
                    "type": "label",
                    "anchor_from": "center",
                    "anchor_to": "center",
                    "font_type": "Inter-Medium",
                    "text": "$button_text",
                    "layer": 3,
                    "color": "White",
                    "alpha": "$content_alpha"
                }
            }
        ]
    },
    "resource_packs_section_toggle_base@common_toggles.light_ui_toggle": {
        "anchor_from": "top_left",
        "anchor_to": "top_left",
        "$border_visible": false,
        "$hover_border_visible": false,
        "$default_state_border_visible": false,
        "$hover_state_border_visible": false,
        "$pressed_state_border_visible": false,
        "$locked_state_border_visible": false,
        "$default_border_visible": false,
        "$button_type_panel": "resource_packs.resource_packs_toggle_button_control",
        "$default_texture": ".light/textures/buttons/default",
        "$hover_texture": ".light/textures/buttons/hover",
        "$pressed_texture": ".light/textures/buttons/hover",
        "$pressed_no_hover_texture": ".light/textures/buttons/hover",
        "$locked_texture": ".light/textures/buttons/default",
        "$radio_toggle_group": true,
        "$toggle_name": "navigation_tab",
        "$toggle_group_default_selected": "$default_selector_toggle_index",
        "$toggle_tab_focus_binding_type": "global",
        "$toggle_tab_focus_binding_name": "#navigation_tab_focus_precedence",
        "$toggle_on_hover_binding_type": "global",
        "$toggle_on_hover_binding_name": "#toggle_on_hover",
        "$toggle_tts_override_toggle_value": " ",
        "$toggle_tts_name": "",
        "size": [
            "100%",
            "30px"
        ],
        "$button_size_override": [
            "100%",
            "100% + 1px"
        ]
    }
}