{
    "trade_slots_panel": {
        "modifications": [
            {
                "array_name": "controls",
                "operation": "insert_back",
                "value": [
                    {
                        "search_items@trade2.search_items": {
                            "size": [
                                "80%",
                                16
                            ],
                            "offset": [
                                0,
                                16
                            ],
                            "anchor_from": "top_middle",
                            "anchor_to": "top_middle"
                        }
                    },
                    {
                        "quick_loot_slider@common.quick_loot_slider": {
                            "size": [
                                "80%",
                                16
                            ],
                            "offset": [
                                0,
                                -16
                            ],
                            "ignored": false,
                            "anchor_from": "bottom_middle",
                            "anchor_to": "bottom_middle"
                        }
                    },
                    {
                        "quick_trade_label@common.quick_trade_label": {
                            "$title_text_color": "white",
                            "$label_offset": [
                                0,
                                -4
                            ],
                            "$quick_loot_label_anchor": "bottom_middle"
                        }
                    }
                ]
            }
        ]
    },
    "enchanted_book_shortcut@common.dialog_background_hollow_3": {
        "$collection_name": "trade_tiers",
        "size": [
            "100%",
            "100%"
        ],
        "controls": [
            {
                "label": {
                    "type": "label",
                    "offset": [
                        0,
                        8
                    ],
                    "color": "$title_text_color",
                    "text": "stat.itemEnchanted",
                    "anchor_from": "top_middle",
                    "anchor_to": "top_middle"
                }
            },
            {
                "enchanted_book_tiers": {
                    "type": "stack_panel",
                    "offset": [
                        0,
                        23
                    ],
                    "orientation": "vertical",
                    "size": [
                        "100% - 20px",
                        "100%"
                    ],
                    "factory": {
                        "name": "selected_pack_factory",
                        "control_name": "trade2_pocket.enchanted_book_toggle_stack"
                    },
                    "collection_name": "$collection_name",
                    "bindings": [
                        {
                            "binding_name": "#trade_selector_total",
                            "binding_name_override": "#collection_length"
                        }
                    ]
                }
            }
        ]
    },
    "enchanted_book_toggle_stack": {
        "type": "stack_panel",
        "orientation": "vertical",
        "size": [
            "100%",
            "100%c"
        ],
        "factory": {
            "name": "selected_pack_factory",
            "control_name": "trade2_pocket.enchanted_book_toggle_holder"
        },
        "$trade_collection_name": "trades",
        "collection_name": "$trade_collection_name",
        "bindings": [
            {
                "binding_name": "#trade_tier_total",
                "binding_name_override": "#collection_length",
                "binding_type": "collection",
                "binding_collection_name": "$collection_name"
            }
        ]
    },
    "enchanted_book_toggle_holder": {
        "type": "panel",
        "size": [
            "100%",
            "100%c + 0.5px"
        ],
        "controls": [
            {
                "grid": {
                    "type": "grid",
                    "size": [
                        "100%",
                        "100%c"
                    ],
                    "grid_dimensions": [
                        1,
                        1
                    ],
                    "collection_name": "sell_item",
                    "controls": [
                        {
                            "toggle_holder": {
                                "size": [
                                    "100%",
                                    24
                                ],
                                "type": "panel",
                                "anchor_from": "top_middle",
                                "anchor_to": "top_middle",
                                "controls": [
                                    {
                                        "trade_toggle@trade2.trade_toggle": {
                                            "size": [
                                                "100%",
                                                24
                                            ],
                                            "$checked_control": "trade2.custom_toggle_checked",
                                            "$unchecked_control": "trade2.custom_toggle_unchecked",
                                            "$button_content": "trade2_pocket.enchanted_content_holder",
                                            "anchor_from": "top_middle",
                                            "anchor_to": "top_middle"
                                        }
                                    }
                                ],
                                "bindings": [
                                    {
                                        "binding_type": "collection_details"
                                    },
                                    {
                                        "binding_name": "#hover_text"
                                    },
                                    {
                                        "binding_type": "view",
                                        "source_property_name": "(#ctrl and (not((#hover_text-'§e'-'§b'-'§d')=#hover_text)))",
                                        "target_property_name": "#visible"
                                    },
                                    {
                                        "binding_type": "view",
                                        "source_control_name": "enchanted_tab_toggle",
                                        "source_property_name": "#toggle_state",
                                        "target_property_name": "#ctrl"
                                    }
                                ]
                            }
                        }
                    ]
                }
            }
        ]
    },
    "enchanted_content_holder": {
        "type": "stack_panel",
        "orientation": "horizontal",
        "size": [
            "100%c",
            "100%"
        ],
        "anchor_from": "left_middle",
        "anchor_to": "left_middle",
        "controls": [
            {
                "single_item_grid@trade2.single_item_grid": {
                    "size": [
                        16,
                        16
                    ]
                }
            },
            {
                "text": {
                    "type": "label",
                    "text": "#hover_text",
                    "max_size": [
                        150,
                        24
                    ],
                    "offset": [
                        4,
                        0
                    ],
                    "bindings": [
                        {
                            "binding_type": "collection_details"
                        },
                        {
                            "binding_name": "#hover_text"
                        }
                    ]
                }
            }
        ]
    },
    "enchant_icon": {
        "type": "custom",
        "renderer": "enchanting_book_renderer",
        "bindings": [
            {
                "binding_type": "view",
                "source_control_name": "enchanted_tab_toggle",
                "source_property_name": "#toggle_state",
                "target_property_name": "#open"
            }
        ]
    },
    "custom_left_tab@common_tabs.pocket_tab_left": {
        "$toggle_name": "left_tab",
        "$radio_toggle_group": true
    },
    "left_tab_enchanted@custom_left_tab": {
        "$tab_view_binding_name": "enchanted_tab_toggle",
        "$toggle_group_forced_index": 2,
        "$tab_content": "trade2_pocket.enchant_icon"
    },
    "c_left_tab_trade@custom_left_tab": {
        "$toggle_default_state": true,
        "$tab_view_binding_name": "trade_tab_toggle",
        "$toggle_group_forced_index": 0,
        "$toggle_name": "left_tab",
        "$tab_content": "trade2_pocket.trade_icon"
    },
    "c_left_tab_inventory@custom_left_tab": {
        "$tab_view_binding_name": "inventory_left_tab_toggle",
        "$toggle_group_forced_index": 1,
        "$toggle_name": "left_tab",
        "$tab_content": "trade2_pocket.chest_item_renderer"
    },
    "left_navigation_tabs": {
        "controls": [
            {
                "left_tab_enchanted@trade2_pocket.left_tab_enchanted": {}
            },
            {
                "padding_0": {
                    "type": "panel",
                    "size": [
                        0,
                        1
                    ]
                }
            },
            {
                "c_left_tab_trades@trade2_pocket.c_left_tab_trade": {}
            },
            {
                "padding": {
                    "type": "panel",
                    "size": [
                        0,
                        1
                    ]
                }
            },
            {
                "c_left_tab_inventory@trade2_pocket.c_left_tab_inventory": {
                    "$is_bottom_most_tab": true
                }
            }
        ]
    },
    "left_panel/content": {
        "modifications": [
            {
                "array_name": "controls",
                "operation": "insert_back",
                "value": {
                    "enchanted_book_shortcut@trade2_pocket.enchanted_book_shortcut": {}
                }
            }
        ]
    },
    "left_panel/content/inventory_scroll_panel": {
        "bindings": [
            {
                "binding_type": "view",
                "source_control_name": "inventory_left_tab_toggle",
                "source_property_name": "#toggle_state",
                "target_property_name": "#visible"
            }
        ]
    },
    "left_panel/content/trade_scroll_panel": {
        "bindings": [
            {
                "binding_type": "view",
                "source_control_name": "trade_tab_toggle",
                "source_property_name": "#toggle_state",
                "target_property_name": "#visible"
            }
        ]
    },
    "arrow_holder/arrow_image": {
        "bindings": []
    },
    "arrow_holder": {
        "modifications": [
            {
                "control_name": "lock_image",
                "operation": "remove"
            }
        ]
    },
    "trade_and_help_buttons/how_to_play_button_holder/how_to_play_button": {
        "$button_text": "64",
        "property_bag": {
            "#collection_name": "trade2_result_item"
        },
        "button_mappings": [
            {
                "from_button_id": "button.menu_select",
                "to_button_id": "button.container_auto_place",
                "mapping_type": "pressed"
            },
            {
                "from_button_id": "button.menu_ok",
                "to_button_id": "button.container_auto_place",
                "mapping_type": "pressed"
            }
        ]
    },
    "screen_panel": {
        "$ignore_quick_loot": false
    }
}