{
    "namespace": "common",
    "scroll_box/box": {
        "modifications": [
            {
                "control_name": "touch_box",
                "operation": "remove"
            }
        ]
    },
    "scroll_box/box/mouse_box": {
        "ignored": false
    },
    "scrolling_panel": {
        "modifications": [
            {
                "control_name": "scroll_touch",
                "operation": "remove"
            }
        ]
    },
    "scrolling_panel/scroll_mouse": {
        "ignored": false
    },
    "container_scroll_box_image": {
        "type": "image",
        "texture": ".light/textures/common/ScrollBox"
    },
    "scrollbar_box_image": {
        "type": "image",
        "texture": ".light/textures/common/ScrollHandle",
        "size": [
            5,
            "100%"
        ],
        "layer": 4
    },
    "slider_background": {
        "type": "image",
        "layer": 9,
        "size": [
            "100%",
            16
        ],
        "alpha": 0.65,
        "texture": ".light/textures/bg/secondary_bg"
    },
    "slider_step": {
        "type": "image",
        "size": [
            2,
            6
        ],
        "layer": 15,
        "offset": "$step_offset",
        "alpha": 0.65,
        "texture": "textures/ui/Black"
    },
    "slider_step_hover@light_slider.step": {
        "texture": "textures/ui/Black"
    },
    "slider_step_progress@light_slider.step": {
        "texture": "textures/ui/Black"
    },
    "slider_step_progress_hover@light_slider.step": {
        "texture": "textures/ui/Black"
    },
    "slider_progress": {
        "type": "image",
        "layer": 10,
        "size": [
            "100%",
            16
        ],
        "alpha": 1,
        "texture": ".light/textures/bg/base_bg"
    },
    "slider_button_layout@light_slider.slider_button_state": {
        "alpha": 0.65,
        "texture": ".light/textures/bg/base_bg"
    },
    "slider_button_hover_layout@light_slider.slider_button_state": {
        "texture": ".light/textures/bg/base_bg"
    },
    "slider_button_locked_layout@light_slider.slider_button_state": {
        "texture": ".light/textures/bg/base_bg"
    },
    "slider_button_indent_layout@light_slider.slider_button_state": {
        "texture": ".light/textures/bg/base_bg"
    },
    "slider_button_state": {
        "type": "image",
        "layer": 2,
        "alpha": 0.65,
        "size": [
            20,
            20
        ],
        "texture": ".light/textures/bg/base_bg"
    },
    "slider_bar_default@slider_bar": {
        "$background_control": "light_slider.slider_background",
        "$progress_control": "light_slider.slider_progress",
        "$background_control_name": "slider_background",
        "$progress_control_name": "slider_progress"
    },
    "slider_bar_hover@slider_bar": {
        "color": "$slider_hover_border_color",
        "$background_control": "light_slider.slider_background",
        "$progress_control": "light_slider.slider_progress",
        "$background_control_name": "slider_background_hover",
        "$progress_control_name": "slider_progress_hover"
    },
    "slider_bar": {
        "type": "panel",
        "controls": [
            {
                "sizing_panel": {
                    "type": "panel",
                    "controls": [
                        {
                            "$background_control_name@$background_control": {
                                "layer": 1
                            }
                        },
                        {
                            "$progress_control_name@$progress_control": {
                                "layer": 3,
                                "clip_direction": "left",
                                "clip_pixelperfect": false
                            }
                        }
                    ]
                }
            }
        ]
    },
    "slider_panel": {
        "clips_children": true,
        "controls": [
            {
                "$slider_view_binding_name@slider": {
                    "size": [
                        "100% - 2px",
                        "100% - 2px"
                    ]
                }
            },
            {
                "slider_text@slider_text": {}
            }
        ],
        "layer": 100,
        "type": "panel"
    }
}