{
    "namespace": "crafting",
    "work_bench_panel_3x3/work_bench_output_grid": {
        "offset": [
            94,
            30
        ]
    },
    "gamepad_helper_bumpers": {
        "$left_bumper_anchor_from": "top_right",
        "$left_bumper_anchor_to": "bottom_right",
        "$right_bumper_anchor_from": "bottom_right",
        "$right_bumper_anchor_to": "top_right"
    },
    "gamepad_helper_bumpers/gamepad_helper_left_bumper": {
        "offset": [
            0,
            4
        ]
    },
    "left_tab@common_tabs.tab_left": {
        "$toggle_focus_enabled": false,
        "$toggle_name": "navigation_tab",
        "$toggle_group_default_selected": "$construction_index",
        "$tab_content": "crafting.empty_tab_panel"
    },
    "left_search_tab@crafting.left_tab": {
        "$is_bottom_most_tab": true,
        "$tab_view_binding_name": "search_tab_toggle",
        "$tab_icon": "crafting.search_icon",
        "$toggle_group_forced_index": "$search_index",
        "$toggle_binding_type": "global",
        "$toggle_state_binding_name": "#is_left_tab_search",
        "$focus_id": "search_tab",
        "$focus_override_up": "nature_tab",
        "$focus_override_down": "FOCUS_OVERRIDE_STOP",
        "$focus_override_left": "FOCUS_OVERRIDE_STOP"
    },
    "left_construction_tab@crafting.left_tab": {
        "$is_top_most_tab": true,
        "$tab_view_binding_name": "construction_tab_toggle",
        "$tab_icon": "crafting.construction_icon",
        "$toggle_group_forced_index": "$construction_index",
        "$toggle_binding_type": "global",
        "$toggle_state_binding_name": "#is_left_tab_construct",
        "$focus_id": "construction_tab",
        "$focus_override_left": "help_button",
        "$focus_override_down": "equipment_tab",
        "$focus_override_up": "FOCUS_OVERRIDE_STOP"
    },
    "left_equipment_tab@crafting.left_tab": {
        "$tab_view_binding_name": "equipment_tab_toggle",
        "$tab_icon": "crafting.equipment_icon",
        "$toggle_group_forced_index": "$equipment_index",
        "$toggle_binding_type": "global",
        "$toggle_state_binding_name": "#is_left_tab_equipment",
        "$focus_id": "equipment_tab",
        "$focus_override_left": "FOCUS_OVERRIDE_STOP",
        "$focus_override_up": "construction_tab",
        "$focus_override_down": "items_tab"
    },
    "left_nature_tab@crafting.left_tab": {
        "$tab_view_binding_name": "nature_tab_toggle",
        "$tab_icon": "crafting.nature_icon",
        "$toggle_group_forced_index": "$nature_index",
        "$toggle_binding_type": "global",
        "$toggle_state_binding_name": "#is_left_tab_nature",
        "$focus_id": "nature_tab",
        "$focus_override_left": "FOCUS_OVERRIDE_STOP",
        "$focus_override_up": "items_tab",
        "$focus_override_down": "search_tab"
    },
    "left_items_tab@crafting.left_tab": {
        "$tab_view_binding_name": "items_tab_toggle",
        "$tab_icon": "crafting.miscellaneous_icon",
        "$toggle_group_forced_index": "$items_index",
        "$toggle_binding_type": "global",
        "$toggle_state_binding_name": "#is_left_tab_items",
        "$focus_id": "items_tab",
        "$focus_override_left": "FOCUS_OVERRIDE_STOP",
        "$focus_override_up": "equipment_tab",
        "$focus_override_down": "nature_tab"
    },
    "tab_navigation_panel_layout": {
        "size": [
            30,
            "100%"
        ]
    },
    "tab_navigation_panel_layout/navigation_tabs": {
        "size": [
            "100%",
            "fill"
        ]
    },
    "tab_navigation_panel_layout/navigation_tabs/content": {
        "orientation": "vertical",
        "size": [
            "100% + 4px",
            "100%"
        ],
        "controls": [
            {
                "construction_tab@crafting.left_construction_tab": {
                    "size": [
                        "100%",
                        25
                    ]
                }
            },
            {
                "equipment_tab@crafting.left_equipment_tab": {
                    "size": [
                        "100%",
                        25
                    ]
                }
            },
            {
                "items_tab@crafting.left_items_tab": {
                    "size": [
                        "100%",
                        25
                    ]
                }
            },
            {
                "nature_tab@crafting.left_nature_tab": {
                    "size": [
                        "100%",
                        25
                    ]
                }
            },
            {
                "fill_panel_0": {
                    "type": "panel",
                    "size": [
                        "100%",
                        41
                    ]
                }
            },
            {
                "search_tab@crafting.left_search_tab": {
                    "size": [
                        "100%",
                        25
                    ]
                }
            }
        ]
    },
    "recipe_book/tab_navigation_panel": {
        "size": [
            23,
            166
        ],
        "anchor_from": "top_left",
        "anchor_to": "top_right"
    },
    "recipe_book/gamepad_helper_bumpers": {
        "size": [
            16,
            166
        ],
        "anchor_to": "top_right"
    },
    "no_coalesce_container_slot_button_auto_place_all@crafting.no_coalesce_container_slot_button": {
        "$button_take_all_place_all": "button.container_auto_place",
        "$is_output_slot_button": false
    },
    "no_coalesce_container_slot_button_auto_place_one@crafting.no_coalesce_container_slot_button": {
        "$button_take_all_place_all": "button.container_auto_place_one",
        "$is_output_slot_button": false
    },
    "no_coalesce_container_slot_button_drop_all@crafting.no_coalesce_container_slot_button": {
        "$button_take_all_place_all": "button.drop_all",
        "$is_output_slot_button": false
    },
    "no_coalesce_container_slot_button_drop_one@crafting.no_coalesce_container_slot_button": {
        "$button_take_all_place_all": "button.drop_one",
        "$is_output_slot_button": false
    },
    "player_armor_panel/armor_grid/head_grid_item": {
        "$container_item_mode_supported": true,
        "$button_ref_auto_place_all": "crafting.no_coalesce_container_slot_button_auto_place_all",
        "$button_ref_auto_place_one": "crafting.no_coalesce_container_slot_button_auto_place_one",
        "$button_ref_drop_all": "crafting.no_coalesce_container_slot_button_drop_all",
        "$button_ref_drop_one": "crafting.no_coalesce_container_slot_button_drop_one"
    },
    "player_armor_panel/armor_grid/chest_grid_item": {
        "$container_item_mode_supported": true,
        "$button_ref_auto_place_all": "crafting.no_coalesce_container_slot_button_auto_place_all",
        "$button_ref_auto_place_one": "crafting.no_coalesce_container_slot_button_auto_place_one",
        "$button_ref_drop_all": "crafting.no_coalesce_container_slot_button_drop_all",
        "$button_ref_drop_one": "crafting.no_coalesce_container_slot_button_drop_one"
    },
    "player_armor_panel/armor_grid/legs_grid_item": {
        "$container_item_mode_supported": true,
        "$button_ref_auto_place_all": "crafting.no_coalesce_container_slot_button_auto_place_all",
        "$button_ref_auto_place_one": "crafting.no_coalesce_container_slot_button_auto_place_one",
        "$button_ref_drop_all": "crafting.no_coalesce_container_slot_button_drop_all",
        "$button_ref_drop_one": "crafting.no_coalesce_container_slot_button_drop_one"
    },
    "player_armor_panel/armor_grid/feet_grid_item": {
        "$container_item_mode_supported": true,
        "$button_ref_auto_place_all": "crafting.no_coalesce_container_slot_button_auto_place_all",
        "$button_ref_auto_place_one": "crafting.no_coalesce_container_slot_button_auto_place_one",
        "$button_ref_drop_all": "crafting.no_coalesce_container_slot_button_drop_all",
        "$button_ref_drop_one": "crafting.no_coalesce_container_slot_button_drop_one"
    },
    "player_armor_panel/offhand_grid/offhand_grid_item": {
        "$container_item_mode_supported": true,
        "$button_ref_auto_place_all": "crafting.no_coalesce_container_slot_button_auto_place_all",
        "$button_ref_auto_place_one": "crafting.no_coalesce_container_slot_button_auto_place_one",
        "$button_ref_drop_all": "crafting.no_coalesce_container_slot_button_drop_all",
        "$button_ref_drop_one": "crafting.no_coalesce_container_slot_button_drop_one"
    },
    "quick_craft@common_buttons.light_content_button": {
        "size": [
            "100% + 2px",
            "100% + 2px"
        ],
        "layer": 2,
        "property_bag": {
            "#collection_name": "crafting_output_items",
            "#collection_index": 0
        },
        "$button_tts_header": "container.quickCraft",
        "button_mappings": [
            {
                "from_button_id": "button.menu_select",
                "to_button_id": "button.crafting_output_tertiary",
                "mapping_type": "pressed"
            },
            {
                "from_button_id": "button.menu_ok",
                "to_button_id": "button.crafting_output_tertiary",
                "mapping_type": "focused"
            }
        ]
    },
    "crafting_arrow_image": {
        "type": "image",
        "layer": 3,
        "texture": "textures/ui/arrow",
        "size": [
            16,
            13
        ]
    },
    "crafting_arrow_large_image": {
        "type": "image",
        "layer": 3,
        "texture": "textures/ui/arrow_large",
        "size": [
            22,
            15
        ]
    },
    "crafting_arrow": {
        "anchor_from": "top_left",
        "anchor_to": "top_left",
        "controls": [
            {
                "quick_crafting@common_buttons.light_text_button": {
                    "$button_text": ">",
                    "$focus_border_size": [
                        0,
                        0
                    ],
                    "button_mappings": [
                        {
                            "from_button_id": "button.menu_select",
                            "mapping_type": "pressed",
                            "to_button_id": "button.crafting_output_tertiary"
                        }
                    ],
                    "layer": 3,
                    "property_bag": {
                        "#collection_index": 0,
                        "#collection_name": "crafting_output_items"
                    },
                    "size": [
                        20,
                        20
                    ],
                    "type": "button"
                }
            }
        ],
        "layer": 1,
        "size": [
            16,
            13
        ],
        "texture": "textures/ui/arrow",
        "type": "image"
    },
    "crafting_arrow_large": {
        "anchor_from": "top_left",
        "anchor_to": "top_left",
        "controls": [
            {
                "quick_crafting@common_buttons.light_text_button": {
                    "$button_text": ">",
                    "$focus_border_size": [
                        0,
                        0
                    ],
                    "button_mappings": [
                        {
                            "from_button_id": "button.menu_select",
                            "mapping_type": "pressed",
                            "to_button_id": "button.crafting_output_tertiary"
                        }
                    ],
                    "layer": 5,
                    "property_bag": {
                        "#collection_index": 0,
                        "#collection_name": "crafting_output_items"
                    },
                    "size": [
                        20,
                        20
                    ],
                    "type": "button"
                }
            }
        ],
        "layer": 1,
        "size": [
            22,
            15
        ],
        "texture": "textures/ui/arrow_large",
        "type": "image"
    },
    "no_coalesce_container_slot_button": {
        "$is_output_slot_button|default": false,
        "modifications": [
            {
                "array_name": "button_mappings",
                "operation": "insert_back",
                "value": [
                    {
                        "ignored": "$is_output_slot_button",
                        "from_button_id": "button.menu_select",
                        "to_button_id": "$button_auto_place",
                        "mapping_type": "double_pressed"
                    }
                ]
            }
        ]
    },
    "output_no_coalesce_container_slot_button": {
        "$is_output_slot_button": true
    },
    "tab_content/tab_content_search_bar_panel/search_and_filter_panel/text_edit_control": {
        "max_length": 50,
        "$place_holder_text": "itemGroup.search"
    },
    "inventory_container_slot_button_auto_place_all@crafting.inventory_container_slot_button": {
        "$button_take_all_place_all": "button.container_auto_place"
    },
    "inventory_container_slot_button_auto_place_one@crafting.inventory_container_slot_button": {
        "$button_take_all_place_all": "button.container_auto_place_one"
    },
    "inventory_container_slot_button_drop_all@crafting.inventory_container_slot_button": {
        "$button_take_all_place_all": "button.drop_all"
    },
    "inventory_container_slot_button_drop_one@crafting.inventory_container_slot_button": {
        "$button_take_all_place_all": "button.drop_one"
    },
    "player_inventory/inventory_panel_bottom_half": {
        "$container_item_mode_supported": true,
        "$button_ref_auto_place_all": "crafting.inventory_container_slot_button_auto_place_all",
        "$button_ref_auto_place_one": "crafting.inventory_container_slot_button_auto_place_one",
        "$button_ref_drop_all": "crafting.inventory_container_slot_button_drop_all",
        "$button_ref_drop_one": "crafting.inventory_container_slot_button_drop_one"
    },
    "player_inventory/hotbar_grid": {
        "$container_item_mode_supported": true,
        "$button_ref_auto_place_all": "crafting.inventory_container_slot_button_auto_place_all",
        "$button_ref_auto_place_one": "crafting.inventory_container_slot_button_auto_place_one",
        "$button_ref_drop_all": "crafting.inventory_container_slot_button_drop_all",
        "$button_ref_drop_one": "crafting.inventory_container_slot_button_drop_one"
    },
    "toolbar_panel/toolbar_background/toolbar_stack_panel/help_button_panel": {
        "ignored": true
    },
    "crafting_screen": {
        "$inv_toggle_visible": false
    }
}