{
    "namespace": "light_image_toggles",
    "light_categories_toggles@light_image_toggles.light_button_toggle": {
        "$radio_toggle_group": true,
        "$toggle_group_default_selected": 0,
        "$toggle_name": "categories_toggle",
        "$toggle_tab_focus_binding_name": "#categories_focus_precedence",
        "$toggle_tab_focus_binding_type": "global",
        "$toggle_on_hover_binding_type": "global",
        "$toggle_on_hover_binding_name": "#toggle_on_hover"
    },
    "light_crosshair_toggle@light_image_toggles.light_button_toggle": {
        "$radio_toggle_group": true,
        "$toggle_group_default_selected": "$default_selector_toggle_index",
        "$default_selector_toggle_index|default": 0,
        "$toggle_name": "crosshair_tab",
        "$toggle_tab_focus_binding_name": "#crosshair_tab_focus_precedence",
        "$toggle_tab_focus_binding_type": "global",
        "$toggle_on_hover_binding_type": "global",
        "$toggle_on_hover_binding_name": "#toggle_on_hover"
    },
    "toggle_unchecked@light_image_toggles.toggle_content": {
        "$default|default": true,
        "alpha": 0.65,
        "texture": ".light/textures/buttons/default"
    },
    "toggle_checked@light_image_toggles.toggle_content": {
        "$pressed|default": true,
        "alpha": 0.65,
        "texture": ".light/textures/buttons/hover"
    },
    "toggle_unchecked_hover@light_image_toggles.toggle_content": {
        "$hover|default": true,
        "alpha": 0.65,
        "texture": ".light/textures/buttons/default"
    },
    "toggle_checked_hover@light_image_toggles.toggle_content": {
        "$hover|default": true,
        "alpha": 0.65,
        "texture": ".light/textures/buttons/hover"
    },
    "light_image_toggles_template@common.toggle": {
        "$unchecked_locked_control|default": "light_image_toggles.toggle_unchecked",
        "$unchecked_locked_hover_control|default": "light_image_toggles.toggle_checked",
        "$checked_locked_control|default": "light_image_toggles.toggle_checked",
        "$checked_locked_hover_control|default": "light_image_toggles.toggle_checked",
        "$unchecked_control|default": "light_image_toggles.toggle_unchecked",
        "$checked_control|default": "light_image_toggles.toggle_checked",
        "$unchecked_hover_control|default": "light_image_toggles.toggle_unchecked_hover",
        "$checked_hover_control|default": "light_image_toggles.toggle_checked_hover",
        "button_mappings": "$button_mappings",
        "toggle_default_state": "$toggle_tags",
        "$button_mappings|default": [
            {
                "from_button_id": "button.menu_select",
                "mapping_type": "pressed",
                "to_button_id": "button.menu_select"
            },
            {
                "from_button_id": "button.menu_ok",
                "mapping_type": "focused",
                "to_button_id": "button.menu_ok"
            },
            {
                "from_button_id": "button.menu_left",
                "ignored": "(not $enable_directional_toggling)",
                "input_mode_condition": "gamepad_and_not_gaze",
                "mapping_type": "pressed",
                "to_button_id": "$toggle_off_button"
            },
            {
                "from_button_id": "button.menu_right",
                "ignored": "(not $enable_directional_toggling)",
                "input_mode_condition": "gamepad_and_not_gaze",
                "mapping_type": "pressed",
                "to_button_id": "$toggle_on_button"
            },
            {
                "ignored": "(not $enable_hover_event_mapping)",
                "mapping_type": "pressed",
                "to_button_id": "$toggle_hover_event_mapping"
            }
        ]
    },
    "toggle_image@pl.img": {
        "layer": 2,
        "size": "$button_icon_size",
        "texture": "$button_icon",
        "color": "$image_color",
        "bindings": "$button_bindings"
    },
    "toggle_content@pl.img": {
        "$default|default": false,
        "$hover|default": false,
        "$pressed|default": false,
        "$extra_content|default": "common.empty_panel",
        "controls": [
            {
                "image@light_image_toggles.toggle_image": {}
            },
            {
                "extra_content@$extra_content": {}
            }
        ]
    },
    "light_button_toggle@pl.pnl": {
        "layer": 3,
        "$toggle_view_binding_name|default": "this_toggle",
        "$template_toggle|default": "light_image_toggles.light_image_toggles_template",
        "controls": [
            {
                "$toggle_view_binding_name@$template_toggle": {}
            }
        ]
    }
}