{
    "namespace": "light_mod_menu",
    "light_categories@pl.hsp": {
        "anchor_from": "center",
        "anchor_to": "center",
        "offset": [
            0,
            5.5
        ],
        "controls": [
            {
                "modules@light_image_toggles.light_categories_toggles": {
                    "$radio_toggle_group": true,
                    "$button_icon": ".light/textures/icons/modules",
                    "$button_icon_size": [
                        16,
                        16
                    ],
                    "$toggle_group_forced_index": 0,
                    "$toggle_view_binding_name": "light_modules_category_toggle",
                    "layer": 3,
                    "size": [
                        24,
                        24
                    ]
                }
            },
            {
                "padding@pl.pnl": {
                    "size": [
                        2,
                        2
                    ]
                }
            },
            {
                "elements@light_image_toggles.light_categories_toggles": {
                    "$radio_toggle_group": true,
                    "$button_icon": ".light/textures/icons/elements",
                    "$button_icon_size": [
                        16,
                        16
                    ],
                    "$toggle_group_forced_index": 45,
                    "$toggle_view_binding_name": "light_elements_category_toggle",
                    "layer": 3,
                    "size": [
                        24,
                        24
                    ]
                }
            },
            {
                "padding@pl.pnl": {
                    "size": [
                        2,
                        2
                    ]
                }
            },
            {
                "crosshair@light_image_toggles.light_categories_toggles": {
                    "$radio_toggle_group": true,
                    "$button_icon": ".light/textures/icons/crosshairs",
                    "$button_icon_size": [
                        16,
                        16
                    ],
                    "$toggle_group_forced_index": 90,
                    "$toggle_view_binding_name": "light_crosshair_category_toggle",
                    "layer": 3,
                    "size": [
                        24,
                        24
                    ]
                }
            },
            {
                "padding@pl.pnl": {
                    "size": [
                        2,
                        2
                    ]
                }
            },
            {
                "saturation@light_image_toggles.light_categories_toggles": {
                    "$radio_toggle_group": true,
                    "$button_icon": ".light/textures/icons/saturation",
                    "$button_icon_size": [
                        16,
                        16
                    ],
                    "$toggle_group_forced_index": 135,
                    "$toggle_view_binding_name": "light_saturation_category_toggle",
                    "layer": 3,
                    "size": [
                        24,
                        24
                    ]
                }
            }
        ]
    }
}