{
    "namespace": "light_mod_menu",
    "light_mod_menu_panel@config.mod_menu_config": {
        "controls": [
            {
                "light_menu_button@light_mod_menu.mod_menu_button": {}
            },
            {
                "light_menu@light_mod_menu.mod_menu": {}
            },
            {
                "edit_mods_hud@light_mod_menu.edit_mods_hud": {}
            },
            {
                "background@pl.img": {
                    "bindings": [
                        {
                            "binding_type": "view",
                            "source_control_name": "mod_menu_toggle",
                            "source_property_name": "#toggle_state",
                            "target_property_name": "#visible"
                        }
                    ],
                    "texture": "textures/ui/screen_background",
                    "fill": true,
                    "layer": -1,
                    "alpha": 0.35,
                    "size": [
                        "100%",
                        "100%"
                    ]
                }
            }
        ],
        "type": "panel"
    },
    "edit_mods_hud@light_image_toggles.light_button_toggle": {
        "$button_icon": ".light/textures/clear",
        "$toggle_view_binding_name": "light_edit_mods_hud",
        "anchor_from": "bottom_left",
        "anchor_to": "bottom_left",
        "$toggle_group_forced_index": 1,
        "offset": [
            30,
            -5
        ],
        "layer": 1,
        "size": [
            24,
            24
        ],
        "$button_mappings": [
            {
                "from_button_id": "button.menu_select",
                "mapping_type": "double_pressed",
                "to_button_id": "button.edit_hud"
            }
        ],
        "$button_text": "",
        "$unchecked_locked_control": "common.empty_panel",
        "$unchecked_locked_hover_control": "common.empty_panel",
        "$checked_locked_control": "common.empty_panel",
        "$checked_locked_hover_control": "common.empty_panel",
        "$unchecked_control": "common.empty_panel",
        "$checked_control": "common.empty_panel",
        "$unchecked_hover_control": "common.empty_panel",
        "$checked_hover_control": "common.empty_panel"
    },
    "mod_menu_button@light_toggles.light_button_toggle": {
        "$toggle_view_binding_name": "mod_menu_toggle",
        "anchor_from": "bottom_left",
        "anchor_to": "bottom_left",
        "$toggle_group_forced_index": 1,
        "offset": [
            5,
            -5
        ],
        "size": [
            24,
            24
        ],
        "layer": 1,
        "bindings": [
            {
                "binding_type": "view",
                "source_control_name": "mod_menu_toggle",
                "source_property_name": "(not #toggle_state)",
                "target_property_name": "#visible"
            }
        ],
        "$button_mappings": [
            {
                "from_button_id": "button.menu_select",
                "mapping_type": "double_pressed",
                "to_button_id": "button.mod_menu"
            }
        ],
        "$button_text": "",
        "$unchecked_locked_control": "common.empty_panel",
        "$unchecked_locked_hover_control": "common.empty_panel",
        "$checked_locked_control": "common.empty_panel",
        "$checked_locked_hover_control": "common.empty_panel",
        "$unchecked_control": "common.empty_panel",
        "$checked_control": "common.empty_panel",
        "$unchecked_hover_control": "common.empty_panel",
        "$checked_hover_control": "common.empty_panel"
    },
    "mod_menu@pl.pnl": {
        "bindings": [
            {
                "binding_type": "view",
                "source_control_name": "mod_menu_toggle",
                "source_property_name": "#toggle_state",
                "target_property_name": "#visible"
            }
        ],
        "controls": [
            {
                "bg@pl.img": {
                    "anchor_from": "center",
                    "anchor_to": "center",
                    "texture": ".light/textures/bg/base_bg",
                    "size": [
                        350,
                        200
                    ],
                    "layer": 30,
                    "alpha": 0.50,
                    "controls": [
                        {
                            "header@light_mod_menu.header": {}
                        },
                        {
                            "elements@light_mod_menu.light_elements_scrolling": {
                                "anchor_from": "top_left",
                                "anchor_to": "top_left",
                                "size": [
                                    325,
                                    136
                                ],
                                "offset": [
                                    25,
                                    50
                                ]
                            }
                        },
                        {
                            "saturation@light_mod_menu.light_saturation_tab": {
                                "anchor_from": "top_left",
                                "anchor_to": "top_left",
                                "size": [
                                    325,
                                    136
                                ],
                                "offset": [
                                    "12.5%",
                                    50
                                ]
                            }
                        },
                        {
                            "modules@light_mod_menu.light_modules_scrolling": {
                                "anchor_from": "top_left",
                                "anchor_to": "top_left",
                                "size": [
                                    325,
                                    136
                                ],
                                "offset": [
                                    25,
                                    50
                                ]
                            }
                        },
                        {
                            "mods_settings_panel@light_mod_menu.mods_settings_panel": {
                                "anchor_from": "top_left",
                                "anchor_to": "top_left",
                                "size": [
                                    325,
                                    136
                                ],
                                "offset": [
                                    25,
                                    50
                                ]
                            }
                        },
                        {
                            "info@light_mod_menu.light_info_tab": {
                                "anchor_from": "top_left",
                                "anchor_to": "top_left",
                                "size": [
                                    325,
                                    136
                                ],
                                "offset": [
                                    25,
                                    50
                                ]
                            }
                        },
                        {
                            "crosshair@light_mod_menu.light_crosshair_tab": {
                                "anchor_from": "top_left",
                                "anchor_to": "top_left",
                                "size": [
                                    325,
                                    136
                                ],
                                "offset": [
                                    25,
                                    50
                                ]
                            }
                        }
                    ]
                }
            }
        ]
    },
    "header@pl.img": {
        "anchor_from": "top_middle",
        "anchor_to": "top_middle",
        "texture": ".light/textures/bg/secondary_bg",
        "size": [
            "100%",
            37.5
        ],
        "alpha": 0.50,
        "controls": [
            {
                "category@light_mod_menu.light_categories": {}
            },
            {
                "logo@light_mod_menu.logo": {}
            },
            {
                "close@light_close_toggles.light_close_toggle": {
                    "$button_icon": ".light/textures/icons/close",
                    "$toggle_view_binding_name": "mod_menu_toggle",
                    "anchor_from": "right_middle",
                    "anchor_to": "right_middle",
                    "layer": 40,
                    "offset": [
                        -5,
                        0
                    ],
                    "size": [
                        25,
                        25
                    ]
                }
            }
        ]
    },
    "logo@pl.img": {
        "texture": ".light/textures/logo",
        "size": [
            32,
            37
        ],
        "anchor_from": "left_middle",
        "anchor_to": "left_middle",
        "offset": [
            5,
            0
        ]
    }
}