{
    "format_version": "1.8.0",
    "animations": {
        "animation.chyves_cape": {
            "loop": true,
            "bones": {
                "capegeo": {
                    "rotation": [
                        "math.clamp(math.lerp(0, -110, query.cape_flap_amount) - (13 * query.modified_move_speed), -70, 0)",
                        "query.modified_move_speed * math.pow(math.sin(query.body_y_rotation - query.head_y_rotation(0)), 3) * 55",
                        0
                    ],
                    "position": [
                        0,
                        0,
                        "query.armor_texture_slot(1) == 5 ? 99999999999999"
                    ],
                    "scale": 0.995
                },
                "part1": {
                    "rotation": [
                        "math.clamp(query.cape_flap_amount, 0, 0.5) * (math.cos(query.modified_distance_moved * 18) * 16)",
                        0,
                        "0"
                    ]
                },
                "part2": {
                    "rotation": [
                        "math.clamp(query.cape_flap_amount, 0, 0.5) * math.cos(22 - query.modified_distance_moved * 18) * 13",
                        0,
                        0
                    ],
                    "scale": 1
                },
                "part3": {
                    "rotation": [
                        "math.clamp(query.cape_flap_amount, 0, 0.5) * math.cos(50 - query.modified_distance_moved * 18) * 13",
                        0,
                        0
                    ]
                },
                "part4": {
                    "rotation": [
                        "math.clamp(query.cape_flap_amount, 0, 0.5) * math.cos(76 - query.modified_distance_moved * 18) * 13",
                        0,
                        0
                    ]
                },
                "part5": {
                    "rotation": [
                        "math.clamp(query.cape_flap_amount, 0, 0.5) * math.cos(100 - query.modified_distance_moved * 18) * 13",
                        0,
                        0
                    ]
                },
                "part6": {
                    "rotation": [
                        "math.clamp(query.cape_flap_amount, 0, 0.5) * math.cos(122 - query.modified_distance_moved * 18) * 13",
                        0,
                        0
                    ]
                },
                "part7": {
                    "rotation": [
                        "math.clamp(query.cape_flap_amount, 0, 0.5) * math.cos(142 - query.modified_distance_moved * 18) * 13",
                        0,
                        0
                    ]
                },
                "part8": {
                    "rotation": [
                        "math.clamp(query.cape_flap_amount, 0, 0.5) * math.cos(160 - query.modified_distance_moved * 18) * 13",
                        0,
                        0
                    ]
                },
                "part9": {
                    "rotation": [
                        "math.clamp(query.cape_flap_amount, 0, 0.5) * math.cos(176 - query.modified_distance_moved * 18) * 13",
                        0,
                        0
                    ]
                },
                "part10": {
                    "rotation": [
                        "math.clamp(query.cape_flap_amount, 0, 0.5) * math.cos(190 - query.modified_distance_moved * 18) * 13",
                        0,
                        0
                    ]
                },
                "part11": {
                    "rotation": [
                        "math.clamp(query.cape_flap_amount, 0, 0.5) * math.cos(202 - query.modified_distance_moved * 18) * 13",
                        0,
                        0
                    ]
                },
                "part12": {
                    "rotation": [
                        "math.clamp(query.cape_flap_amount, 0, 0.5) * math.cos(212 - query.modified_distance_moved * 18) * 13",
                        0,
                        0
                    ]
                },
                "part13": {
                    "rotation": [
                        "math.clamp(query.cape_flap_amount, 0, 0.5) * math.cos(220 - query.modified_distance_moved * 18) * 13",
                        0,
                        0
                    ]
                },
                "part14": {
                    "rotation": [
                        "math.clamp(query.cape_flap_amount, 0, 0.5) * math.cos(226 - query.modified_distance_moved * 18) * 13",
                        0,
                        0
                    ]
                },
                "part15": {
                    "rotation": [
                        "math.clamp(query.cape_flap_amount, 0, 0.5) * math.cos(230 - query.modified_distance_moved * 18) * 13",
                        0,
                        0
                    ]
                },
                "part16": {
                    "rotation": [
                        "math.clamp(query.cape_flap_amount, 0, 0.5) * math.cos(232 - query.modified_distance_moved * 18) * 13",
                        0,
                        0
                    ]
                }
            }
        }
    }
}