{"namespace":"light_mod_menu","elements_tab":{"type":"panel","size":["100%","100%c"],"bindings":[{"binding_type":"view","source_control_name":"elements_tab","source_property_name":"#toggle_state","target_property_name":"#visible"}],"offset":[0,25],"controls":[{"check_panel_1":{"type":"stack_panel","anchor_from":"top_left","anchor_to":"top_left","offset":[20,50],"controls":[{"effect@light_checkmark.light_checkmark":{"$button_text":"Hide Effect Icons","$toggle_name":"undefined","$toggle_tags":"$effect_icons","$toggle_view_binding_name":"effect_icons","size":[120,20]}},{"item_text@light_checkmark.light_checkmark":{"$button_text":"Hide Item Text","$toggle_name":"undefined","$toggle_tags":"$item_text","$toggle_view_binding_name":"item_text_enabled","size":[120,20]}},{"vignette@light_checkmark.light_checkmark":{"$button_text":"Hide Vignette","$toggle_name":"undefined","$toggle_tags":"$vignette","$toggle_view_binding_name":"vig_nette","size":[120,20]}},{"boss_name@light_checkmark.light_checkmark":{"$button_text":"Hide Boss Name","$toggle_name":"undefined","$toggle_tags":"$boss_name","$toggle_view_binding_name":"boss_bar_text","size":[120,20]}},{"boss_bar@light_checkmark.light_checkmark":{"$button_text":"Hide Boss Health","$toggle_name":"undefined","$toggle_tags":"$boss_health_bar","$toggle_view_binding_name":"boss_bar_health","size":[120,20]}},{"scoreboard@light_checkmark.light_checkmark":{"$button_text":"Hide Scoreboard","$toggle_name":"undefined","$toggle_tags":"$scoreboard","$toggle_view_binding_name":"hide_scoreboard","size":[120,20]}}]}},{"check_panel_2":{"type":"stack_panel","anchor_from":"top_left","anchor_to":"top_left","offset":[150,50],"controls":[{"hotbar_no@light_checkmark.light_checkmark":{"$button_text":"Show Hotbar Numbers","$toggle_name":"undefined","$toggle_tags":"$hotbar_numbers","$toggle_view_binding_name":"hotbar_numbers","size":[120,20]}},{"Safe_Zone@light_checkmark.light_checkmark":{"$button_text":"Show Safe Zone","$toggle_name":"undefined","$toggle_tags":"$safe_zone","$toggle_view_binding_name":"safe_zone","size":[120,20]}},{"shiny_pots@light_checkmark.light_checkmark":{"$button_text":"Show Shiny Pots","$toggle_name":"undefined","$toggle_tags":"$shiny_pots","$toggle_view_binding_name":"shiny_pots_mod","size":[120,20]}},{"player_list_modts@light_checkmark.light_checkmark":{"$button_text":"Show Player List","$toggle_name":"undefined","$toggle_tags":"$player_list_mod","$toggle_view_binding_name":"player_list_mod","size":[120,20]}},{"clock_compass@light_checkmark.light_checkmark":{"$button_text":"Show Clock & Compass","$toggle_name":"undefined","$toggle_tags":"$clock_compass","$toggle_view_binding_name":"clock_compass_mod","size":[120,20]}},{"mob_indicator@light_checkmark.light_checkmark":{"$button_text":"Show Mod Indicator","$toggle_name":"undefined","$toggle_tags":"$mob_indicator","$toggle_view_binding_name":"mob_indicator_mod","size":[120,20]}}]}}]}}