{
    "namespace": "light_mod_menu",
    "settings_tab": {
        "type": "panel",
        "size": [
            "100%",
            "100%c"
        ],
        "bindings": [
            {
                "binding_type": "view",
                "source_control_name": "settings_tab",
                "source_property_name": "#toggle_state",
                "target_property_name": "#visible"
            }
        ],
        "controls": [
            {
                "settings_panel": {
                    "type": "stack_panel",
                    "offset": [
                        4,
                        15
                    ],
                    "controls": [
                        {
                            "debug_label": {
                                "type": "label",
                                "text": "Debughud Opacity:"
                            }
                        },
                        {
                            "debug_alpha@light_slider.slider_panel": {
                                "$slider_steps": 18,
                                "$slider_view_binding_name": "debughud_alpha",
                                "layer": 157,
                                "$toggle_tags": "$debug_hud_opacity",
                                "size": [
                                    "50% - 8px",
                                    16
                                ]
                            }
                        },
                        {
                            "padding": {
                                "type": "panel",
                                "size": [
                                    2,
                                    2
                                ]
                            }
                        },
                        {
                            "speed_label": {
                                "type": "label",
                                "text": "Speedhud Opacity:"
                            }
                        },
                        {
                            "speedhud_alpha@light_slider.slider_panel": {
                                "$slider_steps": 18,
                                "$slider_view_binding_name": "speed_hud_alpha",
                                "layer": 157,
                                "size": [
                                    "50% - 8px",
                                    16
                                ]
                            }
                        },
                        {
                            "padding": {
                                "type": "panel",
                                "size": [
                                    2,
                                    2
                                ]
                            }
                        },
                        {
                            "armorhud_label": {
                                "type": "label",
                                "text": "Armorhud Opacity:"
                            }
                        },
                        {
                            "armorhud_alpha@light_slider.slider_panel": {
                                "$slider_steps": 18,
                                "$slider_view_binding_name": "armor_hud_alpha",
                                "layer": 157,
                                "size": [
                                    "50% - 8px",
                                    16
                                ]
                            }
                        },
                        {
                            "padding": {
                                "type": "panel",
                                "size": [
                                    2,
                                    2
                                ]
                            }
                        },
                        {
                            "pot_label": {
                                "type": "label",
                                "text": "Potcounter:"
                            }
                        },
                        {
                            "pot_alpha@light_slider.slider_panel": {
                                "$slider_steps": 18,
                                "$slider_view_binding_name": "potcounter_alpha",
                                "layer": 157,
                                "size": [
                                    "50% - 8px",
                                    16
                                ]
                            }
                        },
                        {
                            "padding": {
                                "type": "panel",
                                "size": [
                                    2,
                                    2
                                ]
                            }
                        },
                        {
                            "day_counter": {
                                "type": "label",
                                "text": "DayCounter:"
                            }
                        },
                        {
                            "day_counter@light_slider.slider_panel": {
                                "$slider_steps": 18,
                                "$slider_view_binding_name": "day_counter_alpha_opacity",
                                "layer": 157,
                                "size": [
                                    "50% - 8px",
                                    16
                                ]
                            }
                        }
                    ]
                }
            },
            {
                "settings_panel": {
                    "type": "stack_panel",
                    "offset": [
                        150,
                        15
                    ],
                    "controls": [
                        {
                            "Gamma_label": {
                                "type": "label",
                                "text": "Gamma:"
                            }
                        },
                        {
                            "gamma_alpha@light_slider.slider_panel": {
                                "$slider_steps": 18,
                                "$slider_view_binding_name": "brightness_opacity",
                                "layer": 157,
                                "size": [
                                    "50% - 8px",
                                    16
                                ]
                            }
                        },
                        {
                            "padding": {
                                "type": "panel",
                                "size": [
                                    2,
                                    2
                                ]
                            }
                        },
                        {
                            "fpscounter": {
                                "type": "label",
                                "text": "FpsCounter:"
                            }
                        },
                        {
                            "fps_counter@light_slider.slider_panel": {
                                "$slider_steps": 18,
                                "$slider_view_binding_name": "fps_counter_alpha_opacity",
                                "layer": 157,
                                "size": [
                                    "50% - 8px",
                                    16
                                ]
                            }
                        },
                        {
                            "padding": {
                                "type": "panel",
                                "size": [
                                    2,
                                    2
                                ]
                            }
                        },
                        {
                            "statushud": {
                                "type": "label",
                                "text": "Statushud:"
                            }
                        },
                        {
                            "statushus@light_slider.slider_panel": {
                                "$slider_steps": 18,
                                "$slider_view_binding_name": "status_hud_alpha",
                                "layer": 157,
                                "size": [
                                    "50% - 8px",
                                    16
                                ]
                            }
                        },
                        {
                            "padding": {
                                "type": "panel",
                                "size": [
                                    2,
                                    2
                                ]
                            }
                        },
                        {
                            "timerhud": {
                                "type": "label",
                                "text": "Timerhud:"
                            }
                        },
                        {
                            "timer_hud@light_slider.slider_panel": {
                                "$slider_steps": 18,
                                "$slider_view_binding_name": "timer_hud_alpha_opacity",
                                "layer": 157,
                                "size": [
                                    "50% - 8px",
                                    16
                                ]
                            }
                        },
                        {
                            "padding": {
                                "type": "panel",
                                "size": [
                                    2,
                                    2
                                ]
                            }
                        },
                        {
                            "directionhud": {
                                "type": "label",
                                "text": "Directionhud:"
                            }
                        },
                        {
                            "durectionhud@light_slider.slider_panel": {
                                "$slider_steps": 18,
                                "$slider_view_binding_name": "direction_hud_alpha",
                                "layer": 157,
                                "size": [
                                    "50% - 8px",
                                    16
                                ]
                            }
                        }
                    ]
                }
            }
        ]
    }
}