{
    "format_version": "1.12.0",
    "minecraft:geometry": [
        {
            "description": {
                "identifier": "geometry.light_directionhud",
                "texture_width": 192,
                "texture_height": 14,
                "visible_bounds_width": 5,
                "visible_bounds_height": 73,
                "visible_bounds_offset": [
                    0,
                    34.5,
                    0
                ]
            },
            "bones": [
                {
                    "name": "light_directionhud",
                    "pivot": [
                        0,
                        0,
                        0
                    ],
                    "cubes": [
                        {
                            "origin": [
                                -13.3,
                                0,
                                0
                            ],
                            "size": [
                                26.6,
                                2.5,
                                0
                            ],
                            "uv": {
                                "north": {
                                    "uv": [
                                        20,
                                        1
                                    ],
                                    "uv_size": [
                                        128,
                                        12
                                    ]
                                },
                                "east": {
                                    "uv": [
                                        0,
                                        0
                                    ],
                                    "uv_size": [
                                        0,
                                        0
                                    ]
                                },
                                "south": {
                                    "uv": [
                                        0,
                                        0
                                    ],
                                    "uv_size": [
                                        0,
                                        0
                                    ]
                                },
                                "west": {
                                    "uv": [
                                        0,
                                        0
                                    ],
                                    "uv_size": [
                                        0,
                                        0
                                    ]
                                },
                                "up": {
                                    "uv": [
                                        0,
                                        0
                                    ],
                                    "uv_size": [
                                        0,
                                        0
                                    ]
                                },
                                "down": {
                                    "uv": [
                                        0,
                                        0
                                    ],
                                    "uv_size": [
                                        0,
                                        0
                                    ]
                                }
                            }
                        }
                    ]
                }
            ]
        }
    ]
}