{"namespace":"light_container_common","stats_panel":{"type":"image","texture":"textures/ui/background_panel","offset":[0,35],"size":[96,36],"layer":2,"anchor_to":"bottom_middle","anchor_from":"bottom_middle","controls":[{"stats@light_container_common.stats_content_panel":{"offset":[8,6],"layer":1,"anchor_to":"center","anchor_from":"center"}}]},"stats_content_panel":{"type":"stack_panel","offset":[84,-26],"controls":[{"armor_renderer":{"type":"custom","size":[1,1],"renderer":"armor_renderer"}},{"heart_renderer":{"type":"custom","size":[1,1],"renderer":"heart_renderer"}}]},"armor_render_gird":{"type":"grid","layer":1,"size":[18,90],"anchor_from":"top_right","anchor_to":"top_right","grid_dimensions":[1,5],"collection_name":"armor_items","$renderer_collection_name":"armor_items","$item_count_visible":false,"controls":[{"head_grid_item@light_container_common.armor_renderer":{"grid_position":[0,0]}},{"chest_grid_item@light_container_common.armor_renderer":{"grid_position":[0,1]}},{"legs_grid_item@light_container_common.armor_renderer":{"grid_position":[0,2]}},{"feet_grid_item@light_container_common.armor_renderer":{"grid_position":[0,3]}},{"offhand_grid_item@light_container_common.armor_renderer":{"$renderer_collection_name":"offhand_items","$item_count_visible":true,"grid_position":[0,4]}}]},"armor_renderer":{"type":"custom","renderer":"inventory_item_renderer","size":[18,18],"layer":1,"controls":[{"armor@light_percent_template.dura_panel_percent":{"anchor_from":"right_middle","anchor_to":"left_middle","layer":2,"offset":[1,0]}},{"item_stack":{"visible":"$item_count_visible","type":"label","offset":[0,1],"anchor_to":"bottom_right","anchor_from":"bottom_right","layer":2,"shadow":true,"text":"#inventory_stack_count","bindings":[{"binding_name":"#inventory_stack_count","binding_type":"collection","binding_collection_name":"offhand_items"}]}}],"bindings":[{"binding_type":"collection_details","binding_collection_name":"$renderer_collection_name"},{"binding_name":"#item_id_aux","binding_type":"collection","binding_collection_name":"$renderer_collection_name"},{"binding_name":"#charged_item","binding_type":"collection","binding_collection_name":"$renderer_collection_name"},{"binding_name":"#item_custom_color","binding_type":"collection","binding_collection_name":"$renderer_collection_name"},{"binding_name":"#item_pickup_time","binding_type":"collection","binding_collection_name":"$renderer_collection_name"},{"binding_name":"#banner_patterns","binding_condition":"visible","binding_type":"collection","binding_collection_name":"$renderer_collection_name"},{"binding_name":"#banner_colors","binding_condition":"visible","binding_type":"collection","binding_collection_name":"$renderer_collection_name"},{"binding_name":"#banner_type","binding_condition":"visible","binding_type":"collection","binding_collection_name":"$renderer_collection_name"},{"binding_type":"collection","binding_name":"#show_item","binding_name_override":"#visible","binding_collection_name":"$renderer_collection_name"},{"binding_name":"#inactive_item","binding_type":"collection","binding_collection_name":"$renderer_collection_name","binding_name_override":"#disabled_filter_visible"},{"binding_name":"#shield_is_active","binding_type":"collection","binding_collection_name":"$renderer_collection_name"},{"binding_name":"#item_lodestone_tracking_handle","binding_condition":"visible","binding_type":"collection","binding_collection_name":"$renderer_collection_name"}]},"close_button_panel":{"type":"image","texture":"textures/ui/TabRightFrontTopMost","size":[32,32],"anchor_from":"top_right","anchor_to":"top_left","offset":[-4,0],"layer":2,"controls":[{"close_panel":{"type":"panel","size":[30,30],"offset":[-5,5],"layer":5,"controls":[{"close_button@light_container_common.exit_button":{}}]}}]},"exit_button@common_buttons.light_text_button":{"$button_text":"X","$pressed_button_name":"$button_pressed","$button_pressed|default":"button.menu_exit","$button_hover_name_text":"gui.close","offset":[5,-5],"size":[16,16]}}