{
    "namespace": "light_popup_animation",
    "popup_start": {
        "anim_type": "wait",
        "duration": 2,
        "next": "@light_popup_animation.popup_anim"
    },
    "popup_anim": {
        "anim_type": "offset",
        "easing": "out_back",
        "duration": 0.5,
        "from": [
            0,
            -50
        ],
        "to": [
            0,
            30
        ],
        "next": "@light_popup_animation.popup_wait"
    },
    "popup_wait": {
        "anim_type": "wait",
        "duration": 6,
        "next": "@light_popup_animation.popup_end"
    },
    "popup_end": {
        "anim_type": "offset",
        "easing": "in_sine",
        "duration": 0.5,
        "to": [
            0,
            -50
        ],
        "from": [
            0,
            30
        ],
        "destroy_at_end": "popup_start"
    },
    "popup_panel": {
        "type": "panel",
        "layer": 50,
        "controls": [
            {
                "background_image": {
                    "type": "image",
                    "texture": "textures/ui/hud_tip_text_background",
                    "anchor_from": "top_middle",
                    "anchor_to": "top_middle",
                    "size": [
                        "100%c + 13px",
                        "100%c + 6px"
                    ],
                    "alpha": 0.65,
                    "offset": [
                        0,
                        -50
                    ],
                    "anims": [
                        "light_popup_animation.popup_start"
                    ],
                    "controls": [
                        {
                            "text": {
                                "type": "label",
                                "text": "Found any bugs?\nReport them at dsc.gg/projectlight",
                                "size": [
                                    "220px",
                                    "default"
                                ],
                                "text_alignment": "center",
                                "layer": 2
                            }
                        }
                    ]
                }
            }
        ]
    }
}