{"format_version":"1.12.0","minecraft:geometry":[{"description":{"identifier":"geometry.boots","texture_width":16,"texture_height":16},"bones":[{"name":"armor_hud","pivot":[0,8,0],"cubes":[{"origin":[0,-26,0],"size":[16,16,0],"uv":[0,0]}]}]},{"description":{"identifier":"geometry.leggings","texture_width":16,"texture_height":16},"bones":[{"name":"armor_hud","pivot":[0,8,0],"cubes":[{"origin":[0,-14,0],"size":[16,16,0],"uv":[0,0]}]}]},{"description":{"identifier":"geometry.chestplate","texture_width":16,"texture_height":16},"bones":[{"name":"armor_hud","pivot":[0,8,0],"cubes":[{"origin":[0,0,0],"size":[16,16,0],"uv":[0,0]}]}]},{"description":{"identifier":"geometry.helmet","texture_width":16,"texture_height":16},"bones":[{"name":"armor_hud","pivot":[0,8,0],"cubes":[{"origin":[0,12,0],"size":[16,16,0],"uv":[0,0]}]}]}]}