{"format_version":"1.12.0","minecraft:geometry":[{"description":{"identifier":"geometry.offhand_slot","texture_width":22,"texture_height":22,"visible_bounds_width":4,"visible_bounds_height":2.5,"visible_bounds_offset":[0,0.75,0]},"bones":[{"name":"offhand","pivot":[0,0,0],"cubes":[{"origin":[-11,-11,0],"size":[22,22,0],"uv":[0,0]}]}]},{"description":{"identifier":"geometry.offhand","texture_width":16,"texture_height":16,"visible_bounds_width":2,"visible_bounds_height":2.5,"visible_bounds_offset":[0,0.75,0]},"bones":[{"name":"offhand","pivot":[0,0,0],"cubes":[{"origin":[-8,-8,0],"size":[16,16,0],"uv":[0,0]}]}]}]}