{
    "namespace": "light_start",
    "main_start_panel": {
        "type": "panel",
        "controls": [
            {
                "main_panel@light_start.main_panel": {}
            }
        ]
    },
    "main_panel": {
        "type": "panel",
        "controls": [
            {
                "logo@light_start.logo": {}
            },
            {
                "main_background@light_start.main_background": {}
            },
            {
                "quit_button@light_start.quit_button": {}
            },
            {
                "resume_button@light_start.resume_button": {}
            },
            {
                "screen_background@light_start.common.screen_background": {}
            },
            {
                "settings_button@light_start.settings_button": {}
            },
            {
                "skins_button@light_start.skins_button": {}
            },
            {
                "store_button@light_start.store_button": {}
            },
            {
                "light_player_name@light_start.light_player_name": {}
            },
            {
                "light_start_footer@light_start.light_start_footer": {}
            }
        ]
    }
}