{
    "namespace": "light_image_buttons",
    "main_button@common.button": {
        "size": [
            120,
            40
        ],
        "controls": [
            {
                "default@light_image_buttons.default": {}
            },
            {
                "pressed@light_image_buttons.pressed": {}
            },
            {
                "hover@light_image_buttons.hover": {}
            }
        ]
    },
    "default@light_image_buttons.button_content": {
        "$default": true,
        "alpha": 0.65,
        "texture": ".light/textures/buttons/default"
    },
    "hover@light_image_buttons.button_content": {
        "$hover": true,
        "alpha": 0.65,
        "texture": ".light/textures/buttons/hover"
    },
    "pressed@light_image_buttons.button_content": {
        "$pressed": true,
        "alpha": 0.65,
        "texture": ".light/textures/buttons/hover"
    },
    "button_content@pl.img": {
        "$default|default": false,
        "$hover|default": false,
        "$pressed|defaullt": false,
        "$custom_content|default": "",
        "$button_bindings|default": [],
        "controls": [
            {
                "custom_content@$custom_content": {}
            },
            {
                "label@light_image_buttons.button_image": {
                    "visible": "($custom_content = )"
                }
            }
        ]
    },
    "button_image@pl.img": {
        "layer": 2,
        "texture": "$button_icon",
        "bindings": "$button_bindings",
        "size": "$button_icon_size",
        "$button_icon_size|default": [
            16,
            16
        ]
    }
}