{
    "namespace": "light_buttons",
    "main_button@common.button": {
        "size": [
            120,
            40
        ],
        "controls": [
            {
                "default@light_buttons.default": {}
            },
            {
                "pressed@light_buttons.pressed": {}
            },
            {
                "hover@light_buttons.hover": {}
            }
        ]
    },
    "default@light_buttons.button_content": {
        "$default": true,
        "alpha": 0.65,
        "texture": ".light/textures/buttons/default"
    },
    "hover@light_buttons.button_content": {
        "$hover": true,
        "alpha": 0.65,
        "texture": ".light/textures/buttons/hover"
    },
    "pressed@light_buttons.button_content": {
        "$pressed": true,
        "alpha": 0.65,
        "texture": ".light/textures/buttons/hover"
    },
    "button_content@pl.img": {
        "$default|default": false,
        "$hover|default": false,
        "$pressed|defaullt": false,
        "$custom_content|default": "",
        "$button_bindings|default": [],
        "controls": [
            {
                "custom_content@$custom_content": {}
            },
            {
                "label@light_buttons.button_label": {
                    "visible": "($custom_content = )"
                }
            }
        ]
    },
    "button_label@pl.lbl": {
        "layer": 2,
        "text": "$button_text",
        "color": "$label_color",
        "max_size": [
            "100% - 4px",
            "100% - 4px"
        ],
        "bindings": "$button_bindings"
    }
}