{
    "namespace": "light_mods_panel",
    "light_offhandhud@common.button": {
        "type": "input_panel",
        "prevent_touch_input": true,
        "draggable": "both",
        "layer": -1,
        "size": [
            20,
            20
        ],
        "anchor_from": "bottom_middle",
        "anchor_to": "bottom_middle",
        "offset": [
            -103,
            0
        ],
        "controls": [
            {
                "light_offhandhud@light_offhandhud_content": {}
            }
        ],
        "button_mappings": [
            {
                "from_button_id": "button.menu_select",
                "to_button_id": "button.menu_select",
                "mapping_type": "pressed",
                "button_up_right_of_first_refusal": true
            }
        ],
        "bindings": [
            {
                "binding_type": "view",
                "source_control_name": "light_edit_mods_hud",
                "source_property_name": "#toggle_state",
                "target_property_name": "#enabled"
            },
            {
                "binding_type": "view",
                "source_control_name": "light_offhandhud_toggle",
                "source_property_name": "#toggle_state",
                "target_property_name": "#visible"
            }
        ]
    },
    "light_offhandhud_content": {
        "renderer": "live_player_renderer",
        "layer": 2,
        "type": "custom",
        "size": [
            20,
            20
        ],
        "offset": [
            0,
            907
        ],
        "anchor_from": "bottom_middle",
        "anchor_to": "bottom_middle"
    },
    "light_armorhud@common.button": {
        "type": "input_panel",
        "prevent_touch_input": true,
        "draggable": "both",
        "layer": -1,
        "anchor_from": "bottom_right",
        "anchor_to": "bottom_right",
        "size": [
            20,
            66
        ],
        "offset": [
            0,
            -60
        ],
        "controls": [
            {
                "light_armorhud@light_armorhud_content": {}
            }
        ],
        "button_mappings": [
            {
                "from_button_id": "button.menu_select",
                "to_button_id": "button.menu_select",
                "mapping_type": "pressed",
                "button_up_right_of_first_refusal": true
            }
        ],
        "bindings": [
            {
                "binding_type": "view",
                "source_control_name": "light_edit_mods_hud",
                "source_property_name": "#toggle_state",
                "target_property_name": "#enabled"
            },
            {
                "binding_type": "view",
                "source_control_name": "light_armorhud_toggle",
                "source_property_name": "#toggle_state",
                "target_property_name": "#visible"
            }
        ]
    },
    "light_armorhud_content": {
        "anchor_from": "bottom_right",
        "anchor_to": "bottom_right",
        "type": "custom",
        "renderer": "live_player_renderer",
        "size": [
            18,
            18
        ],
        "offset": [
            -12,
            1210.5
        ]
    },
    "light_directionhud@common.button": {
        "type": "input_panel",
        "prevent_touch_input": true,
        "draggable": "both",
        "layer": -1,
        "anchor_to": "top_middle",
        "anchor_from": "top_middle",
        "size": [
            138,
            45
        ],
        "controls": [
            {
                "light_directionhud@light_mods_panel.light_directionhud_content": {}
            }
        ],
        "button_mappings": [
            {
                "from_button_id": "button.menu_select",
                "to_button_id": "button.menu_select",
                "mapping_type": "pressed",
                "button_up_right_of_first_refusal": true
            }
        ],
        "bindings": [
            {
                "binding_type": "view",
                "source_control_name": "light_edit_mods_hud",
                "source_property_name": "#toggle_state",
                "target_property_name": "#enabled"
            },
            {
                "binding_type": "view",
                "source_control_name": "light_directionhud_toggle",
                "source_property_name": "#toggle_state",
                "target_property_name": "#visible"
            }
        ]
    },
    "light_directionhud_content@pl.pnl": {
        "layer": 1,
        "bindings": [
            {
                "binding_type": "view",
                "source_control_name": "light_directionhud_toggle",
                "source_property_name": "#toggle_state",
                "target_property_name": "#visible"
            }
        ],
        "controls": [
            {
                "direction_hud_bg": {
                    "type": "image",
                    "anchor_to": "top_middle",
                    "anchor_from": "top_middle",
                    "offset": [
                        -0.5,
                        25
                    ],
                    "size": [
                        138,
                        20
                    ],
                    "texture": ".light/textures/bg/base_bg",
                    "alpha": 0.65,
                    "layer": 1,
                    "bindings": [
                        {
                            "binding_type": "view",
                            "source_control_name": "light_directionhud_alpha",
                            "source_property_name": "(#slider_value / 32)",
                            "target_property_name": "#alpha"
                        }
                    ]
                }
            },
            {
                "direction_hud": {
                    "layer": 3,
                    "type": "custom",
                    "anchor_from": "top_middle",
                    "anchor_to": "top_middle",
                    "renderer": "paper_doll_renderer",
                    "size": [
                        39,
                        39
                    ],
                    "offset": [
                        35.2,
                        2812
                    ]
                }
            }
        ]
    },
    "light_forcecoords@common.button": {
        "type": "input_panel",
        "prevent_touch_input": true,
        "draggable": "both",
        "layer": -1,
        "anchor_to": "top_right",
        "anchor_from": "top_right",
        "size": [
            60,
            35
        ],
        "controls": [
            {
                "light_forcecoords@light_forcecoords_content": {}
            }
        ],
        "button_mappings": [
            {
                "from_button_id": "button.menu_select",
                "to_button_id": "button.menu_select",
                "mapping_type": "pressed",
                "button_up_right_of_first_refusal": true
            }
        ],
        "bindings": [
            {
                "binding_type": "view",
                "source_control_name": "light_edit_mods_hud",
                "source_property_name": "#toggle_state",
                "target_property_name": "#enabled"
            },
            {
                "binding_type": "view",
                "source_control_name": "light_forcecoords_toggle",
                "source_property_name": "#toggle_state",
                "target_property_name": "#visible"
            }
        ]
    },
    "light_forcecoords_content": {
        "type": "image",
        "texture": ".light/textures/bg/base_bg",
        "size": [
            60,
            35
        ],
        "offset": [
            -5,
            5
        ],
        "alpha": 0.6,
        "anchor_from": "top_right",
        "anchor_to": "top_right",
        "bindings": [
            {
                "binding_type": "view",
                "source_control_name": "light_forcecoords_toggle",
                "source_property_name": "#toggle_state",
                "target_property_name": "#visible"
            },
            {
                "binding_type": "view",
                "source_control_name": "light_force_coords_alpha",
                "source_property_name": "(#slider_value / 32)",
                "target_property_name": "#alpha"
            }
        ],
        "controls": [
            {
                "force_coords_content": {
                    "type": "custom",
                    "renderer": "live_player_renderer",
                    "size": [
                        94.1,
                        16.89
                    ],
                    "layer": 2,
                    "anchor_from": "top_right",
                    "anchor_to": "top_right",
                    "offset": [
                        20,
                        -3984
                    ]
                }
            },
            {
                "text": {
                    "type": "panel",
                    "layer": 2,
                    "controls": [
                        {
                            "text2": {
                                "type": "label",
                                "text": "X:",
                                "offset": [
                                    5,
                                    -10
                                ],
                                "font_type": " ",
                                "anchor_from": "left_middle",
                                "anchor_to": "left_middle"
                            }
                        },
                        {
                            "text3": {
                                "type": "label",
                                "text": "Y:",
                                "offset": [
                                    5,
                                    0
                                ],
                                "font_type": " ",
                                "anchor_from": "left_middle",
                                "anchor_to": "left_middle"
                            }
                        },
                        {
                            "text4": {
                                "type": "label",
                                "text": "Z:",
                                "offset": [
                                    5,
                                    10
                                ],
                                "font_type": " ",
                                "anchor_from": "left_middle",
                                "anchor_to": "left_middle"
                            }
                        }
                    ]
                }
            }
        ]
    },
    "light_statushud@common.button": {
        "type": "input_panel",
        "prevent_touch_input": true,
        "draggable": "both",
        "layer": -1,
        "anchor_from": "bottom_left",
        "anchor_to": "bottom_left",
        "size": [
            56,
            20
        ],
        "offset": [
            20,
            -5
        ],
        "controls": [
            {
                "light_statushud@light_statushud_content": {}
            }
        ],
        "button_mappings": [
            {
                "from_button_id": "button.menu_select",
                "to_button_id": "button.menu_select",
                "mapping_type": "pressed",
                "button_up_right_of_first_refusal": true
            }
        ],
        "bindings": [
            {
                "binding_type": "view",
                "source_control_name": "light_edit_mods_hud",
                "source_property_name": "#toggle_state",
                "target_property_name": "#enabled"
            },
            {
                "binding_type": "view",
                "source_control_name": "light_statushud_toggle",
                "source_property_name": "#toggle_state",
                "target_property_name": "#visible"
            }
        ]
    },
    "light_statushud_content@pl.pnl": {
        "anchor_from": "bottom_left",
        "anchor_to": "bottom_left",
        "bindings": [
            {
                "binding_type": "view",
                "source_control_name": "light_statushud_toggle",
                "source_property_name": "#toggle_state",
                "target_property_name": "#visible"
            }
        ],
        "controls": [
            {
                "status_hud": {
                    "type": "image",
                    "texture": ".light/textures/bg/base_bg",
                    "anchor_from": "bottom_left",
                    "anchor_to": "bottom_left",
                    "alpha": 0.65,
                    "size": [
                        56,
                        20
                    ],
                    "layer": -1,
                    "bindings": [
                        {
                            "binding_type": "view",
                            "source_control_name": "light_statushud_alpha",
                            "source_property_name": "(#slider_value / 32)",
                            "target_property_name": "#alpha"
                        }
                    ],
                    "controls": [
                        {
                            "status_hud_renderer": {
                                "layer": 2,
                                "type": "custom",
                                "renderer": "live_player_renderer",
                                "anchor_from": "bottom_left",
                                "anchor_to": "bottom_left",
                                "size": [
                                    16,
                                    16
                                ],
                                "offset": [
                                    -10,
                                    2992
                                ]
                            }
                        }
                    ]
                }
            }
        ]
    },
    "light_timerhud@common.button": {
        "type": "input_panel",
        "prevent_touch_input": true,
        "draggable": "both",
        "layer": -1,
        "anchor_from": "bottom_left",
        "anchor_to": "bottom_left",
        "size": [
            56,
            20
        ],
        "offset": [
            20,
            -26
        ],
        "controls": [
            {
                "light_timerhud@light_timerhud_content": {}
            }
        ],
        "button_mappings": [
            {
                "from_button_id": "button.menu_select",
                "to_button_id": "button.menu_select",
                "mapping_type": "pressed",
                "button_up_right_of_first_refusal": true
            }
        ],
        "bindings": [
            {
                "binding_type": "view",
                "source_control_name": "light_edit_mods_hud",
                "source_property_name": "#toggle_state",
                "target_property_name": "#enabled"
            },
            {
                "binding_type": "view",
                "source_control_name": "light_timerhud_toggle",
                "source_property_name": "#toggle_state",
                "target_property_name": "#visible"
            }
        ]
    },
    "light_timerhud_content": {
        "type": "image",
        "texture": ".light/textures/bg/base_bg",
        "size": [
            56,
            20
        ],
        "layer": -1,
        "alpha": 0.65,
        "anchor_from": "bottom_left",
        "anchor_to": "bottom_left",
        "bindings": [
            {
                "binding_type": "view",
                "source_control_name": "light_timerhud_toggle",
                "source_property_name": "#toggle_state",
                "target_property_name": "#visible"
            },
            {
                "binding_type": "view",
                "source_control_name": "light_timerhud_alpha",
                "source_property_name": "(#slider_value / 32)",
                "target_property_name": "#alpha"
            }
        ],
        "controls": [
            {
                "timer_hud_content": {
                    "type": "custom",
                    "renderer": "live_player_renderer",
                    "size": [
                        16,
                        16
                    ],
                    "layer": 2,
                    "anchor_from": "bottom_left",
                    "anchor_to": "bottom_left",
                    "offset": [
                        0,
                        1384.5
                    ]
                }
            },
            {
                "timer_hud_text": {
                    "type": "label",
                    "text": ":",
                    "size": [
                        48,
                        16
                    ],
                    "layer": 2,
                    "anchor_from": "left_middle",
                    "anchor_to": "left_middle",
                    "offset": [
                        20.5,
                        3
                    ]
                }
            },
            {
                "timer_hud_text2": {
                    "type": "label",
                    "text": ":",
                    "size": [
                        48,
                        16
                    ],
                    "layer": 2,
                    "anchor_from": "right_middle",
                    "anchor_to": "right_middle",
                    "offset": [
                        27.5,
                        3
                    ]
                }
            }
        ]
    },
    "light_fpscounter@common.button": {
        "type": "input_panel",
        "prevent_touch_input": true,
        "draggable": "both",
        "layer": -1,
        "anchor_from": "bottom_left",
        "anchor_to": "bottom_left",
        "size": [
            56,
            20
        ],
        "offset": [
            77,
            -26
        ],
        "controls": [
            {
                "light_fpscounter@light_fpscounter_content": {}
            }
        ],
        "button_mappings": [
            {
                "from_button_id": "button.menu_select",
                "to_button_id": "button.menu_select",
                "mapping_type": "pressed",
                "button_up_right_of_first_refusal": true
            }
        ],
        "bindings": [
            {
                "binding_type": "view",
                "source_control_name": "light_fpscounter_toggle",
                "source_property_name": "#toggle_state",
                "target_property_name": "#visible"
            },
            {
                "binding_type": "view",
                "source_control_name": "light_edit_mods_hud",
                "source_property_name": "#toggle_state",
                "target_property_name": "#enabled"
            }
        ]
    },
    "light_fpscounter_content": {
        "type": "image",
        "texture": ".light/textures/bg/base_bg",
        "size": [
            56,
            20
        ],
        "layer": 1,
        "alpha": 0.6,
        "anchor_from": "bottom_left",
        "anchor_to": "bottom_left",
        "bindings": [
            {
                "binding_type": "view",
                "source_control_name": "light_fpscounter_alpha",
                "source_property_name": "(#slider_value / 32)",
                "target_property_name": "#alpha"
            }
        ],
        "controls": [
            {
                "fps_counter_content": {
                    "layer": 2,
                    "renderer": "paper_doll_renderer",
                    "size": [
                        24,
                        24
                    ],
                    "anchor_from": "bottom_left",
                    "anchor_to": "bottom_left",
                    "offset": [
                        14,
                        -285
                    ],
                    "type": "custom"
                }
            },
            {
                "fps_counter_text": {
                    "type": "label",
                    "text": "Fps:",
                    "size": [
                        48,
                        16
                    ],
                    "layer": 2,
                    "anchor_from": "left_middle",
                    "anchor_to": "left_middle",
                    "offset": [
                        3,
                        3
                    ]
                }
            }
        ]
    },
    "light_daycounter@common.button": {
        "type": "input_panel",
        "prevent_touch_input": true,
        "draggable": "both",
        "layer": -1,
        "anchor_from": "bottom_left",
        "anchor_to": "bottom_left",
        "size": [
            56,
            20
        ],
        "offset": [
            77,
            -5
        ],
        "controls": [
            {
                "light_daycounter_content@light_daycounter_content": {}
            }
        ],
        "button_mappings": [
            {
                "from_button_id": "button.menu_select",
                "to_button_id": "button.menu_select",
                "mapping_type": "pressed",
                "button_up_right_of_first_refusal": true
            }
        ],
        "bindings": [
            {
                "binding_type": "view",
                "source_control_name": "light_daycounter_toggle",
                "source_property_name": "#toggle_state",
                "target_property_name": "#visible"
            },
            {
                "binding_type": "view",
                "source_control_name": "light_edit_mods_hud",
                "source_property_name": "#toggle_state",
                "target_property_name": "#enabled"
            }
        ]
    },
    "light_daycounter_content": {
        "type": "image",
        "texture": ".light/textures/bg/base_bg",
        "size": [
            56,
            20
        ],
        "layer": 1,
        "alpha": 0.6,
        "anchor_from": "bottom_left",
        "anchor_to": "bottom_left",
        "bindings": [
            {
                "binding_type": "view",
                "source_control_name": "light_daycounter_alpha",
                "source_property_name": "(#slider_value / 32)",
                "target_property_name": "#alpha"
            }
        ],
        "controls": [
            {
                "light_daycounter_content": {
                    "renderer": "live_player_renderer",
                    "layer": 2,
                    "type": "custom",
                    "size": [
                        16,
                        16
                    ],
                    "anchor_from": "bottom_left",
                    "anchor_to": "bottom_left",
                    "offset": [
                        17,
                        2025
                    ]
                }
            },
            {
                "light_daycounter_text": {
                    "type": "label",
                    "text": "Day:",
                    "size": [
                        48,
                        16
                    ],
                    "layer": 2,
                    "anchor_from": "left_middle",
                    "anchor_to": "left_middle",
                    "offset": [
                        3,
                        3
                    ]
                }
            }
        ]
    },
    "light_speedometer@common.button": {
        "type": "input_panel",
        "prevent_touch_input": true,
        "draggable": "both",
        "layer": -1,
        "anchor_from": "top_middle",
        "anchor_to": "top_middle",
        "size": [
            70,
            20
        ],
        "offset": [
            0,
            50
        ],
        "controls": [
            {
                "light_speedometer@light_speedometer_content": {}
            }
        ],
        "button_mappings": [
            {
                "from_button_id": "button.menu_select",
                "to_button_id": "button.menu_select",
                "mapping_type": "pressed",
                "button_up_right_of_first_refusal": true
            }
        ],
        "bindings": [
            {
                "binding_type": "view",
                "source_control_name": "light_edit_mods_hud",
                "source_property_name": "#toggle_state",
                "target_property_name": "#enabled"
            },
            {
                "binding_type": "view",
                "source_control_name": "light_speedometer_toggle",
                "source_property_name": "#toggle_state",
                "target_property_name": "#visible"
            }
        ]
    },
    "light_speedometer_content": {
        "type": "panel",
        "controls": [
            {
                "speed_hud": {
                    "type": "image",
                    "texture": ".light/textures/bg/base_bg",
                    "size": [
                        70,
                        20
                    ],
                    "layer": 1,
                    "alpha": 0.6,
                    "anchor_from": "top_middle",
                    "anchor_to": "top_middle",
                    "bindings": [
                        {
                            "binding_type": "view",
                            "source_control_name": "light_speedometer_alpha",
                            "source_property_name": "(#slider_value / 32)",
                            "target_property_name": "#alpha"
                        }
                    ],
                    "controls": [
                        {
                            "speedometer": {
                                "type": "custom",
                                "renderer": "live_player_renderer",
                                "size": [
                                    16,
                                    16
                                ],
                                "layer": 2,
                                "offset": [
                                    10,
                                    3496
                                ]
                            }
                        },
                        {
                            "speedometer_decimals": {
                                "type": "label",
                                "text": ".",
                                "size": [
                                    48,
                                    16
                                ],
                                "layer": 2,
                                "anchor_from": "center",
                                "anchor_to": "center",
                                "offset": [
                                    10,
                                    3
                                ]
                            }
                        },
                        {
                            "speedometertext": {
                                "type": "label",
                                "text": "m/s",
                                "size": [
                                    48,
                                    16
                                ],
                                "layer": 2,
                                "anchor_from": "right_middle",
                                "anchor_to": "right_middle",
                                "offset": [
                                    22,
                                    3
                                ]
                            }
                        }
                    ]
                }
            }
        ]
    }
}