{"namespace":"light_percent_template","percentage_bindings":{"type":"label","localize":false,"$binding_condition|default":"none","bindings":[{"binding_name":"$binding_name","binding_condition":"$binding_condition","binding_type":"global"},{"binding_type":"view","source_property_name":"((($binding_name > $minimum) and ($binding_name < $maximum)) or ($binding_name = $maximum))","target_property_name":"#visible"}]},"percent_template":{"type":"stack_panel","size":["100%c","100%cm"],"orientation":"horizontal","controls":[{"@percentage_numbers":{}},{"padding":{"type":"panel","size":[1,1]}},{"@percentage_bindings":{"type":"label","text":"%","$minimum":-0.01,"$maximum":1}}]},"percentage_numbers":{"type":"panel","size":["100%cm","100%cm"],"controls":[{"101@percentage_bindings":{"text":"100","$minimum":-0.01,"$maximum":0}},{"100@percentage_bindings":{"text":"99","$minimum":0,"$maximum":0.01}},{"99@percentage_bindings":{"text":"98","$minimum":0.01,"$maximum":0.02}},{"98@percentage_bindings":{"text":"97","$minimum":0.02,"$maximum":0.03}},{"97@percentage_bindings":{"text":"96","$minimum":0.03,"$maximum":0.04}},{"96@percentage_bindings":{"text":"95","$minimum":0.04,"$maximum":0.05}},{"95@percentage_bindings":{"text":"94","$minimum":0.05,"$maximum":0.06}},{"94@percentage_bindings":{"text":"93","$minimum":0.06,"$maximum":0.07}},{"93@percentage_bindings":{"text":"92","$minimum":0.07,"$maximum":0.08}},{"92@percentage_bindings":{"text":"91","$minimum":0.08,"$maximum":0.09}},{"91@percentage_bindings":{"text":"90","$minimum":0.09,"$maximum":0.10}},{"90@percentage_bindings":{"text":"89","$minimum":0.10,"$maximum":0.11}},{"89@percentage_bindings":{"text":"88","$minimum":0.11,"$maximum":0.12}},{"88@percentage_bindings":{"text":"87","$minimum":0.12,"$maximum":0.13}},{"87@percentage_bindings":{"text":"86","$minimum":0.13,"$maximum":0.14}},{"86@percentage_bindings":{"text":"85","$minimum":0.14,"$maximum":0.15}},{"85@percentage_bindings":{"text":"84","$minimum":0.15,"$maximum":0.16}},{"84@percentage_bindings":{"text":"83","$minimum":0.16,"$maximum":0.17}},{"83@percentage_bindings":{"text":"82","$minimum":0.17,"$maximum":0.18}},{"82@percentage_bindings":{"text":"81","$minimum":0.18,"$maximum":0.19}},{"81@percentage_bindings":{"text":"80","$minimum":0.19,"$maximum":0.20}},{"80@percentage_bindings":{"text":"79","$minimum":0.20,"$maximum":0.21}},{"79@percentage_bindings":{"text":"78","$minimum":0.21,"$maximum":0.22}},{"78@percentage_bindings":{"text":"77","$minimum":0.22,"$maximum":0.23}},{"77@percentage_bindings":{"text":"76","$minimum":0.23,"$maximum":0.24}},{"76@percentage_bindings":{"text":"75","$minimum":0.24,"$maximum":0.25}},{"75@percentage_bindings":{"text":"74","$minimum":0.25,"$maximum":0.26}},{"74@percentage_bindings":{"text":"73","$minimum":0.26,"$maximum":0.27}},{"73@percentage_bindings":{"text":"72","$minimum":0.27,"$maximum":0.28}},{"72@percentage_bindings":{"text":"71","$minimum":0.28,"$maximum":0.29}},{"71@percentage_bindings":{"text":"70","$minimum":0.29,"$maximum":0.30}},{"80@percentage_bindings":{"text":"69","$minimum":0.30,"$maximum":0.31}},{"69@percentage_bindings":{"text":"68","$minimum":0.31,"$maximum":0.32}},{"68@percentage_bindings":{"text":"67","$minimum":0.32,"$maximum":0.33}},{"67@percentage_bindings":{"text":"66","$minimum":0.33,"$maximum":0.34}},{"66@percentage_bindings":{"text":"65","$minimum":0.34,"$maximum":0.35}},{"65@percentage_bindings":{"text":"64","$minimum":0.35,"$maximum":0.36}},{"64@percentage_bindings":{"text":"63","$minimum":0.36,"$maximum":0.37}},{"63@percentage_bindings":{"text":"62","$minimum":0.37,"$maximum":0.38}},{"62@percentage_bindings":{"text":"61","$minimum":0.38,"$maximum":0.39}},{"61@percentage_bindings":{"text":"60","$minimum":0.39,"$maximum":0.40}},{"80@percentage_bindings":{"text":"59","$minimum":0.40,"$maximum":0.41}},{"59@percentage_bindings":{"text":"58","$minimum":0.41,"$maximum":0.42}},{"58@percentage_bindings":{"text":"57","$minimum":0.42,"$maximum":0.43}},{"57@percentage_bindings":{"text":"56","$minimum":0.43,"$maximum":0.44}},{"56@percentage_bindings":{"text":"55","$minimum":0.44,"$maximum":0.45}},{"55@percentage_bindings":{"text":"54","$minimum":0.45,"$maximum":0.46}},{"54@percentage_bindings":{"text":"53","$minimum":0.46,"$maximum":0.47}},{"53@percentage_bindings":{"text":"52","$minimum":0.47,"$maximum":0.48}},{"52@percentage_bindings":{"text":"51","$minimum":0.48,"$maximum":0.49}},{"51@percentage_bindings":{"text":"50","$minimum":0.49,"$maximum":0.50}},{"80@percentage_bindings":{"text":"49","$minimum":0.50,"$maximum":0.51}},{"49@percentage_bindings":{"text":"48","$minimum":0.51,"$maximum":0.52}},{"48@percentage_bindings":{"text":"47","$minimum":0.52,"$maximum":0.53}},{"47@percentage_bindings":{"text":"46","$minimum":0.53,"$maximum":0.54}},{"46@percentage_bindings":{"text":"45","$minimum":0.54,"$maximum":0.55}},{"45@percentage_bindings":{"text":"44","$minimum":0.55,"$maximum":0.56}},{"44@percentage_bindings":{"text":"43","$minimum":0.56,"$maximum":0.57}},{"43@percentage_bindings":{"text":"42","$minimum":0.57,"$maximum":0.58}},{"42@percentage_bindings":{"text":"41","$minimum":0.58,"$maximum":0.59}},{"41@percentage_bindings":{"text":"40","$minimum":0.59,"$maximum":0.60}},{"80@percentage_bindings":{"text":"39","$minimum":0.60,"$maximum":0.61}},{"39@percentage_bindings":{"text":"38","$minimum":0.61,"$maximum":0.62}},{"38@percentage_bindings":{"text":"37","$minimum":0.62,"$maximum":0.63}},{"37@percentage_bindings":{"text":"36","$minimum":0.63,"$maximum":0.64}},{"36@percentage_bindings":{"text":"35","$minimum":0.64,"$maximum":0.65}},{"35@percentage_bindings":{"text":"34","$minimum":0.65,"$maximum":0.66}},{"34@percentage_bindings":{"text":"33","$minimum":0.66,"$maximum":0.67}},{"33@percentage_bindings":{"text":"32","$minimum":0.67,"$maximum":0.68}},{"32@percentage_bindings":{"text":"31","$minimum":0.68,"$maximum":0.69}},{"31@percentage_bindings":{"text":"30","$minimum":0.69,"$maximum":0.70}},{"80@percentage_bindings":{"text":"29","$minimum":0.70,"$maximum":0.71}},{"29@percentage_bindings":{"text":"28","$minimum":0.71,"$maximum":0.72}},{"28@percentage_bindings":{"text":"27","$minimum":0.72,"$maximum":0.73}},{"27@percentage_bindings":{"text":"26","$minimum":0.73,"$maximum":0.74}},{"26@percentage_bindings":{"text":"25","$minimum":0.74,"$maximum":0.75}},{"25@percentage_bindings":{"text":"24","$minimum":0.75,"$maximum":0.76}},{"24@percentage_bindings":{"text":"23","$minimum":0.76,"$maximum":0.77}},{"23@percentage_bindings":{"text":"22","$minimum":0.77,"$maximum":0.78}},{"22@percentage_bindings":{"text":"21","$minimum":0.78,"$maximum":0.79}},{"21@percentage_bindings":{"text":"20","$minimum":0.79,"$maximum":0.80}},{"80@percentage_bindings":{"text":"19","$minimum":0.80,"$maximum":0.81}},{"19@percentage_bindings":{"text":"18","$minimum":0.81,"$maximum":0.82}},{"18@percentage_bindings":{"text":"17","$minimum":0.82,"$maximum":0.83}},{"17@percentage_bindings":{"text":"16","$minimum":0.83,"$maximum":0.84}},{"16@percentage_bindings":{"text":"15","$minimum":0.84,"$maximum":0.85}},{"15@percentage_bindings":{"text":"14","$minimum":0.85,"$maximum":0.86}},{"14@percentage_bindings":{"text":"13","$minimum":0.86,"$maximum":0.87}},{"13@percentage_bindings":{"text":"12","$minimum":0.87,"$maximum":0.88}},{"12@percentage_bindings":{"text":"11","$minimum":0.88,"$maximum":0.89}},{"11@percentage_bindings":{"text":"10","$minimum":0.89,"$maximum":0.90}},{"80@percentage_bindings":{"text":"9","$minimum":0.90,"$maximum":0.91}},{"9@percentage_bindings":{"text":"8","$minimum":0.91,"$maximum":0.92}},{"8@percentage_bindings":{"text":"7","$minimum":0.92,"$maximum":0.93}},{"7@percentage_bindings":{"text":"6","$minimum":0.93,"$maximum":0.94}},{"6@percentage_bindings":{"text":"5","$minimum":0.94,"$maximum":0.95}},{"5@percentage_bindings":{"text":"4","$minimum":0.95,"$maximum":0.96}},{"4@percentage_bindings":{"text":"3","$minimum":0.96,"$maximum":0.97}},{"3@percentage_bindings":{"text":"2","$minimum":0.97,"$maximum":0.98}},{"2@percentage_bindings":{"text":"1","$minimum":0.98,"$maximum":0.99}},{"1@percentage_bindings":{"text":"0","$minimum":0.99,"$maximum":1.00}}]},"dura_panel_percent":{"type":"stack_panel","size":["100%c","100%cm"],"orientation":"horizontal","$renderer_collection_name|default":"hotbar_items","bindings":[{"binding_name":"(not (#item_durability_total_amount = 0))","binding_name_override":"#visible","binding_type":"collection","binding_collection_name":"$renderer_collection_name"}],"controls":[{"durability@durability_percent_panel":{}}]},"durability_percent_panel":{"type":"panel","size":["100%c","100%cm"],"controls":[{"0@durability_text":{"$durability_text":"0%","$min_durability":0.00,"$max_durability":0.01,"$durability_color":[1.0,0.0,0]}},{"1@durability_text":{"$durability_text":"1%","$min_durability":0.01,"$max_durability":0.02,"$durability_color":[1.0,0.1,0]}},{"2@durability_text":{"$durability_text":"2%","$min_durability":0.02,"$max_durability":0.03,"$durability_color":[1.0,0.1,0]}},{"3@durability_text":{"$durability_text":"3%","$min_durability":0.03,"$max_durability":0.04,"$durability_color":[1.0,0.1,0]}},{"4@durability_text":{"$durability_text":"4%","$min_durability":0.04,"$max_durability":0.05,"$durability_color":[1.0,0.1,0]}},{"5@durability_text":{"$durability_text":"5%","$min_durability":0.05,"$max_durability":0.06,"$durability_color":[1.0,0.1,0]}},{"6@durability_text":{"$durability_text":"6%","$min_durability":0.06,"$max_durability":0.07,"$durability_color":[1.0,0.2,0]}},{"7@durability_text":{"$durability_text":"7%","$min_durability":0.07,"$max_durability":0.08,"$durability_color":[1.0,0.2,0]}},{"8@durability_text":{"$durability_text":"8%","$min_durability":0.08,"$max_durability":0.09,"$durability_color":[1.0,0.2,0]}},{"9@durability_text":{"$durability_text":"9%","$min_durability":0.09,"$max_durability":0.10,"$durability_color":[1.0,0.2,0]}},{"10@durability_text":{"$durability_text":"10%","$min_durability":0.10,"$max_durability":0.11,"$durability_color":[1.0,0.2,0]}},{"11@durability_text":{"$durability_text":"11%","$min_durability":0.11,"$max_durability":0.12,"$durability_color":[1.0,0.3,0]}},{"12@durability_text":{"$durability_text":"12%","$min_durability":0.12,"$max_durability":0.13,"$durability_color":[1.0,0.3,0]}},{"13@durability_text":{"$durability_text":"13%","$min_durability":0.13,"$max_durability":0.14,"$durability_color":[1.0,0.3,0]}},{"14@durability_text":{"$durability_text":"14%","$min_durability":0.14,"$max_durability":0.15,"$durability_color":[1.0,0.3,0]}},{"15@durability_text":{"$durability_text":"15%","$min_durability":0.15,"$max_durability":0.16,"$durability_color":[1.0,0.3,0]}},{"16@durability_text":{"$durability_text":"16%","$min_durability":0.16,"$max_durability":0.17,"$durability_color":[1.0,0.4,0]}},{"17@durability_text":{"$durability_text":"17%","$min_durability":0.17,"$max_durability":0.18,"$durability_color":[1.0,0.4,0]}},{"18@durability_text":{"$durability_text":"18%","$min_durability":0.18,"$max_durability":0.19,"$durability_color":[1.0,0.4,0]}},{"19@durability_text":{"$durability_text":"19%","$min_durability":0.19,"$max_durability":0.20,"$durability_color":[1.0,0.4,0]}},{"20@durability_text":{"$durability_text":"20%","$min_durability":0.20,"$max_durability":0.21,"$durability_color":[1.0,0.4,0]}},{"21@durability_text":{"$durability_text":"21%","$min_durability":0.21,"$max_durability":0.22,"$durability_color":[1.0,0.5,0]}},{"22@durability_text":{"$durability_text":"22%","$min_durability":0.22,"$max_durability":0.23,"$durability_color":[1.0,0.5,0]}},{"23@durability_text":{"$durability_text":"23%","$min_durability":0.23,"$max_durability":0.24,"$durability_color":[1.0,0.5,0]}},{"24@durability_text":{"$durability_text":"24%","$min_durability":0.24,"$max_durability":0.25,"$durability_color":[1.0,0.5,0]}},{"25@durability_text":{"$durability_text":"25%","$min_durability":0.25,"$max_durability":0.26,"$durability_color":[1.0,0.5,0]}},{"26@durability_text":{"$durability_text":"26%","$min_durability":0.26,"$max_durability":0.27,"$durability_color":[1.0,0.6,0]}},{"27@durability_text":{"$durability_text":"27%","$min_durability":0.27,"$max_durability":0.28,"$durability_color":[1.0,0.6,0]}},{"28@durability_text":{"$durability_text":"28%","$min_durability":0.28,"$max_durability":0.29,"$durability_color":[1.0,0.6,0]}},{"29@durability_text":{"$durability_text":"29%","$min_durability":0.29,"$max_durability":0.30,"$durability_color":[1.0,0.6,0]}},{"30@durability_text":{"$durability_text":"30%","$min_durability":0.30,"$max_durability":0.31,"$durability_color":[1.0,0.6,0]}},{"31@durability_text":{"$durability_text":"31%","$min_durability":0.31,"$max_durability":0.32,"$durability_color":[1.0,0.7,0]}},{"32@durability_text":{"$durability_text":"32%","$min_durability":0.32,"$max_durability":0.33,"$durability_color":[1.0,0.7,0]}},{"33@durability_text":{"$durability_text":"33%","$min_durability":0.33,"$max_durability":0.34,"$durability_color":[1.0,0.7,0]}},{"34@durability_text":{"$durability_text":"34%","$min_durability":0.34,"$max_durability":0.35,"$durability_color":[1.0,0.7,0]}},{"35@durability_text":{"$durability_text":"35%","$min_durability":0.35,"$max_durability":0.36,"$durability_color":[1.0,0.7,0]}},{"36@durability_text":{"$durability_text":"36%","$min_durability":0.36,"$max_durability":0.37,"$durability_color":[1.0,0.8,0]}},{"37@durability_text":{"$durability_text":"37%","$min_durability":0.37,"$max_durability":0.38,"$durability_color":[1.0,0.8,0]}},{"38@durability_text":{"$durability_text":"38%","$min_durability":0.38,"$max_durability":0.39,"$durability_color":[1.0,0.8,0]}},{"39@durability_text":{"$durability_text":"39%","$min_durability":0.39,"$max_durability":0.40,"$durability_color":[1.0,0.8,0]}},{"40@durability_text":{"$durability_text":"40%","$min_durability":0.40,"$max_durability":0.41,"$durability_color":[1.0,0.8,0]}},{"41@durability_text":{"$durability_text":"41%","$min_durability":0.41,"$max_durability":0.42,"$durability_color":[1.0,0.9,0]}},{"42@durability_text":{"$durability_text":"42%","$min_durability":0.42,"$max_durability":0.43,"$durability_color":[1.0,0.9,0]}},{"43@durability_text":{"$durability_text":"43%","$min_durability":0.43,"$max_durability":0.44,"$durability_color":[1.0,0.9,0]}},{"44@durability_text":{"$durability_text":"44%","$min_durability":0.44,"$max_durability":0.45,"$durability_color":[1.0,0.9,0]}},{"45@durability_text":{"$durability_text":"45%","$min_durability":0.45,"$max_durability":0.46,"$durability_color":[1.0,0.9,0]}},{"46@durability_text":{"$durability_text":"46%","$min_durability":0.46,"$max_durability":0.47,"$durability_color":[1.0,1.0,0]}},{"47@durability_text":{"$durability_text":"47%","$min_durability":0.47,"$max_durability":0.48,"$durability_color":[1.0,1.0,0]}},{"48@durability_text":{"$durability_text":"48%","$min_durability":0.48,"$max_durability":0.49,"$durability_color":[1.0,1.0,0]}},{"49@durability_text":{"$durability_text":"49%","$min_durability":0.49,"$max_durability":0.50,"$durability_color":[1.0,1.0,0]}},{"50@durability_text":{"$durability_text":"50%","$min_durability":0.50,"$max_durability":0.51,"$durability_color":[1.0,1.0,0]}},{"51@durability_text":{"$durability_text":"51%","$min_durability":0.51,"$max_durability":0.52,"$durability_color":[0.9,1.0,0]}},{"52@durability_text":{"$durability_text":"52%","$min_durability":0.52,"$max_durability":0.53,"$durability_color":[0.9,1.0,0]}},{"53@durability_text":{"$durability_text":"53%","$min_durability":0.53,"$max_durability":0.54,"$durability_color":[0.9,1.0,0]}},{"54@durability_text":{"$durability_text":"54%","$min_durability":0.54,"$max_durability":0.55,"$durability_color":[0.9,1.0,0]}},{"55@durability_text":{"$durability_text":"55%","$min_durability":0.55,"$max_durability":0.56,"$durability_color":[0.9,1.0,0]}},{"56@durability_text":{"$durability_text":"56%","$min_durability":0.56,"$max_durability":0.57,"$durability_color":[0.8,1.0,0]}},{"57@durability_text":{"$durability_text":"57%","$min_durability":0.57,"$max_durability":0.58,"$durability_color":[0.8,1.0,0]}},{"58@durability_text":{"$durability_text":"58%","$min_durability":0.58,"$max_durability":0.59,"$durability_color":[0.8,1.0,0]}},{"59@durability_text":{"$durability_text":"59%","$min_durability":0.59,"$max_durability":0.60,"$durability_color":[0.8,1.0,0]}},{"60@durability_text":{"$durability_text":"60%","$min_durability":0.60,"$max_durability":0.61,"$durability_color":[0.8,1.0,0]}},{"61@durability_text":{"$durability_text":"61%","$min_durability":0.61,"$max_durability":0.62,"$durability_color":[0.7,1.0,0]}},{"62@durability_text":{"$durability_text":"62%","$min_durability":0.62,"$max_durability":0.63,"$durability_color":[0.7,1.0,0]}},{"63@durability_text":{"$durability_text":"63%","$min_durability":0.63,"$max_durability":0.64,"$durability_color":[0.7,1.0,0]}},{"64@durability_text":{"$durability_text":"64%","$min_durability":0.64,"$max_durability":0.65,"$durability_color":[0.7,1.0,0]}},{"65@durability_text":{"$durability_text":"65%","$min_durability":0.65,"$max_durability":0.66,"$durability_color":[0.7,1.0,0]}},{"66@durability_text":{"$durability_text":"66%","$min_durability":0.66,"$max_durability":0.67,"$durability_color":[0.6,1.0,0]}},{"67@durability_text":{"$durability_text":"67%","$min_durability":0.67,"$max_durability":0.68,"$durability_color":[0.6,1.0,0]}},{"68@durability_text":{"$durability_text":"68%","$min_durability":0.68,"$max_durability":0.69,"$durability_color":[0.6,1.0,0]}},{"69@durability_text":{"$durability_text":"69%","$min_durability":0.69,"$max_durability":0.70,"$durability_color":[0.6,1.0,0]}},{"70@durability_text":{"$durability_text":"70%","$min_durability":0.70,"$max_durability":0.71,"$durability_color":[0.6,1.0,0]}},{"71@durability_text":{"$durability_text":"71%","$min_durability":0.71,"$max_durability":0.72,"$durability_color":[0.5,1.0,0]}},{"72@durability_text":{"$durability_text":"72%","$min_durability":0.72,"$max_durability":0.73,"$durability_color":[0.5,1.0,0]}},{"73@durability_text":{"$durability_text":"73%","$min_durability":0.73,"$max_durability":0.74,"$durability_color":[0.5,1.0,0]}},{"74@durability_text":{"$durability_text":"74%","$min_durability":0.74,"$max_durability":0.75,"$durability_color":[0.5,1.0,0]}},{"75@durability_text":{"$durability_text":"75%","$min_durability":0.75,"$max_durability":0.76,"$durability_color":[0.5,1.0,0]}},{"76@durability_text":{"$durability_text":"76%","$min_durability":0.76,"$max_durability":0.77,"$durability_color":[0.4,1.0,0]}},{"77@durability_text":{"$durability_text":"77%","$min_durability":0.77,"$max_durability":0.78,"$durability_color":[0.4,1.0,0]}},{"78@durability_text":{"$durability_text":"78%","$min_durability":0.78,"$max_durability":0.79,"$durability_color":[0.4,1.0,0]}},{"79@durability_text":{"$durability_text":"79%","$min_durability":0.79,"$max_durability":0.80,"$durability_color":[0.4,1.0,0]}},{"80@durability_text":{"$durability_text":"80%","$min_durability":0.80,"$max_durability":0.81,"$durability_color":[0.4,1.0,0]}},{"81@durability_text":{"$durability_text":"81%","$min_durability":0.81,"$max_durability":0.82,"$durability_color":[0.3,1.0,0]}},{"82@durability_text":{"$durability_text":"82%","$min_durability":0.82,"$max_durability":0.83,"$durability_color":[0.3,1.0,0]}},{"83@durability_text":{"$durability_text":"83%","$min_durability":0.83,"$max_durability":0.84,"$durability_color":[0.3,1.0,0]}},{"84@durability_text":{"$durability_text":"84%","$min_durability":0.84,"$max_durability":0.85,"$durability_color":[0.3,1.0,0]}},{"85@durability_text":{"$durability_text":"85%","$min_durability":0.85,"$max_durability":0.86,"$durability_color":[0.3,1.0,0]}},{"86@durability_text":{"$durability_text":"86%","$min_durability":0.86,"$max_durability":0.87,"$durability_color":[0.2,1.0,0]}},{"87@durability_text":{"$durability_text":"87%","$min_durability":0.87,"$max_durability":0.88,"$durability_color":[0.2,1.0,0]}},{"88@durability_text":{"$durability_text":"88%","$min_durability":0.88,"$max_durability":0.89,"$durability_color":[0.2,1.0,0]}},{"89@durability_text":{"$durability_text":"89%","$min_durability":0.89,"$max_durability":0.90,"$durability_color":[0.2,1.0,0]}},{"90@durability_text":{"$durability_text":"90%","$min_durability":0.90,"$max_durability":0.91,"$durability_color":[0.2,1.0,0]}},{"91@durability_text":{"$durability_text":"91%","$min_durability":0.91,"$max_durability":0.92,"$durability_color":[0.1,1.0,0]}},{"92@durability_text":{"$durability_text":"92%","$min_durability":0.92,"$max_durability":0.93,"$durability_color":[0.1,1.0,0]}},{"93@durability_text":{"$durability_text":"93%","$min_durability":0.93,"$max_durability":0.94,"$durability_color":[0.1,1.0,0]}},{"94@durability_text":{"$durability_text":"94%","$min_durability":0.94,"$max_durability":0.95,"$durability_color":[0.1,1.0,0]}},{"95@durability_text":{"$durability_text":"95%","$min_durability":0.95,"$max_durability":0.96,"$durability_color":[0.1,1.0,0]}},{"96@durability_text":{"$durability_text":"96%","$min_durability":0.96,"$max_durability":0.97,"$durability_color":[0,1.0,0]}},{"97@durability_text":{"$durability_text":"97%","$min_durability":0.97,"$max_durability":0.98,"$durability_color":[0,1.0,0]}},{"98@durability_text":{"$durability_text":"98%","$min_durability":0.98,"$max_durability":0.99,"$durability_color":[0,1.0,0]}},{"99@durability_text":{"$durability_text":"99%","$min_durability":0.99,"$max_durability":1.00,"$durability_color":[0,1.0,0]}},{"100@durability_text":{"$durability_text":"100%","$min_durability":1.00,"$max_durability":1.01,"$durability_color":[0,1.0,0]}}]},"durability_text":{"type":"panel","size":["100%c","100%cm"],"controls":[{"percent@durability_percent":{"type":"label","max_size":["default",10],"text":"$durability_text","color":"$durability_color","font_scale_factor":0.9,"shadow":true,"localize":false}}]},"durability_percent":{"$total_bar":"#item_durability_total_amount","$current_bar":"#item_durability_current_amount","bindings":[{"binding_name":"$total_bar","binding_type":"collection","binding_collection_name":"$renderer_collection_name"},{"binding_name":"$current_bar","binding_type":"collection","binding_collection_name":"$renderer_collection_name"},{"binding_type":"view","source_property_name":"((($current_bar / $total_bar) > $min_durability) and (($current_bar / $total_bar) < $max_durability)) or (($current_bar / $total_bar) = $min_durability)","target_property_name":"#visible"}]}}