{
    "namespace": "light_pause",
    "main_background@pl.img": {
        "anchor_from": "center",
        "anchor_to": "center",
        "size": [
            250,
            150
        ],
        "texture": ".light/textures/bg/base_bg",
        "layer": 1,
        "alpha": 0.65,
        "controls": [
            {
                "top_bar@pl.img": {
                    "anchor_from": "top_middle",
                    "anchor_to": "top_middle",
                    "size": [
                        250,
                        40
                    ],
                    "texture": ".light/textures/bg/secondary_bg",
                    "layer": 1,
                    "alpha": 0.65,
                    "controls": [
                        {
                            "invite_players@light_image_buttons.main_button": {
                                "$pressed_button_name": "button.menu_invite_players",
                                "layer": 3,
                                "$button_icon": ".light/textures/icons/invite_players",
                                "anchor_from": "right_middle",
                                "anchor_to": "ríght_middle",
                                "size": [
                                    24,
                                    24
                                ],
                                "offset": [
                                    -70,
                                    0
                                ],
                                "bindings": [
                                    {
                                        "binding_name": "#invite_button_visible",
                                        "binding_name_override": "#visible",
                                        "binding_type": "global"
                                    },
                                    {
                                        "binding_name": "#invite_button_enabled",
                                        "binding_name_override": "#enabled"
                                    }
                                ]
                            }
                        },
                        {
                            "player_list@light_image_buttons.main_button": {
                                "$pressed_button_name": "button.menu_permission",
                                "layer": 3,
                                "$button_icon": ".light/textures/icons/player_list",
                                "anchor_from": "right_middle",
                                "anchor_to": "ríght_middle",
                                "size": [
                                    24,
                                    24
                                ],
                                "offset": [
                                    -45,
                                    0
                                ],
                                "bindings": [
                                    {
                                        "binding_type": "collection_details",
                                        "binding_collection_name": "players_collection"
                                    }
                                ]
                            }
                        },
                        {
                            "screenshot_button@light_image_buttons.main_button": {
                                "$pressed_button_name": "button.screenshot",
                                "$button_icon": ".light/textures/icons/screenshot",
                                "sound_name": "random.screenshot",
                                "layer": 3,
                                "anchor_from": "right_middle",
                                "anchor_to": "ríght_middle",
                                "size": [
                                    24,
                                    24
                                ],
                                "offset": [
                                    -20,
                                    0
                                ]
                            }
                        },
                        {
                            "logo@pl.img": {
                                "texture": ".light/textures/logo",
                                "layer": 3,
                                "size": [
                                    32,
                                    32
                                ],
                                "anchor_from": "left_middle",
                                "anchor_to": "left_middle",
                                "offset": [
                                    5,
                                    0
                                ]
                            }
                        }
                    ]
                }
            }
        ]
    },
    "resume_button@light_buttons.main_button": {
        "$pressed_button_name": "button.menu_continue",
        "$button_text": "Resume",
        "layer": 3,
        "size": [
            200,
            20
        ],
        "offset": [
            0,
            -11
        ]
    },
    "settings_button@light_buttons.main_button": {
        "$pressed_button_name": "button.menu_settings",
        "$button_text": "Settings",
        "layer": 3,
        "size": [
            200,
            20
        ],
        "offset": [
            0,
            10
        ]
    },
    "store_button@light_buttons.main_button": {
        "$pressed_buttton_name": "button.menu_store",
        "$button_text": "Store",
        "layer": 3,
        "size": [
            100,
            20
        ],
        "offset": [
            -50,
            31
        ]
    },
    "skins_button@light_buttons.main_button": {
        "$pressed_button_name": "button.to_profile_or_skins_screen",
        "$button_text": "Skins",
        "layer": 3,
        "size": [
            100,
            20
        ],
        "offset": [
            50,
            31
        ]
    },
    "quit_button@light_buttons.main_button": {
        "$pressed_button_name": "button.menu_quit",
        "$button_text": "Save & Quit",
        "layer": 3,
        "size": [
            200,
            20
        ],
        "offset": [
            0,
            52
        ]
    },
    "light_mods_button@light_toggles.light_button_toggle": {
        "$toggle_view_binding_name": "mod_menu_toggle",
        "$button_text": "M",
        "anchor_from": "bottom_left",
        "anchor_to": "bottom_left",
        "size": [
            24,
            24
        ],
        "offset": [
            5,
            -5
        ],
        "$button_mappings": [
            {
                "from_button_id": "button.menu_select",
                "mapping_type": "double_pressed",
                "to_button_id": "button.mod_menu"
            }
        ],
        "bindings": [
            {
                "binding_type": "view",
                "source_control_name": "mod_menu_toggle",
                "source_property_name": "(not #toggle_state)",
                "target_property_name": "#visible"
            }
        ],
        "$extra_content": "light_pause.hover_text"
    },
    "edit_mods_hud@light_image_toggles.light_button_toggle": {
        "$button_icon": ".light/textures/icons/edit_hud",
        "$toggle_view_binding_name": "light_edit_mods_hud",
        "anchor_from": "bottom_left",
        "anchor_to": "bottom_left",
        "$toggle_group_forced_index": 1,
        "offset": [
            30,
            -5
        ],
        "layer": 1,
        "$button_icon_size": [
            16,
            16
        ],
        "size": [
            24,
            24
        ],
        "$extra_content": "light_pause.hover_text2",
        "$button_mappings": [
            {
                "from_button_id": "button.menu_select",
                "mapping_type": "double_pressed",
                "to_button_id": "button.edit_hud"
            }
        ]
    }
}