{
    "namespace": "light_pause",
    "main_pause_panel": {
        "type": "panel",
        "layer": 1,
        "controls": [
            {
                "main_panel@light_pause.main_panel": {}
            },
            {
                "light_invis_mod_menu@light_pause.invis_mod_menu": {}
            },
            {
                "light_mod_button@light_pause.light_mods_button": {}
            },
            {
                "edit_mods_hud@light_pause.edit_mods_hud": {}
            }
        ]
    },
    "main_panel": {
        "type": "panel",
        "layer": 1,
        "bindings": [
            {
                "binding_type": "view",
                "source_control_name": "mod_menu_toggle",
                "source_property_name": "(not #toggle_state)",
                "target_property_name": "#visible"
            },
            {
                "binding_type": "view",
                "source_control_name": "light_edit_mods_hud",
                "source_property_name": "(not #toggle_state)",
                "target_property_name": "#visible"
            }
        ],
        "controls": [
            {
                "logo@light_pause.logo": {}
            },
            {
                "main_background@light_pause.main_background": {}
            },
            {
                "quit_button@light_pause.quit_button": {}
            },
            {
                "resume_button@light_pause.resume_button": {}
            },
            {
                "screen_background@light_pause.common.screen_background": {}
            },
            {
                "settings_button@light_pause.settings_button": {}
            },
            {
                "skins_button@light_pause.skins_button": {}
            },
            {
                "store_button@light_pause.store_button": {}
            },
            {
                "light_pause_info@light_pause.light_pause_info_panel": {}
            }
        ]
    }
}