{
    "namespace": "light_play",
    "servers_icon@pl.img": {
        "texture": ".light/textures/icons/servers",
        "size": [
            16,
            16
        ]
    },
    "worlds_icon@pl.img": {
        "texture": ".light/textures/icons/worlds",
        "size": [
            16,
            16
        ]
    },
    "friends_icon@pl.img": {
        "texture": ".light/textures/icons/player_list",
        "size": [
            16,
            16
        ]
    },
    "light_bg": {
        "type": "panel",
        "anchor_from": "center",
        "anchor_to": "center",
        "size": [
            344,
            194
        ],
        "controls": [
            {
                "background": {
                    "type": "image",
                    "texture": ".light/textures/bg/base_bg",
                    "layer": 1,
                    "size": [
                        358,
                        206
                    ],
                    "alpha": 0.65,
                    "controls": [
                        {
                            "top_bar@pl.img": {
                                "anchor_from": "top_middle",
                                "anchor_to": "top_middle",
                                "size": [
                                    358,
                                    40
                                ],
                                "texture": ".light/textures/bg/secondary_bg",
                                "layer": 1,
                                "alpha": 0.65,
                                "controls": [
                                    {
                                        "logo@pl.img": {
                                            "texture": ".light/textures/logo",
                                            "layer": 3,
                                            "size": [
                                                32,
                                                32
                                            ],
                                            "anchor_from": "left_middle",
                                            "anchor_to": "left_middle",
                                            "offset": [
                                                5,
                                                0
                                            ]
                                        }
                                    },
                                    {
                                        "exit@light_image_buttons.main_button": {
                                            "$pressed_button_name": "button.menu_exit",
                                            "$button_icon": ".light/textures/icons/close",
                                            "layer": 3,
                                            "anchor_from": "right_middle",
                                            "anchor_to": "ríght_middle",
                                            "size": [
                                                24,
                                                24
                                            ],
                                            "offset": [
                                                -20,
                                                0
                                            ]
                                        }
                                    },
                                    {
                                        "light_quick_play@light_image_buttons.main_button": {
                                            "$pressed_button_name": "button.menu_quick_play",
                                            "$button_icon": ".light/textures/icons/ip_display",
                                            "focus_identifier": "light_quick_play_button",
                                            "layer": 2,
                                            "anchor_from": "right_middle",
                                            "anchor_to": "ríght_middle",
                                            "size": [
                                                24,
                                                24
                                            ],
                                            "offset": [
                                                -170,
                                                0
                                            ]
                                        }
                                    },
                                    {
                                        "light_settings@light_image_buttons.main_button": {
                                            "$pressed_button_name": "button.editor_settings",
                                            "$button_icon": ".light/textures/icons/gear",
                                            "focus_identifier": "light_settings",
                                            "layer": 2,
                                            "anchor_from": "right_middle",
                                            "anchor_to": "ríght_middle",
                                            "size": [
                                                24,
                                                24
                                            ],
                                            "offset": [
                                                -145,
                                                0
                                            ]
                                        }
                                    },
                                    {
                                        "light_realminvites@light_image_buttons.main_button": {
                                            "$pressed_button_name": "button.menu_invite_notification",
                                            "$button_icon": ".light/textures/icons/invite_players",
                                            "focus_identifier": "light_realm_invites",
                                            "layer": 2,
                                            "anchor_from": "right_middle",
                                            "anchor_to": "ríght_middle",
                                            "size": [
                                                24,
                                                24
                                            ],
                                            "offset": [
                                                -120,
                                                0
                                            ]
                                        }
                                    },
                                    {
                                        "world@light_play.world_navigation_tab": {
                                            "$tab_text_name": "",
                                            "$tab_icon": "light_play.worlds_icon",
                                            "anchor_from": "right_middle",
                                            "anchor_to": "ríght_middle",
                                            "size": [
                                                24,
                                                24
                                            ],
                                            "offset": [
                                                -95,
                                                0
                                            ]
                                        }
                                    },
                                    {
                                        "friends@light_play.friends_navigation_tab": {
                                            "$tab_text_name": "",
                                            "$tab_icon": "light_play.friends_icon",
                                            "anchor_from": "right_middle",
                                            "anchor_to": "ríght_middle",
                                            "size": [
                                                24,
                                                24
                                            ],
                                            "offset": [
                                                -70,
                                                0
                                            ]
                                        }
                                    },
                                    {
                                        "server@light_play.server_navigation_tab": {
                                            "$tab_icon": "light_play.servers_icon",
                                            "$tab_text_name": "",
                                            "anchor_from": "right_middle",
                                            "anchor_to": "ríght_middle",
                                            "size": [
                                                24,
                                                24
                                            ],
                                            "offset": [
                                                -45,
                                                0
                                            ]
                                        }
                                    }
                                ]
                            }
                        },
                        {
                            "worlds_tab_content@light_play.worlds_tab_content_panel": {
                                "anchor_from": "top_middle",
                                "anchor_to": "top_middle",
                                "offset": [
                                    0,
                                    26
                                ],
                                "size": [
                                    358,
                                    181
                                ]
                            }
                        },
                        {
                            "friends_tab_content@light_play.friends_tab_content_panel": {
                                "anchor_from": "top_middle",
                                "anchor_to": "top_middle",
                                "offset": [
                                    0,
                                    26
                                ],
                                "size": [
                                    358,
                                    181
                                ]
                            }
                        },
                        {
                            "server_tab_content_panel@light_play.server_tab_content_panel": {
                                "anchor_from": "top_middle",
                                "anchor_to": "top_middle",
                                "offset": [
                                    0,
                                    26
                                ],
                                "size": [
                                    358,
                                    181
                                ]
                            }
                        }
                    ]
                }
            }
        ]
    },
    "worlds_tab_content_panel@light_play.common_tab_content_panel": {
        "$visible_bind_toggle_source_control": "world_navigation_tab_toggle",
        "$scroll_tab_content": "play.worlds_scroll_content",
        "size": [
            "100%",
            "90%"
        ]
    },
    "friends_tab_content_panel@light_play.common_tab_content_panel": {
        "$visible_bind_toggle_source_control": "friends_navigation_tab_toggle",
        "$scroll_tab_content": "play.friends_scroll_content",
        "size": [
            "100%",
            "90%"
        ]
    },
    "server_tab_content_panel@light_play.common_tab_content_panel": {
        "$visible_bind_toggle_source_control": "server_navigation_tab_toggle",
        "$scroll_tab_content": "play.server_scroll_content",
        "size": [
            "100%",
            "90%"
        ]
    },
    "top_tab@common_tabs.tab_top": {
        "$toggle_tts_enabled_binding_type": "global",
        "$radio_toggle_group": true,
        "$toggle_name": "navigation_tab",
        "$toggle_group_default_selected": "$default_tab",
        "anchor_to": "top_left",
        "anchor_from": "top_left",
        "$toggle_tts_type_priority": 1001,
        "$toggle_tts_toggle_on_text": "",
        "$toggle_tts_toggle_off_text": "",
        "$toggle_tts_index_priority": 1002,
        "variables": [
            {
                "requires": "($is_left_most_tab and not $is_right_most_tab)",
                "$unchecked_default_image": ".light/textures/buttons/default",
                "$unchecked_hover_image": ".light/textures/buttons/hover",
                "$unchecked_locked_image": ".light/textures/buttons/hover",
                "$unchecked_locked_hover_image": ".light/textures/buttons/default",
                "$checked_default_image": ".light/textures/buttons/hover",
                "$checked_hover_image": ".light/textures/buttons/default",
                "$checked_locked_image": ".light/textures/buttons/hover",
                "$checked_locked_hover_image": ".light/textures/buttons/default"
            },
            {
                "requires": "($is_right_most_tab and not $is_left_most_tab)",
                "$unchecked_default_image": ".light/textures/buttons/default",
                "$unchecked_hover_image": ".light/textures/buttons/hover",
                "$unchecked_locked_image": ".light/textures/buttons/hover",
                "$unchecked_locked_hover_image": ".light/textures/buttons/default",
                "$checked_default_image": ".light/textures/buttons/hover",
                "$checked_hover_image": ".light/textures/buttons/default",
                "$checked_locked_image": ".light/textures/buttons/hover",
                "$checked_locked_hover_image": ".light/textures/buttons/default"
            }
        ],
        "$unchecked_default_image": ".light/textures/buttons/default",
        "$unchecked_hover_image": ".light/textures/buttons/hover",
        "$unchecked_locked_image": ".light/textures/buttons/hover",
        "$unchecked_locked_hover_image": ".light/textures/buttons/default",
        "$checked_default_image|default": ".light/textures/buttons/hover",
        "$checked_hover_image|default": ".light/textures/buttons/default",
        "$checked_locked_image|default": ".light/textures/buttons/hover",
        "$checked_locked_hover_image|default": ".light/textures/buttons/default"
    },
    "world_navigation_tab@light_play.top_tab": {
        "$is_left_most_tab": true,
        "$tab_view_binding_name": "world_navigation_tab_toggle",
        "$tab_icon": "worlds_icon",
        "$count_text_name": "#world_item_count",
        "$tab_text_name": "selectWorld.tab.worlds",
        "$toggle_group_forced_index": 0,
        "$tab_content": "play.common_navigation_tab_content",
        "variables": [
            {
                "requires": "$is_editor_mode_enabled",
                "$tab_text_name": "playscreen.editor.worlds"
            }
        ]
    },
    "friends_navigation_tab@light_play.top_tab": {
        "$tab_view_binding_name": "friends_navigation_tab_toggle",
        "$tab_icon": "friends_icon_2",
        "$tab_icon_2": "friends_icon_1",
        "$tab_icon_nobounce": "friends_icon_2",
        "$tab_icon_nobounce_2": "friends_icon_1",
        "$visibility_binding_override_name": "#friends_tab_show_bouncing",
        "$visibility_binding_override_name_nobounce": "#friends_tab_show_not_bouncing",
        "$visibility_binding_override_name_notification": "#friends_tab_show_invites",
        "$count_text_name": "#friend_world_item_count",
        "$tab_text_name": "selectWorld.tab.friends",
        "$toggle_group_forced_index": 1,
        "$tab_content": "play.friends_navigation_tab_content"
    },
    "server_navigation_tab@light_play.top_tab": {
        "$tab_view_binding_name": "server_navigation_tab_toggle",
        "$tab_icon": "server_tab_icon",
        "$count_text_name": "#server_world_item_count",
        "$tab_text_name": "selectWorld.tab.thirdParty",
        "$toggle_group_forced_index": 2,
        "$tab_content": "play.common_navigation_tab_content"
    },
    "common_tab_content_panel": {
        "type": "panel",
        "controls": [
            {
                "content@$scroll_tab_content": {
                    "anchor_from": "top_middle",
                    "anchor_to": "top_middle",
                    "size": [
                        "100%",
                        "90%"
                    ],
                    "offset": [
                        0,
                        10
                    ],
                    "ttsSectionContainer": true
                }
            }
        ],
        "bindings": [
            {
                "binding_type": "view",
                "source_control_name": "$visible_bind_toggle_source_control",
                "source_property_name": "#toggle_state",
                "target_property_name": "#visible"
            }
        ]
    }
}