{
    "format_version": "1.12.0",
    "minecraft:geometry": [
        {
            "description": {
                "identifier": "geometry.direction_hud",
                "texture_width": 128,
                "texture_height": 8
            },
            "bones": [
                {
                    "name": "direction_hud",
                    "pivot": [
                        0,
                        0,
                        0
                    ],
                    "cubes": [
                        {
                            "origin": [
                                -24,
                                0,
                                0
                            ],
                            "size": [
                                96,
                                8,
                                0
                            ],
                            "uv": [
                                0,
                                0
                            ]
                        }
                    ]
                }
            ]
        }
    ]
}