{
    "format_version": "1.10.0",
    "render_controllers": {
        "controller.render.light_timerhud_seconds": {
            "geometry": "geometry.light_timerhud_seconds",
            "materials": [
                {
                    "*": "material.render_method"
                }
            ],
            "textures": [
                "Texture.blank",
                "array.light1[math.mod(q.life_time/10,6)]",
                "array.light2[math.mod(q.life_time/1,10)]"
            ],
            "filter_lighting": true,
            "ignore_lighting": true,
            "light_color_multiplier": 1.25,
            "arrays": {
                "textures": {
                    "array.light1": [
                        "Texture.light1_num0",
                        "Texture.light1_num1",
                        "Texture.light1_num2",
                        "Texture.light1_num3",
                        "Texture.light1_num4",
                        "Texture.light1_num5",
                        "Texture.light1_num6",
                        "Texture.light1_num7",
                        "Texture.light1_num8",
                        "Texture.light1_num9"
                    ],
                    "array.light2": [
                        "Texture.light2_num0",
                        "Texture.light2_num1",
                        "Texture.light2_num2",
                        "Texture.light2_num3",
                        "Texture.light2_num4",
                        "Texture.light2_num5",
                        "Texture.light2_num6",
                        "Texture.light2_num7",
                        "Texture.light2_num8",
                        "Texture.light2_num9"
                    ]
                }
            },
            "is_hurt_color": {},
            "on_fire_color": {}
        },
        "controller.render.light_timerhud_minutes": {
            "geometry": "geometry.light_timerhud_minutes",
            "materials": [
                {
                    "*": "material.render_method"
                }
            ],
            "textures": [
                "Texture.blank",
                "array.light1[math.mod(q.life_time/600,6)]",
                "array.light2[math.mod(q.life_time/60,10)]"
            ],
            "filter_lighting": true,
            "ignore_lighting": true,
            "light_color_multiplier": 1.25,
            "arrays": {
                "textures": {
                    "array.light1": [
                        "Texture.light1_num0",
                        "Texture.light1_num1",
                        "Texture.light1_num2",
                        "Texture.light1_num3",
                        "Texture.light1_num4",
                        "Texture.light1_num5",
                        "Texture.light1_num6",
                        "Texture.light1_num7",
                        "Texture.light1_num8",
                        "Texture.light1_num9"
                    ],
                    "array.light2": [
                        "Texture.light2_num0",
                        "Texture.light2_num1",
                        "Texture.light2_num2",
                        "Texture.light2_num3",
                        "Texture.light2_num4",
                        "Texture.light2_num5",
                        "Texture.light2_num6",
                        "Texture.light2_num7",
                        "Texture.light2_num8",
                        "Texture.light2_num9"
                    ]
                }
            },
            "is_hurt_color": {},
            "on_fire_color": {}
        },
        "controller.render.light_timerhud_hours": {
            "geometry": "geometry.light_timerhud_hours",
            "materials": [
                {
                    "*": "material.render_method"
                }
            ],
            "textures": [
                "Texture.blank",
                "array.light1[math.mod(q.life_time/36000,6)]",
                "array.light2[math.mod(q.life_time/3600,10)]"
            ],
            "filter_lighting": true,
            "ignore_lighting": true,
            "light_color_multiplier": 1.25,
            "arrays": {
                "textures": {
                    "array.light1": [
                        "Texture.light1_num0",
                        "Texture.light1_num1",
                        "Texture.light1_num2",
                        "Texture.light1_num3",
                        "Texture.light1_num4",
                        "Texture.light1_num5",
                        "Texture.light1_num6",
                        "Texture.light1_num7",
                        "Texture.light1_num8",
                        "Texture.light1_num9"
                    ],
                    "array.light2": [
                        "Texture.light2_num0",
                        "Texture.light2_num1",
                        "Texture.light2_num2",
                        "Texture.light2_num3",
                        "Texture.light2_num4",
                        "Texture.light2_num5",
                        "Texture.light2_num6",
                        "Texture.light2_num7",
                        "Texture.light2_num8",
                        "Texture.light2_num9"
                    ]
                }
            },
            "is_hurt_color": {},
            "on_fire_color": {}
        }
    }
}