{
    "namespace": "crafting",
    "player_inventory": {
        "modifications": [
            {
                "array_name": "controls",
                "operation": "insert_back",
                "value": [
                    {
                        "stats@light_inventory.stats_panel": {}
                    },
                    {
                        "armor_renderer@light_inventory.armor_render_grid": {}
                    },
                    {
                        "toggle_mode@light_inventory.toggle_mode": {
                            "anchor_from": "bottom_right",
                            "anchor_to": "bottom_right",
                            "offset": [
                                26,
                                0
                            ],
                            "layer": -3
                        }
                    },
                    {
                        "auto_place_mode@light_inventory.auto_place_mode": {}
                    },
                    {
                        "destroy_mode@light_inventory.destroy_mode": {}
                    },
                    {
                        "drop_one_mode@light_inventory.drop_one_mode": {}
                    },
                    {
                        "drop_all_mode@light_inventory.drop_all_mode": {}
                    }
                ]
            }
        ]
    },
    "work_bench_panel_3x3/work_bench_output_grid": {
        "offset": [
            94,
            30
        ]
    },
    "gamepad_helper_bumpers": {
        "$left_bumper_anchor_from": "top_right",
        "$left_bumper_anchor_to": "bottom_right",
        "$right_bumper_anchor_from": "bottom_right",
        "$right_bumper_anchor_to": "top_right"
    },
    "gamepad_helper_bumpers/gamepad_helper_left_bumper": {
        "offset": [
            0,
            4
        ]
    },
    "left_tab@common_tabs.tab_left": {
        "$toggle_focus_enabled": false,
        "$toggle_name": "navigation_tab",
        "$toggle_group_default_selected": "$construction_index",
        "$tab_content": "crafting.empty_tab_panel"
    },
    "left_search_tab@crafting.left_tab": {
        "$is_bottom_most_tab": true,
        "$tab_view_binding_name": "search_tab_toggle",
        "$tab_icon": "crafting.search_icon",
        "$toggle_group_forced_index": "$search_index",
        "$toggle_binding_type": "global",
        "$toggle_state_binding_name": "#is_left_tab_search",
        "$focus_id": "search_tab",
        "$focus_override_up": "nature_tab",
        "$focus_override_down": "FOCUS_OVERRIDE_STOP",
        "$focus_override_left": "FOCUS_OVERRIDE_STOP"
    },
    "left_construction_tab@crafting.left_tab": {
        "$is_top_most_tab": true,
        "$tab_view_binding_name": "construction_tab_toggle",
        "$tab_icon": "crafting.construction_icon",
        "$toggle_group_forced_index": "$construction_index",
        "$toggle_binding_type": "global",
        "$toggle_state_binding_name": "#is_left_tab_construct",
        "$focus_id": "construction_tab",
        "$focus_override_left": "help_button",
        "$focus_override_down": "equipment_tab",
        "$focus_override_up": "FOCUS_OVERRIDE_STOP"
    },
    "left_equipment_tab@crafting.left_tab": {
        "$tab_view_binding_name": "equipment_tab_toggle",
        "$tab_icon": "crafting.equipment_icon",
        "$toggle_group_forced_index": "$equipment_index",
        "$toggle_binding_type": "global",
        "$toggle_state_binding_name": "#is_left_tab_equipment",
        "$focus_id": "equipment_tab",
        "$focus_override_left": "FOCUS_OVERRIDE_STOP",
        "$focus_override_up": "construction_tab",
        "$focus_override_down": "items_tab"
    },
    "left_nature_tab@crafting.left_tab": {
        "$tab_view_binding_name": "nature_tab_toggle",
        "$tab_icon": "crafting.nature_icon",
        "$toggle_group_forced_index": "$nature_index",
        "$toggle_binding_type": "global",
        "$toggle_state_binding_name": "#is_left_tab_nature",
        "$focus_id": "nature_tab",
        "$focus_override_left": "FOCUS_OVERRIDE_STOP",
        "$focus_override_up": "items_tab",
        "$focus_override_down": "search_tab"
    },
    "left_items_tab@crafting.left_tab": {
        "$tab_view_binding_name": "items_tab_toggle",
        "$tab_icon": "crafting.miscellaneous_icon",
        "$toggle_group_forced_index": "$items_index",
        "$toggle_binding_type": "global",
        "$toggle_state_binding_name": "#is_left_tab_items",
        "$focus_id": "items_tab",
        "$focus_override_left": "FOCUS_OVERRIDE_STOP",
        "$focus_override_up": "equipment_tab",
        "$focus_override_down": "nature_tab"
    },
    "tab_navigation_panel_layout": {
        "size": [
            30,
            "100%"
        ]
    },
    "tab_navigation_panel_layout/navigation_tabs": {
        "size": [
            "100%",
            "fill"
        ]
    },
    "tab_navigation_panel_layout/navigation_tabs/content": {
        "orientation": "vertical",
        "size": [
            "100% + 4px",
            "100%"
        ],
        "controls": [
            {
                "construction_tab@crafting.left_construction_tab": {
                    "size": [
                        "100%",
                        25
                    ]
                }
            },
            {
                "equipment_tab@crafting.left_equipment_tab": {
                    "size": [
                        "100%",
                        25
                    ]
                }
            },
            {
                "items_tab@crafting.left_items_tab": {
                    "size": [
                        "100%",
                        25
                    ]
                }
            },
            {
                "nature_tab@crafting.left_nature_tab": {
                    "size": [
                        "100%",
                        25
                    ]
                }
            },
            {
                "fill_panel_0": {
                    "type": "panel",
                    "size": [
                        "100%",
                        41
                    ]
                }
            },
            {
                "search_tab@crafting.left_search_tab": {
                    "size": [
                        "100%",
                        25
                    ]
                }
            }
        ]
    },
    "recipe_book/tab_navigation_panel": {
        "size": [
            23,
            166
        ],
        "anchor_from": "top_left",
        "anchor_to": "top_right"
    },
    "recipe_book/gamepad_helper_bumpers": {
        "size": [
            16,
            166
        ],
        "anchor_to": "top_right"
    }
}