{
    "world_loading_progress_screen": {
        "$screen_bg_content": "light_bg.light_main_bg",
        "$screen_content": "light_progress.progress_content"
    },
    "overworld_loading_progress_screen": {
        "$screen_bg_content": "light_bg.light_main_bg",
        "$screen_content": "light_progress.progress_content",
        "$screen_animations": []
    },
    "nether_loading_progress_screen": {
        "$screen_bg_content": "light_bg.light_main_bg",
        "$screen_content": "light_progress.progress_content",
        "$screen_animations": []
    },
    "theend_loading_progress_screen": {
        "$screen_bg_content": "light_bg.light_main_bg",
        "$screen_content": "light_progress.progress_content",
        "$screen_animations": []
    }
}