{
    "namespace": "common_buttons",
    "hyperlink_button@light_buttons.main_button": {
        "$pressed_button_name": "button.menu_open_uri",
        "property_bag": {
            "#hyperlink": ""
        }
    },
    "dark_button_assets@common.button": {
        "$default_button_texture|default": ".light/textures/buttons/default",
        "$hover_button_texture|default": ".light/textures/buttons/hover",
        "$pressed_button_texture|default": ".light/textures/buttons/hover",
        "$locked_button_texture|default": ".light/textures/buttons/hover",
        "locked_control": "locked",
        "$border_visible": false,
        "$default_state_border_visible": false,
        "$hover_state_border_visible": false,
        "$pressed_state_border_visible": false,
        "$locked_state_border_visible": false,
        "$default_border_visible": false,
        "$locked_alpha": 1
    }
}