{
    "namespace": "light_crosshair",
    "crosshair_panel": {
        "type": "panel",
        "size": [
            16,
            16
        ],
        "bindings": [
            {
                "binding_type": "view",
                "source_control_name": "ch.panel.toggle",
                "source_property_name": "(not #toggle_state)",
                "target_property_name": "#visible"
            }
        ],
        "controls": [
            {
                "normal": {
                    "type": "panel",
                    "controls": [
                        {
                            "1@pl.img": {
                                "texture": ".light/textures/crosshairs/1",
                                "bindings": [
                                    {
                                        "binding_type": "view",
                                        "source_control_name": "ch.toggle.1",
                                        "source_property_name": "#toggle_state",
                                        "target_property_name": "#visible"
                                    }
                                ]
                            }
                        },
                        {
                            "2@pl.img": {
                                "texture": ".light/textures/crosshairs/2",
                                "bindings": [
                                    {
                                        "binding_type": "view",
                                        "source_control_name": "ch.toggle.2",
                                        "source_property_name": "#toggle_state",
                                        "target_property_name": "#visible"
                                    }
                                ]
                            }
                        },
                        {
                            "3@pl.img": {
                                "texture": ".light/textures/crosshairs/3",
                                "bindings": [
                                    {
                                        "binding_type": "view",
                                        "source_control_name": "ch.toggle.3",
                                        "source_property_name": "#toggle_state",
                                        "target_property_name": "#visible"
                                    }
                                ]
                            }
                        },
                        {
                            "4@pl.img": {
                                "texture": ".light/textures/crosshairs/4",
                                "bindings": [
                                    {
                                        "binding_type": "view",
                                        "source_control_name": "ch.toggle.4",
                                        "source_property_name": "#toggle_state",
                                        "target_property_name": "#visible"
                                    }
                                ]
                            }
                        },
                        {
                            "5@pl.img": {
                                "texture": ".light/textures/crosshairs/5",
                                "bindings": [
                                    {
                                        "binding_type": "view",
                                        "source_control_name": "ch.toggle.5",
                                        "source_property_name": "#toggle_state",
                                        "target_property_name": "#visible"
                                    }
                                ]
                            }
                        },
                        {
                            "6@pl.img": {
                                "texture": ".light/textures/crosshairs/6",
                                "bindings": [
                                    {
                                        "binding_type": "view",
                                        "source_control_name": "ch.toggle.6",
                                        "source_property_name": "#toggle_state",
                                        "target_property_name": "#visible"
                                    }
                                ]
                            }
                        },
                        {
                            "7@pl.img": {
                                "texture": ".light/textures/crosshairs/7",
                                "bindings": [
                                    {
                                        "binding_type": "view",
                                        "source_control_name": "ch.toggle.7",
                                        "source_property_name": "#toggle_state",
                                        "target_property_name": "#visible"
                                    }
                                ]
                            }
                        },
                        {
                            "8@pl.img": {
                                "texture": ".light/textures/crosshairs/8",
                                "bindings": [
                                    {
                                        "binding_type": "view",
                                        "source_control_name": "ch.toggle.8",
                                        "source_property_name": "#toggle_state",
                                        "target_property_name": "#visible"
                                    }
                                ]
                            }
                        },
                        {
                            "9@pl.img": {
                                "texture": ".light/textures/crosshairs/9",
                                "bindings": [
                                    {
                                        "binding_type": "view",
                                        "source_control_name": "ch.toggle.9",
                                        "source_property_name": "#toggle_state",
                                        "target_property_name": "#visible"
                                    }
                                ]
                            }
                        },
                        {
                            "10@pl.img": {
                                "texture": ".light/textures/crosshairs/10",
                                "bindings": [
                                    {
                                        "binding_type": "view",
                                        "source_control_name": "ch.toggle.10",
                                        "source_property_name": "#toggle_state",
                                        "target_property_name": "#visible"
                                    }
                                ]
                            }
                        },
                        {
                            "11@pl.img": {
                                "texture": ".light/textures/crosshairs/11",
                                "bindings": [
                                    {
                                        "binding_type": "view",
                                        "source_control_name": "ch.toggle.11",
                                        "source_property_name": "#toggle_state",
                                        "target_property_name": "#visible"
                                    }
                                ]
                            }
                        },
                        {
                            "12@pl.img": {
                                "texture": ".light/textures/crosshairs/12",
                                "bindings": [
                                    {
                                        "binding_type": "view",
                                        "source_control_name": "ch.toggle.12",
                                        "source_property_name": "#toggle_state",
                                        "target_property_name": "#visible"
                                    }
                                ]
                            }
                        },
                        {
                            "13@pl.img": {
                                "texture": ".light/textures/crosshairs/13",
                                "bindings": [
                                    {
                                        "binding_type": "view",
                                        "source_control_name": "ch.toggle.13",
                                        "source_property_name": "#toggle_state",
                                        "target_property_name": "#visible"
                                    }
                                ]
                            }
                        },
                        {
                            "14@pl.img": {
                                "texture": ".light/textures/crosshairs/14",
                                "bindings": [
                                    {
                                        "binding_type": "view",
                                        "source_control_name": "ch.toggle.14",
                                        "source_property_name": "#toggle_state",
                                        "target_property_name": "#visible"
                                    }
                                ]
                            }
                        },
                        {
                            "15@pl.img": {
                                "texture": ".light/textures/crosshairs/15",
                                "bindings": [
                                    {
                                        "binding_type": "view",
                                        "source_control_name": "ch.toggle.15",
                                        "source_property_name": "#toggle_state",
                                        "target_property_name": "#visible"
                                    }
                                ]
                            }
                        },
                        {
                            "16@pl.img": {
                                "texture": ".light/textures/crosshairs/16",
                                "bindings": [
                                    {
                                        "binding_type": "view",
                                        "source_control_name": "ch.toggle.16",
                                        "source_property_name": "#toggle_state",
                                        "target_property_name": "#visible"
                                    }
                                ]
                            }
                        },
                        {
                            "17@pl.img": {
                                "texture": ".light/textures/crosshairs/17",
                                "bindings": [
                                    {
                                        "binding_type": "view",
                                        "source_control_name": "ch.toggle.17",
                                        "source_property_name": "#toggle_state",
                                        "target_property_name": "#visible"
                                    }
                                ]
                            }
                        },
                        {
                            "18@pl.img": {
                                "texture": ".light/textures/crosshairs/18",
                                "bindings": [
                                    {
                                        "binding_type": "view",
                                        "source_control_name": "ch.toggle.18",
                                        "source_property_name": "#toggle_state",
                                        "target_property_name": "#visible"
                                    }
                                ]
                            }
                        },
                        {
                            "19@pl.img": {
                                "texture": ".light/textures/crosshairs/19",
                                "bindings": [
                                    {
                                        "binding_type": "view",
                                        "source_control_name": "ch.toggle.19",
                                        "source_property_name": "#toggle_state",
                                        "target_property_name": "#visible"
                                    }
                                ]
                            }
                        },
                        {
                            "20@pl.img": {
                                "texture": ".light/textures/crosshairs/20",
                                "bindings": [
                                    {
                                        "binding_type": "view",
                                        "source_control_name": "ch.toggle.20",
                                        "source_property_name": "#toggle_state",
                                        "target_property_name": "#visible"
                                    }
                                ]
                            }
                        },
                        {
                            "21@pl.img": {
                                "texture": ".light/textures/crosshairs/21",
                                "bindings": [
                                    {
                                        "binding_type": "view",
                                        "source_control_name": "ch.toggle.21",
                                        "source_property_name": "#toggle_state",
                                        "target_property_name": "#visible"
                                    }
                                ]
                            }
                        },
                        {
                            "22@pl.img": {
                                "texture": ".light/textures/crosshairs/22",
                                "bindings": [
                                    {
                                        "binding_type": "view",
                                        "source_control_name": "ch.toggle.22",
                                        "source_property_name": "#toggle_state",
                                        "target_property_name": "#visible"
                                    }
                                ]
                            }
                        },
                        {
                            "23@pl.img": {
                                "texture": ".light/textures/crosshairs/23",
                                "bindings": [
                                    {
                                        "binding_type": "view",
                                        "source_control_name": "ch.toggle.23",
                                        "source_property_name": "#toggle_state",
                                        "target_property_name": "#visible"
                                    }
                                ]
                            }
                        },
                        {
                            "24@pl.img": {
                                "texture": ".light/textures/crosshairs/24",
                                "bindings": [
                                    {
                                        "binding_type": "view",
                                        "source_control_name": "ch.toggle.24",
                                        "source_property_name": "#toggle_state",
                                        "target_property_name": "#visible"
                                    }
                                ]
                            }
                        },
                        {
                            "25@pl.img": {
                                "texture": ".light/textures/crosshairs/25",
                                "bindings": [
                                    {
                                        "binding_type": "view",
                                        "source_control_name": "ch.toggle.25",
                                        "source_property_name": "#toggle_state",
                                        "target_property_name": "#visible"
                                    }
                                ]
                            }
                        },
                        {
                            "26@pl.img": {
                                "texture": ".light/textures/crosshairs/26",
                                "bindings": [
                                    {
                                        "binding_type": "view",
                                        "source_control_name": "ch.toggle.26",
                                        "source_property_name": "#toggle_state",
                                        "target_property_name": "#visible"
                                    }
                                ]
                            }
                        },
                        {
                            "27@pl.img": {
                                "texture": ".light/textures/crosshairs/27",
                                "bindings": [
                                    {
                                        "binding_type": "view",
                                        "source_control_name": "ch.toggle.27",
                                        "source_property_name": "#toggle_state",
                                        "target_property_name": "#visible"
                                    }
                                ]
                            }
                        },
                        {
                            "28@pl.img": {
                                "texture": ".light/textures/crosshairs/28",
                                "bindings": [
                                    {
                                        "binding_type": "view",
                                        "source_control_name": "ch.toggle.28",
                                        "source_property_name": "#toggle_state",
                                        "target_property_name": "#visible"
                                    }
                                ]
                            }
                        },
                        {
                            "29@pl.img": {
                                "texture": ".light/textures/crosshairs/29",
                                "bindings": [
                                    {
                                        "binding_type": "view",
                                        "source_control_name": "ch.toggle.29",
                                        "source_property_name": "#toggle_state",
                                        "target_property_name": "#visible"
                                    }
                                ]
                            }
                        },
                        {
                            "30@pl.img": {
                                "texture": ".light/textures/crosshairs/30",
                                "bindings": [
                                    {
                                        "binding_type": "view",
                                        "source_control_name": "ch.toggle.30",
                                        "source_property_name": "#toggle_state",
                                        "target_property_name": "#visible"
                                    }
                                ]
                            }
                        },
                        {
                            "31@pl.img": {
                                "texture": ".light/textures/crosshairs/31",
                                "bindings": [
                                    {
                                        "binding_type": "view",
                                        "source_control_name": "ch.toggle.31",
                                        "source_property_name": "#toggle_state",
                                        "target_property_name": "#visible"
                                    }
                                ]
                            }
                        },
                        {
                            "32@pl.img": {
                                "texture": ".light/textures/crosshairs/32",
                                "bindings": [
                                    {
                                        "binding_type": "view",
                                        "source_control_name": "ch.toggle.32",
                                        "source_property_name": "#toggle_state",
                                        "target_property_name": "#visible"
                                    }
                                ]
                            }
                        },
                        {
                            "33@pl.img": {
                                "texture": ".light/textures/crosshairs/33",
                                "bindings": [
                                    {
                                        "binding_type": "view",
                                        "source_control_name": "ch.toggle.33",
                                        "source_property_name": "#toggle_state",
                                        "target_property_name": "#visible"
                                    }
                                ]
                            }
                        },
                        {
                            "34@pl.img": {
                                "texture": ".light/textures/crosshairs/34",
                                "bindings": [
                                    {
                                        "binding_type": "view",
                                        "source_control_name": "ch.toggle.34",
                                        "source_property_name": "#toggle_state",
                                        "target_property_name": "#visible"
                                    }
                                ]
                            }
                        },
                        {
                            "35@pl.img": {
                                "texture": ".light/textures/crosshairs/35",
                                "bindings": [
                                    {
                                        "binding_type": "view",
                                        "source_control_name": "ch.toggle.35",
                                        "source_property_name": "#toggle_state",
                                        "target_property_name": "#visible"
                                    }
                                ]
                            }
                        },
                        {
                            "36@pl.img": {
                                "texture": ".light/textures/crosshairs/36",
                                "bindings": [
                                    {
                                        "binding_type": "view",
                                        "source_control_name": "ch.toggle.36",
                                        "source_property_name": "#toggle_state",
                                        "target_property_name": "#visible"
                                    }
                                ]
                            }
                        }
                    ]
                }
            },
            {
                "rgb": {
                    "type": "panel",
                    "layer": 1,
                    "anims": [
                        "@light_crosshair.rgb_anim_first"
                    ],
                    "bindings": [
                        {
                            "binding_type": "view",
                            "source_control_name": "light_rgb_toggle",
                            "source_property_name": "#toggle_state",
                            "target_property_name": "#visible"
                        }
                    ],
                    "controls": [
                        {
                            "1@pl.img": {
                                "texture": ".light/textures/crosshairs/1",
                                "anims": [
                                    "@light_crosshair.rgb_anim_first"
                                ],
                                "bindings": [
                                    {
                                        "binding_type": "view",
                                        "source_control_name": "ch.toggle.1",
                                        "source_property_name": "#toggle_state",
                                        "target_property_name": "#visible"
                                    }
                                ]
                            }
                        },
                        {
                            "2@pl.img": {
                                "texture": ".light/textures/crosshairs/2",
                                "anims": [
                                    "@light_crosshair.rgb_anim_first"
                                ],
                                "bindings": [
                                    {
                                        "binding_type": "view",
                                        "source_control_name": "ch.toggle.2",
                                        "source_property_name": "#toggle_state",
                                        "target_property_name": "#visible"
                                    }
                                ]
                            }
                        },
                        {
                            "3@pl.img": {
                                "texture": ".light/textures/crosshairs/3",
                                "anims": [
                                    "@light_crosshair.rgb_anim_first"
                                ],
                                "bindings": [
                                    {
                                        "binding_type": "view",
                                        "source_control_name": "ch.toggle.3",
                                        "source_property_name": "#toggle_state",
                                        "target_property_name": "#visible"
                                    }
                                ]
                            }
                        },
                        {
                            "4@pl.img": {
                                "texture": ".light/textures/crosshairs/4",
                                "anims": [
                                    "@light_crosshair.rgb_anim_first"
                                ],
                                "bindings": [
                                    {
                                        "binding_type": "view",
                                        "source_control_name": "ch.toggle.4",
                                        "source_property_name": "#toggle_state",
                                        "target_property_name": "#visible"
                                    }
                                ]
                            }
                        },
                        {
                            "5@pl.img": {
                                "texture": ".light/textures/crosshairs/5",
                                "anims": [
                                    "@light_crosshair.rgb_anim_first"
                                ],
                                "bindings": [
                                    {
                                        "binding_type": "view",
                                        "source_control_name": "ch.toggle.5",
                                        "source_property_name": "#toggle_state",
                                        "target_property_name": "#visible"
                                    }
                                ]
                            }
                        },
                        {
                            "6@pl.img": {
                                "texture": ".light/textures/crosshairs/6",
                                "anims": [
                                    "@light_crosshair.rgb_anim_first"
                                ],
                                "bindings": [
                                    {
                                        "binding_type": "view",
                                        "source_control_name": "ch.toggle.6",
                                        "source_property_name": "#toggle_state",
                                        "target_property_name": "#visible"
                                    }
                                ]
                            }
                        },
                        {
                            "7@pl.img": {
                                "texture": ".light/textures/crosshairs/7",
                                "anims": [
                                    "@light_crosshair.rgb_anim_first"
                                ],
                                "bindings": [
                                    {
                                        "binding_type": "view",
                                        "source_control_name": "ch.toggle.7",
                                        "source_property_name": "#toggle_state",
                                        "target_property_name": "#visible"
                                    }
                                ]
                            }
                        },
                        {
                            "8@pl.img": {
                                "texture": ".light/textures/crosshairs/8",
                                "anims": [
                                    "@light_crosshair.rgb_anim_first"
                                ],
                                "bindings": [
                                    {
                                        "binding_type": "view",
                                        "source_control_name": "ch.toggle.8",
                                        "source_property_name": "#toggle_state",
                                        "target_property_name": "#visible"
                                    }
                                ]
                            }
                        },
                        {
                            "9@pl.img": {
                                "texture": ".light/textures/crosshairs/9",
                                "anims": [
                                    "@light_crosshair.rgb_anim_first"
                                ],
                                "bindings": [
                                    {
                                        "binding_type": "view",
                                        "source_control_name": "ch.toggle.9",
                                        "source_property_name": "#toggle_state",
                                        "target_property_name": "#visible"
                                    }
                                ]
                            }
                        },
                        {
                            "10@pl.img": {
                                "anims": [
                                    "@light_crosshair.rgb_anim_first"
                                ],
                                "texture": ".light/textures/crosshairs/10",
                                "bindings": [
                                    {
                                        "binding_type": "view",
                                        "source_control_name": "ch.toggle.10",
                                        "source_property_name": "#toggle_state",
                                        "target_property_name": "#visible"
                                    }
                                ]
                            }
                        },
                        {
                            "11@pl.img": {
                                "anims": [
                                    "@light_crosshair.rgb_anim_first"
                                ],
                                "texture": ".light/textures/crosshairs/11",
                                "bindings": [
                                    {
                                        "binding_type": "view",
                                        "source_control_name": "ch.toggle.11",
                                        "source_property_name": "#toggle_state",
                                        "target_property_name": "#visible"
                                    }
                                ]
                            }
                        },
                        {
                            "12@pl.img": {
                                "anims": [
                                    "@light_crosshair.rgb_anim_first"
                                ],
                                "texture": ".light/textures/crosshairs/12",
                                "bindings": [
                                    {
                                        "binding_type": "view",
                                        "source_control_name": "ch.toggle.12",
                                        "source_property_name": "#toggle_state",
                                        "target_property_name": "#visible"
                                    }
                                ]
                            }
                        },
                        {
                            "13@pl.img": {
                                "anims": [
                                    "@light_crosshair.rgb_anim_first"
                                ],
                                "texture": ".light/textures/crosshairs/13",
                                "bindings": [
                                    {
                                        "binding_type": "view",
                                        "source_control_name": "ch.toggle.13",
                                        "source_property_name": "#toggle_state",
                                        "target_property_name": "#visible"
                                    }
                                ]
                            }
                        },
                        {
                            "14@pl.img": {
                                "anims": [
                                    "@light_crosshair.rgb_anim_first"
                                ],
                                "texture": ".light/textures/crosshairs/14",
                                "bindings": [
                                    {
                                        "binding_type": "view",
                                        "source_control_name": "ch.toggle.14",
                                        "source_property_name": "#toggle_state",
                                        "target_property_name": "#visible"
                                    }
                                ]
                            }
                        },
                        {
                            "15@pl.img": {
                                "anims": [
                                    "@light_crosshair.rgb_anim_first"
                                ],
                                "texture": ".light/textures/crosshairs/15",
                                "bindings": [
                                    {
                                        "binding_type": "view",
                                        "source_control_name": "ch.toggle.15",
                                        "source_property_name": "#toggle_state",
                                        "target_property_name": "#visible"
                                    }
                                ]
                            }
                        },
                        {
                            "16@pl.img": {
                                "anims": [
                                    "@light_crosshair.rgb_anim_first"
                                ],
                                "texture": ".light/textures/crosshairs/16",
                                "bindings": [
                                    {
                                        "binding_type": "view",
                                        "source_control_name": "ch.toggle.16",
                                        "source_property_name": "#toggle_state",
                                        "target_property_name": "#visible"
                                    }
                                ]
                            }
                        },
                        {
                            "17@pl.img": {
                                "anims": [
                                    "@light_crosshair.rgb_anim_first"
                                ],
                                "texture": ".light/textures/crosshairs/17",
                                "bindings": [
                                    {
                                        "binding_type": "view",
                                        "source_control_name": "ch.toggle.17",
                                        "source_property_name": "#toggle_state",
                                        "target_property_name": "#visible"
                                    }
                                ]
                            }
                        },
                        {
                            "18@pl.img": {
                                "anims": [
                                    "@light_crosshair.rgb_anim_first"
                                ],
                                "texture": ".light/textures/crosshairs/18",
                                "bindings": [
                                    {
                                        "binding_type": "view",
                                        "source_control_name": "ch.toggle.18",
                                        "source_property_name": "#toggle_state",
                                        "target_property_name": "#visible"
                                    }
                                ]
                            }
                        },
                        {
                            "19@pl.img": {
                                "anims": [
                                    "@light_crosshair.rgb_anim_first"
                                ],
                                "texture": ".light/textures/crosshairs/19",
                                "bindings": [
                                    {
                                        "binding_type": "view",
                                        "source_control_name": "ch.toggle.19",
                                        "source_property_name": "#toggle_state",
                                        "target_property_name": "#visible"
                                    }
                                ]
                            }
                        },
                        {
                            "20@pl.img": {
                                "anims": [
                                    "@light_crosshair.rgb_anim_first"
                                ],
                                "texture": ".light/textures/crosshairs/20",
                                "bindings": [
                                    {
                                        "binding_type": "view",
                                        "source_control_name": "ch.toggle.20",
                                        "source_property_name": "#toggle_state",
                                        "target_property_name": "#visible"
                                    }
                                ]
                            }
                        },
                        {
                            "21@pl.img": {
                                "anims": [
                                    "@light_crosshair.rgb_anim_first"
                                ],
                                "texture": ".light/textures/crosshairs/21",
                                "bindings": [
                                    {
                                        "binding_type": "view",
                                        "source_control_name": "ch.toggle.21",
                                        "source_property_name": "#toggle_state",
                                        "target_property_name": "#visible"
                                    }
                                ]
                            }
                        },
                        {
                            "22@pl.img": {
                                "anims": [
                                    "@light_crosshair.rgb_anim_first"
                                ],
                                "texture": ".light/textures/crosshairs/22",
                                "bindings": [
                                    {
                                        "binding_type": "view",
                                        "source_control_name": "ch.toggle.22",
                                        "source_property_name": "#toggle_state",
                                        "target_property_name": "#visible"
                                    }
                                ]
                            }
                        },
                        {
                            "23@pl.img": {
                                "anims": [
                                    "@light_crosshair.rgb_anim_first"
                                ],
                                "texture": ".light/textures/crosshairs/23",
                                "bindings": [
                                    {
                                        "binding_type": "view",
                                        "source_control_name": "ch.toggle.23",
                                        "source_property_name": "#toggle_state",
                                        "target_property_name": "#visible"
                                    }
                                ]
                            }
                        },
                        {
                            "24@pl.img": {
                                "anims": [
                                    "@light_crosshair.rgb_anim_first"
                                ],
                                "texture": ".light/textures/crosshairs/24",
                                "bindings": [
                                    {
                                        "binding_type": "view",
                                        "source_control_name": "ch.toggle.24",
                                        "source_property_name": "#toggle_state",
                                        "target_property_name": "#visible"
                                    }
                                ]
                            }
                        },
                        {
                            "25@pl.img": {
                                "anims": [
                                    "@light_crosshair.rgb_anim_first"
                                ],
                                "texture": ".light/textures/crosshairs/25",
                                "bindings": [
                                    {
                                        "binding_type": "view",
                                        "source_control_name": "ch.toggle.25",
                                        "source_property_name": "#toggle_state",
                                        "target_property_name": "#visible"
                                    }
                                ]
                            }
                        },
                        {
                            "26@pl.img": {
                                "anims": [
                                    "@light_crosshair.rgb_anim_first"
                                ],
                                "texture": ".light/textures/crosshairs/26",
                                "bindings": [
                                    {
                                        "binding_type": "view",
                                        "source_control_name": "ch.toggle.26",
                                        "source_property_name": "#toggle_state",
                                        "target_property_name": "#visible"
                                    }
                                ]
                            }
                        },
                        {
                            "27@pl.img": {
                                "anims": [
                                    "@light_crosshair.rgb_anim_first"
                                ],
                                "texture": ".light/textures/crosshairs/27",
                                "bindings": [
                                    {
                                        "binding_type": "view",
                                        "source_control_name": "ch.toggle.27",
                                        "source_property_name": "#toggle_state",
                                        "target_property_name": "#visible"
                                    }
                                ]
                            }
                        },
                        {
                            "28@pl.img": {
                                "anims": [
                                    "@light_crosshair.rgb_anim_first"
                                ],
                                "texture": ".light/textures/crosshairs/28",
                                "bindings": [
                                    {
                                        "binding_type": "view",
                                        "source_control_name": "ch.toggle.28",
                                        "source_property_name": "#toggle_state",
                                        "target_property_name": "#visible"
                                    }
                                ]
                            }
                        },
                        {
                            "29@pl.img": {
                                "anims": [
                                    "@light_crosshair.rgb_anim_first"
                                ],
                                "texture": ".light/textures/crosshairs/29",
                                "bindings": [
                                    {
                                        "binding_type": "view",
                                        "source_control_name": "ch.toggle.29",
                                        "source_property_name": "#toggle_state",
                                        "target_property_name": "#visible"
                                    }
                                ]
                            }
                        },
                        {
                            "30@pl.img": {
                                "anims": [
                                    "@light_crosshair.rgb_anim_first"
                                ],
                                "texture": ".light/textures/crosshairs/30",
                                "bindings": [
                                    {
                                        "binding_type": "view",
                                        "source_control_name": "ch.toggle.30",
                                        "source_property_name": "#toggle_state",
                                        "target_property_name": "#visible"
                                    }
                                ]
                            }
                        },
                        {
                            "31@pl.img": {
                                "anims": [
                                    "@light_crosshair.rgb_anim_first"
                                ],
                                "texture": ".light/textures/crosshairs/31",
                                "bindings": [
                                    {
                                        "binding_type": "view",
                                        "source_control_name": "ch.toggle.31",
                                        "source_property_name": "#toggle_state",
                                        "target_property_name": "#visible"
                                    }
                                ]
                            }
                        },
                        {
                            "32@pl.img": {
                                "anims": [
                                    "@light_crosshair.rgb_anim_first"
                                ],
                                "texture": ".light/textures/crosshairs/32",
                                "bindings": [
                                    {
                                        "binding_type": "view",
                                        "source_control_name": "ch.toggle.32",
                                        "source_property_name": "#toggle_state",
                                        "target_property_name": "#visible"
                                    }
                                ]
                            }
                        },
                        {
                            "33@pl.img": {
                                "anims": [
                                    "@light_crosshair.rgb_anim_first"
                                ],
                                "texture": ".light/textures/crosshairs/33",
                                "bindings": [
                                    {
                                        "binding_type": "view",
                                        "source_control_name": "ch.toggle.33",
                                        "source_property_name": "#toggle_state",
                                        "target_property_name": "#visible"
                                    }
                                ]
                            }
                        },
                        {
                            "34@pl.img": {
                                "anims": [
                                    "@light_crosshair.rgb_anim_first"
                                ],
                                "texture": ".light/textures/crosshairs/34",
                                "bindings": [
                                    {
                                        "binding_type": "view",
                                        "source_control_name": "ch.toggle.34",
                                        "source_property_name": "#toggle_state",
                                        "target_property_name": "#visible"
                                    }
                                ]
                            }
                        },
                        {
                            "35@pl.img": {
                                "anims": [
                                    "@light_crosshair.rgb_anim_first"
                                ],
                                "texture": ".light/textures/crosshairs/35",
                                "bindings": [
                                    {
                                        "binding_type": "view",
                                        "source_control_name": "ch.toggle.35",
                                        "source_property_name": "#toggle_state",
                                        "target_property_name": "#visible"
                                    }
                                ]
                            }
                        },
                        {
                            "36@pl.img": {
                                "anims": [
                                    "@light_crosshair.rgb_anim_first"
                                ],
                                "texture": ".light/textures/crosshairs/36",
                                "bindings": [
                                    {
                                        "binding_type": "view",
                                        "source_control_name": "ch.toggle.36",
                                        "source_property_name": "#toggle_state",
                                        "target_property_name": "#visible"
                                    }
                                ]
                            }
                        }
                    ]
                }
            }
        ]
    },
    "rgb_anim_first": {
        "anim_type": "color",
        "duration": 2,
        "next": "@light_crosshair.rgb_anim_second",
        "from": [
            1,
            0,
            0,
            1
        ],
        "to": [
            0,
            1,
            0,
            1
        ]
    },
    "rgb_anim_second": {
        "anim_type": "color",
        "duration": 2,
        "next": "@light_crosshair.rgb_anim_third",
        "from": [
            0,
            1,
            0,
            1
        ],
        "to": [
            0,
            0,
            1,
            1
        ]
    },
    "rgb_anim_third": {
        "anim_type": "color",
        "duration": 2,
        "next": "@light_crosshair.rgb_anim_first",
        "from": [
            0,
            0,
            1,
            1
        ],
        "to": [
            1,
            0,
            0,
            1
        ]
    }
}