{
    "namespace": "light_mods_panel",
    "debug_screen_bg": {
        "layer": 1,
        "anchor_from": "top_left",
        "anchor_to": "top_left",
        "size": [
            "100%c + 4px",
            "100%c + 4px"
        ],
        "alpha": 0.65,
        "texture": "textures/ui/Black",
        "type": "image",
        "bindings": [
            {
                "binding_type": "view",
                "source_control_name": "light_debughud_alpha",
                "source_property_name": "(#slider_value / 32)",
                "target_property_name": "#alpha"
            }
        ]
    },
    "light_debughud": {
        "type": "stack_panel",
        "bindings": [
            {
                "binding_type": "view",
                "source_control_name": "light_debughud_toggle",
                "source_property_name": "#toggle_state",
                "target_property_name": "#visible"
            }
        ],
        "anchor_from": "top_left",
        "anchor_to": "top_left",
        "controls": [
            {
                "title@title": {}
            },
            {
                "os_type@os_type": {}
            },
            {
                "platform@platform": {}
            },
            {
                "ui_type@ui_type": {}
            },
            {
                "world_type@world_type": {
                    "bindings": [
                        {
                            "binding_type": "view",
                            "source_control_name": "light_debughud_compact",
                            "source_property_name": "(not #toggle_state)",
                            "target_property_name": "#visible"
                        },
                        {
                            "binding_type": "view",
                            "source_control_name": "light_debughud_alpha",
                            "source_property_name": "(#slider_value / 32)",
                            "target_property_name": "#alpha"
                        }
                    ]
                }
            },
            {
                "gamemode@gamemode": {}
            },
            {
                "xp_level@xp_level": {
                    "bindings": [
                        {
                            "binding_type": "view",
                            "source_control_name": "light_debughud_compact",
                            "source_property_name": "(not #toggle_state)",
                            "target_property_name": "#visible"
                        },
                        {
                            "binding_type": "view",
                            "source_control_name": "light_debughud_alpha",
                            "source_property_name": "(#slider_value / 32)",
                            "target_property_name": "#alpha"
                        }
                    ]
                }
            },
            {
                "item_name@item_name": {}
            },
            {
                "item_aux@item_aux": {
                    "bindings": [
                        {
                            "binding_type": "view",
                            "source_control_name": "light_debughud_compact",
                            "source_property_name": "(not #toggle_state)",
                            "target_property_name": "#visible"
                        },
                        {
                            "binding_type": "view",
                            "source_control_name": "light_debughud_alpha",
                            "source_property_name": "(#slider_value / 32)",
                            "target_property_name": "#alpha"
                        }
                    ]
                }
            },
            {
                "item_id@item_id": {
                    "bindings": [
                        {
                            "binding_type": "view",
                            "source_control_name": "light_debughud_compact",
                            "source_property_name": "(not #toggle_state)",
                            "target_property_name": "#visible"
                        },
                        {
                            "binding_type": "view",
                            "source_control_name": "light_debughud_alpha",
                            "source_property_name": "(#slider_value / 32)",
                            "target_property_name": "#alpha"
                        }
                    ]
                }
            },
            {
                "position@position": {
                    "bindings": [
                        {
                            "binding_type": "view",
                            "source_control_name": "light_debughud_alpha",
                            "source_property_name": "(#slider_value / 32)",
                            "target_property_name": "#alpha"
                        }
                    ]
                }
            }
        ]
    },
    "world_type@debug_screen_bg": {
        "controls": [
            {
                "text": {
                    "type": "label",
                    "layer": 2,
                    "shadow": false,
                    "text": "$world_type",
                    "variables": [
                        {
                            "requires": "(not $is_on_3p_server)",
                            "$world_type": "World Type: §eWorld/3rd Party Server"
                        },
                        {
                            "requires": "$is_on_3p_server",
                            "$world_type": "World Type: §eFeatured Server"
                        }
                    ]
                }
            }
        ]
    },
    "item_name@debug_screen_bg": {
        "controls": [
            {
                "text": {
                    "type": "label",
                    "layer": 2,
                    "shadow": false,
                    "text": "#text",
                    "property_bag": {
                        "force_update": true
                    },
                    "bindings": [
                        {
                            "binding_name": "#item_text"
                        },
                        {
                            "binding_type": "view",
                            "source_property_name": "('Item Name: §e' + #item_text)",
                            "target_property_name": "#text"
                        }
                    ]
                }
            }
        ]
    },
    "xp_level@debug_screen_bg": {
        "controls": [
            {
                "text": {
                    "type": "label",
                    "layer": 2,
                    "shadow": false,
                    "text": "#text",
                    "bindings": [
                        {
                            "binding_name": "#level_number"
                        },
                        {
                            "binding_type": "view",
                            "source_property_name": "('XP Level: §e' + #level_number)",
                            "target_property_name": "#text"
                        }
                    ]
                }
            }
        ]
    },
    "item_id": {
        "type": "stack_panel",
        "collection_name": "hotbar_items",
        "size": [
            "100%cm",
            "100%c"
        ],
        "controls": [
            {
                "@item_id_panel": {
                    "collection_index": 0
                }
            },
            {
                "@item_id_panel": {
                    "collection_index": 1
                }
            },
            {
                "@item_id_panel": {
                    "collection_index": 2
                }
            },
            {
                "@item_id_panel": {
                    "collection_index": 3
                }
            },
            {
                "@item_id_panel": {
                    "collection_index": 4
                }
            },
            {
                "@item_id_panel": {
                    "collection_index": 5
                }
            },
            {
                "@item_id_panel": {
                    "collection_index": 6
                }
            },
            {
                "@item_id_panel": {
                    "collection_index": 7
                }
            },
            {
                "@item_id_panel": {
                    "collection_index": 8
                }
            }
        ]
    },
    "item_id_panel": {
        "type": "panel",
        "size": [
            "100%cm",
            "100%cm"
        ],
        "bindings": [
            {
                "binding_name": "#slot_selected",
                "binding_name_override": "#visible",
                "binding_type": "collection",
                "binding_collection_name": "hotbar_items"
            }
        ],
        "controls": [
            {
                "@item_id_bg": {}
            }
        ]
    },
    "item_id_bg@debug_screen_bg": {
        "alpha": 0.65,
        "bindings": [
            {
                "binding_name": "#item_id_aux",
                "binding_type": "collection",
                "binding_collection_name": "hotbar_items"
            },
            {
                "binding_type": "view",
                "source_control_name": "light_debughud_alpha",
                "source_property_name": "(#slider_value / 32)",
                "target_property_name": "#alpha"
            }
        ],
        "controls": [
            {
                "@item_id_viewer": {}
            },
            {
                "item_id_viewer_negative": {
                    "type": "label",
                    "layer": 2,
                    "shadow": false,
                    "text": "§fItem ID: §e-1",
                    "bindings": [
                        {
                            "binding_name": "#item_id_aux",
                            "binding_type": "collection",
                            "binding_collection_name": "hotbar_items"
                        },
                        {
                            "binding_type": "view",
                            "source_property_name": "(#item_id_aux = -1)",
                            "target_property_name": "#visible"
                        }
                    ]
                }
            }
        ]
    },
    "item_id_viewer": {
        "type": "label",
        "layer": 2,
        "shadow": false,
        "text": "#text",
        "bindings": [
            {
                "binding_name": "#item_id_aux",
                "binding_type": "collection",
                "binding_collection_name": "hotbar_items"
            },
            {
                "binding_type": "view",
                "source_property_name": "('Item ID: §e' + (#item_id_aux / 65536))",
                "target_property_name": "#text"
            },
            {
                "binding_type": "view",
                "source_property_name": "(not (#item_id_aux = -1))",
                "target_property_name": "#visible"
            }
        ]
    },
    "item_aux": {
        "type": "stack_panel",
        "collection_name": "hotbar_items",
        "size": [
            "100%cm",
            "100%c"
        ],
        "controls": [
            {
                "@item_aux_panel": {
                    "collection_index": 0
                }
            },
            {
                "@item_aux_panel": {
                    "collection_index": 1
                }
            },
            {
                "@item_aux_panel": {
                    "collection_index": 2
                }
            },
            {
                "@item_aux_panel": {
                    "collection_index": 3
                }
            },
            {
                "@item_aux_panel": {
                    "collection_index": 4
                }
            },
            {
                "@item_aux_panel": {
                    "collection_index": 5
                }
            },
            {
                "@item_aux_panel": {
                    "collection_index": 6
                }
            },
            {
                "@item_aux_panel": {
                    "collection_index": 7
                }
            },
            {
                "@item_aux_panel": {
                    "collection_index": 8
                }
            }
        ]
    },
    "item_aux_panel": {
        "type": "panel",
        "size": [
            "100%cm",
            "100%cm"
        ],
        "bindings": [
            {
                "binding_name": "#slot_selected",
                "binding_name_override": "#visible",
                "binding_type": "collection",
                "binding_collection_name": "hotbar_items"
            }
        ],
        "controls": [
            {
                "@item_aux_bg": {}
            }
        ]
    },
    "item_aux_bg@debug_screen_bg": {
        "alpha": 0.65,
        "bindings": [
            {
                "binding_name": "#item_id_aux",
                "binding_type": "collection",
                "binding_collection_name": "hotbar_items"
            },
            {
                "binding_type": "view",
                "source_control_name": "light_debughud_alpha",
                "source_property_name": "(#slider_value / 32)",
                "target_property_name": "#alpha"
            }
        ],
        "controls": [
            {
                "@item_aux_viewer": {}
            }
        ]
    },
    "item_aux_viewer": {
        "type": "label",
        "layer": 2,
        "shadow": false,
        "text": "#text",
        "bindings": [
            {
                "binding_name": "#item_id_aux",
                "binding_type": "collection",
                "binding_collection_name": "hotbar_items"
            },
            {
                "binding_type": "view",
                "source_property_name": "('Aux ID: §e' + #item_id_aux)",
                "target_property_name": "#text"
            },
            {
                "binding_type": "view",
                "source_property_name": "('Aux ID: §e' + (not (#item_id_aux = -1)))",
                "target_property_name": "#visible"
            }
        ]
    },
    "os_type@debug_screen_bg": {
        "controls": [
            {
                "windows": {
                    "type": "label",
                    "layer": 2,
                    "shadow": false,
                    "text": "Os: §eWindows",
                    "ignored": "(not ($win10_edition))"
                }
            },
            {
                "nx": {
                    "type": "label",
                    "layer": 2,
                    "shadow": false,
                    "text": "Os: §eNintendo Switch",
                    "ignored": "(not ($nx_os))"
                }
            },
            {
                "fire_tv": {
                    "type": "label",
                    "layer": 2,
                    "shadow": false,
                    "text": "Os: §eAmazon Fire TV",
                    "ignored": "(not ($fire_tv))"
                }
            },
            {
                "ps4": {
                    "type": "label",
                    "layer": 2,
                    "shadow": false,
                    "text": "Os: §ePlayStation 4",
                    "ignored": "(not ($is_ps4))"
                }
            },
            {
                "xbox": {
                    "type": "label",
                    "layer": 2,
                    "shadow": false,
                    "text": "Os: §eXbox One",
                    "ignored": "(not ($xbox_one))"
                }
            },
            {
                "ios": {
                    "type": "label",
                    "layer": 2,
                    "shadow": false,
                    "text": "Os: §eiOS",
                    "ignored": "(not ($is_ios))"
                }
            },
            {
                "android": {
                    "type": "label",
                    "layer": 2,
                    "shadow": false,
                    "text": "Os: §eAndroid",
                    "ignored": "(not ($is_android))"
                }
            }
        ]
    },
    "title@debug_screen_bg": {
        "controls": [
            {
                "title_text": {
                    "type": "label",
                    "layer": 2,
                    "shadow": false,
                    "text": "§eProject Light",
                    "bindings": [
                        {
                            "binding_name": "#visible",
                            "binding_condition": "always_when_visible",
                            "binding_type": "global"
                        }
                    ]
                }
            }
        ]
    },
    "ui_type@debug_screen_bg": {
        "variables": [
            {
                "requires": "$desktop_screen",
                "$text": "UI Type: §eClassic"
            },
            {
                "requires": "$pocket_screen",
                "$text": "UI Type: §ePocket"
            }
        ],
        "controls": [
            {
                "ui_profile_lebel": {
                    "type": "label",
                    "layer": 1,
                    "shadow": false,
                    "text": "$text"
                }
            }
        ]
    },
    "gamemode@debug_screen_bg": {
        "controls": [
            {
                "gamemode_survival": {
                    "type": "label",
                    "layer": 1,
                    "shadow": false,
                    "text": "Game Mode: §eSurvival",
                    "bindings": [
                        {
                            "binding_name": "(not #is_creative_mode)",
                            "binding_name_override": "#visible",
                            "binding_condition": "always",
                            "binding_type": "global"
                        }
                    ]
                }
            },
            {
                "gamemode_creative": {
                    "type": "label",
                    "layer": 1,
                    "shadow": false,
                    "text": "Game Mode: §eCreative",
                    "bindings": [
                        {
                            "binding_name": "#is_creative_mode",
                            "binding_name_override": "#visible",
                            "binding_condition": "always",
                            "binding_type": "global"
                        }
                    ]
                }
            }
        ]
    },
    "platform@debug_screen_bg": {
        "controls": [
            {
                "touch": {
                    "type": "label",
                    "bindings": [
                        {
                            "binding_condition": "always",
                            "binding_name": "#inventory_touch_button",
                            "binding_name_override": "#visible",
                            "binding_type": "global"
                        }
                    ],
                    "layer": 2,
                    "shadow": false,
                    "text": "Input: §eTouch"
                }
            },
            {
                "controller": {
                    "type": "label",
                    "bindings": [
                        {
                            "binding_condition": "always",
                            "binding_name": "#gamepad_helper_visible",
                            "binding_name_override": "#visible",
                            "binding_type": "global"
                        }
                    ],
                    "layer": 2,
                    "shadow": false,
                    "text": "Input: §eController"
                }
            },
            {
                "keyboard_mouse": {
                    "type": "label",
                    "bindings": [
                        {
                            "binding_condition": "always",
                            "binding_name": "#keyboard_helper_visible",
                            "binding_name_override": "#visible",
                            "binding_type": "global"
                        }
                    ],
                    "layer": 2,
                    "shadow": false,
                    "text": "Input: §eKeyboard & Mouse"
                }
            }
        ]
    },
    "position@debug_screen_bg": {
        "controls": [
            {
                "position_panel": {
                    "type": "panel",
                    "size": [
                        "100%c",
                        10
                    ],
                    "layer": 2,
                    "bindings": [
                        {
                            "binding_name": "#player_position_visible",
                            "binding_name_override": "#visible",
                            "binding_condition": "always",
                            "binding_type": "global"
                        }
                    ],
                    "controls": [
                        {
                            "text": {
                                "layer": 2,
                                "shadow": false,
                                "text": "#text",
                                "type": "label",
                                "bindings": [
                                    {
                                        "binding_name": "#player_position_text",
                                        "binding_name_override": "#text",
                                        "binding_condition": "always_when_visible",
                                        "binding_type": "global"
                                    }
                                ]
                            }
                        }
                    ]
                }
            },
            {
                "position_disable_panel": {
                    "type": "panel",
                    "size": [
                        "100%c",
                        10
                    ],
                    "layer": 2,
                    "bindings": [
                        {
                            "binding_name": "(not #player_position_visible)",
                            "binding_name_override": "#visible",
                            "binding_condition": "always",
                            "binding_type": "global"
                        }
                    ],
                    "controls": [
                        {
                            "text": {
                                "layer": 2,
                                "shadow": false,
                                "type": "label",
                                "text": "Position: §eDisabled"
                            }
                        }
                    ]
                }
            }
        ]
    }
}