{"namespace":"light_effects","effect_name":{"type":"label","color":"$dark_button_default_text_color","shadow":true,"anchor_from":"top_left","anchor_to":"top_left","offset":[27,5],"text_alignment":"left","text":"#mob_effect_name","bindings":[{"binding_type":"collection","binding_name":"#mob_effect_name","binding_collection_name":"mob_effects_collection","binding_condition":"visible"}]},"effect_timer":{"type":"label","anchor_from":"bottom_left","anchor_to":"bottom_left","shadow":true,"offset":[27,-5],"text":"#mob_effect_timer","color":"$dark_button_secondary_default_text_color","text_alignment":"left","bindings":[{"binding_type":"collection","binding_name":"#mob_effect_timer","binding_collection_name":"mob_effects_collection","binding_condition":"always_when_visible"}]},"effect_icon":{"type":"image","size":["60%","60%"],"offset":[-105,-1],"texture":"#texture","bindings":[{"binding_type":"collection","binding_name":"#texture","binding_collection_name":"mob_effects_collection","binding_condition":"visible"}]},"mob_effect_grid_panel":{"type":"stack_panel","orientation":"vertical","anchor_from":"left_middle","anchor_to":"left_middle","size":["90%","90% - 4px"],"offset":[0,75],"clips_children":true,"controls":[{"mob_effect_grid@mob_effect_grid":{}}]},"mob_effect_grid":{"type":"grid","size":[300,"default"],"grid_item_template":"light_effects.mob_effect_grid_item","grid_dimension_binding":"#mob_effect_grid_size","collection_name":"mob_effects_collection","bindings":[{"binding_name":"#mob_effect_grid_size"}]},"mob_effect_grid_item":{"type":"panel","size":[240,30],"controls":[{"name@effect_name":{"layer":5}},{"timer@effect_timer":{"layer":5}},{"icon@effect_icon":{"layer":5}}]},"main_screen":{"type":"panel","controls":[{"@mob_effect_grid_panel":{}}]}}