{
    "namespace": "light_mod_menu",
    "light_crosshair_tab@common.scrolling_panel": {
        "$scrolling_content": "light_mod_menu.crosshair_scrolling",
        "$show_background": false,
        "$scroll_bar_offset": [
            0,
            0
        ],
        "offset": [
            0,
            0
        ],
        "bindings": [
            {
                "binding_type": "view",
                "source_control_name": "light_crosshair_category_toggle",
                "source_property_name": "#toggle_state",
                "target_property_name": "#visible"
            }
        ]
    },
    "crosshair_scrolling@pl.vsp": {
        "size": [
            "100%",
            "100%c"
        ],
        "$default_selector_toggle_index": "$crosshair_default_preset_index",
        "controls": [
            {
                "horizontaling1@light_mod_menu.horizontaling1": {}
            },
            {
                "horizontaling2@light_mod_menu.horizontaling2": {}
            },
            {
                "horizontaling3@light_mod_menu.horizontaling3": {}
            },
            {
                "horizontaling4@light_mod_menu.horizontaling4": {}
            },
            {
                "horizontaling5@light_mod_menu.horizontaling5": {}
            }
        ]
    },
    "horizontaling1@pl.hsp": {
        "size": [
            305,
            68
        ],
        "controls": [
            {
                "biomes_paneling@pl.pnl": {
                    "size": [
                        228.75,
                        68
                    ],
                    "controls": [
                        {
                            "overworld@pl.img": {
                                "texture": ".light/textures/bg/biome/overworld",
                                "size": [
                                    228.75,
                                    68
                                ],
                                "layer": 3,
                                "bindings": [
                                    {
                                        "binding_type": "view",
                                        "source_control_name": "biome.overworld_toggle",
                                        "source_property_name": "#toggle_state",
                                        "target_property_name": "#visible"
                                    }
                                ]
                            }
                        },
                        {
                            "nether@pl.img": {
                                "texture": ".light/textures/bg/biome/nether",
                                "size": [
                                    228.75,
                                    68
                                ],
                                "layer": 3,
                                "bindings": [
                                    {
                                        "binding_type": "view",
                                        "source_control_name": "biome.nether_toggle",
                                        "source_property_name": "#toggle_state",
                                        "target_property_name": "#visible"
                                    }
                                ]
                            }
                        },
                        {
                            "fortress@pl.img": {
                                "texture": ".light/textures/bg/biome/fortress",
                                "size": [
                                    228.75,
                                    68
                                ],
                                "layer": 3,
                                "bindings": [
                                    {
                                        "binding_type": "view",
                                        "source_control_name": "biome.fortress_toggle",
                                        "source_property_name": "#toggle_state",
                                        "target_property_name": "#visible"
                                    }
                                ]
                            }
                        },
                        {
                            "end@pl.img": {
                                "texture": ".light/textures/bg/biome/end",
                                "size": [
                                    228.75,
                                    68
                                ],
                                "layer": 3,
                                "bindings": [
                                    {
                                        "binding_type": "view",
                                        "source_control_name": "biome.end_toggle",
                                        "source_property_name": "#toggle_state",
                                        "target_property_name": "#visible"
                                    }
                                ]
                            }
                        },
                        {
                            "preview@light_crosshair.crosshair_panel": {
                                "layer": 4
                            }
                        }
                    ]
                }
            },
            {
                "buttons_stacking@pl.vsp": {
                    "size": [
                        76.25,
                        17
                    ],
                    "controls": [
                        {
                            "overworld_toggle@light_toggles.light_biome_toggles": {
                                "$toggle_view_binding_name": "biome.overworld_toggle",
                                "$toggle_group_forced_index": 1,
                                "$button_text": "Overworld",
                                "$radio_toggle_group": true,
                                "size": [
                                    76.25,
                                    17
                                ],
                                "layer": 3
                            }
                        },
                        {
                            "nether_toggle@light_toggles.light_biome_toggles": {
                                "$toggle_view_binding_name": "biome.nether_toggle",
                                "$toggle_group_forced_index": 2,
                                "$button_text": "Nether",
                                "$radio_toggle_group": true,
                                "size": [
                                    76.25,
                                    17
                                ],
                                "layer": 3
                            }
                        },
                        {
                            "fortress_toggle@light_toggles.light_biome_toggles": {
                                "$toggle_view_binding_name": "biome.fortress_toggle",
                                "$toggle_group_forced_index": 3,
                                "$button_text": "Fortress",
                                "$radio_toggle_group": true,
                                "size": [
                                    76.25,
                                    17
                                ],
                                "layer": 3
                            }
                        },
                        {
                            "end_toggle@light_toggles.light_biome_toggles": {
                                "$toggle_view_binding_name": "biome.end_toggle",
                                "$toggle_group_forced_index": 4,
                                "$button_text": "End",
                                "$radio_toggle_group": true,
                                "size": [
                                    76.25,
                                    17
                                ],
                                "layer": 3
                            }
                        }
                    ]
                }
            }
        ]
    },
    "horizontaling2@pl.hsp": {
        "size": [
            305,
            23.4615385
        ],
        "controls": [
            {
                "1@light_image_toggles.light_crosshair_toggle": {
                    "$toggle_view_binding_name": "ch.toggle.1",
                    "$toggle_group_forced_index": 1,
                    "$button_icon": ".light/textures/crosshairs/1",
                    "size": [
                        23.4615385,
                        23.4615385
                    ],
                    "layer": 3
                }
            },
            {
                "2@light_image_toggles.light_crosshair_toggle": {
                    "$toggle_view_binding_name": "ch.toggle.2",
                    "$toggle_group_forced_index": 2,
                    "$button_icon": ".light/textures/crosshairs/2",
                    "size": [
                        23.4615385,
                        23.4615385
                    ],
                    "layer": 3
                }
            },
            {
                "3@light_image_toggles.light_crosshair_toggle": {
                    "$toggle_view_binding_name": "ch.toggle.3",
                    "$toggle_group_forced_index": 3,
                    "$button_icon": ".light/textures/crosshairs/3",
                    "size": [
                        23.4615385,
                        23.4615385
                    ],
                    "layer": 3
                }
            },
            {
                "4@light_image_toggles.light_crosshair_toggle": {
                    "$toggle_view_binding_name": "ch.toggle.4",
                    "$toggle_group_forced_index": 4,
                    "$button_icon": ".light/textures/crosshairs/4",
                    "size": [
                        23.4615385,
                        23.4615385
                    ],
                    "layer": 3
                }
            },
            {
                "5@light_image_toggles.light_crosshair_toggle": {
                    "$toggle_view_binding_name": "ch.toggle.5",
                    "$toggle_group_forced_index": 5,
                    "$button_icon": ".light/textures/crosshairs/5",
                    "size": [
                        23.4615385,
                        23.4615385
                    ],
                    "layer": 3
                }
            },
            {
                "6@light_image_toggles.light_crosshair_toggle": {
                    "$toggle_view_binding_name": "ch.toggle.6",
                    "$toggle_group_forced_index": 6,
                    "$button_icon": ".light/textures/crosshairs/6",
                    "size": [
                        23.4615385,
                        23.4615385
                    ],
                    "layer": 3
                }
            },
            {
                "7@light_image_toggles.light_crosshair_toggle": {
                    "$toggle_view_binding_name": "ch.toggle.7",
                    "$toggle_group_forced_index": 7,
                    "$button_icon": ".light/textures/crosshairs/7",
                    "size": [
                        23.4615385,
                        23.4615385
                    ],
                    "layer": 3
                }
            },
            {
                "8@light_image_toggles.light_crosshair_toggle": {
                    "$toggle_view_binding_name": "ch.toggle.8",
                    "$toggle_group_forced_index": 8,
                    "$button_icon": ".light/textures/crosshairs/8",
                    "size": [
                        23.4615385,
                        23.4615385
                    ],
                    "layer": 3
                }
            },
            {
                "9@light_image_toggles.light_crosshair_toggle": {
                    "$toggle_view_binding_name": "ch.toggle.9",
                    "$toggle_group_forced_index": 9,
                    "$button_icon": ".light/textures/crosshairs/9",
                    "size": [
                        23.4615385,
                        23.4615385
                    ],
                    "layer": 3
                }
            },
            {
                "10@light_image_toggles.light_crosshair_toggle": {
                    "$toggle_view_binding_name": "ch.toggle.10",
                    "$toggle_group_forced_index": 10,
                    "$button_icon": ".light/textures/crosshairs/10",
                    "size": [
                        23.4615385,
                        23.4615385
                    ],
                    "layer": 3
                }
            },
            {
                "11@light_image_toggles.light_crosshair_toggle": {
                    "$toggle_view_binding_name": "ch.toggle.11",
                    "$toggle_group_forced_index": 11,
                    "$button_icon": ".light/textures/crosshairs/11",
                    "size": [
                        23.4615385,
                        23.4615385
                    ],
                    "layer": 3
                }
            },
            {
                "12@light_image_toggles.light_crosshair_toggle": {
                    "$toggle_view_binding_name": "ch.toggle.12",
                    "$toggle_group_forced_index": 12,
                    "$button_icon": ".light/textures/crosshairs/12",
                    "size": [
                        23.4615385,
                        23.4615385
                    ],
                    "layer": 3
                }
            },
            {
                "13@light_image_toggles.light_crosshair_toggle": {
                    "$toggle_view_binding_name": "ch.toggle.13",
                    "$toggle_group_forced_index": 13,
                    "$button_icon": ".light/textures/crosshairs/13",
                    "size": [
                        23.4615385,
                        23.4615385
                    ],
                    "layer": 3
                }
            }
        ]
    },
    "horizontaling3@pl.hsp": {
        "size": [
            305,
            23.4615385
        ],
        "controls": [
            {
                "14@light_image_toggles.light_crosshair_toggle": {
                    "$toggle_view_binding_name": "ch.toggle.14",
                    "$toggle_group_forced_index": 14,
                    "$button_icon": ".light/textures/crosshairs/14",
                    "size": [
                        23.4615385,
                        23.4615385
                    ],
                    "layer": 3
                }
            },
            {
                "15@light_image_toggles.light_crosshair_toggle": {
                    "$toggle_view_binding_name": "ch.toggle.15",
                    "$toggle_group_forced_index": 15,
                    "$button_icon": ".light/textures/crosshairs/15",
                    "size": [
                        23.4615385,
                        23.4615385
                    ],
                    "layer": 3
                }
            },
            {
                "16@light_image_toggles.light_crosshair_toggle": {
                    "$toggle_view_binding_name": "ch.toggle.16",
                    "$toggle_group_forced_index": 16,
                    "$button_icon": ".light/textures/crosshairs/16",
                    "size": [
                        23.4615385,
                        23.4615385
                    ],
                    "layer": 3
                }
            },
            {
                "17@light_image_toggles.light_crosshair_toggle": {
                    "$toggle_view_binding_name": "ch.toggle.17",
                    "$toggle_group_forced_index": 17,
                    "$button_icon": ".light/textures/crosshairs/17",
                    "size": [
                        23.4615385,
                        23.4615385
                    ],
                    "layer": 3
                }
            },
            {
                "18@light_image_toggles.light_crosshair_toggle": {
                    "$toggle_view_binding_name": "ch.toggle.18",
                    "$toggle_group_forced_index": 18,
                    "$button_icon": ".light/textures/crosshairs/18",
                    "size": [
                        23.4615385,
                        23.4615385
                    ],
                    "layer": 3
                }
            },
            {
                "19@light_image_toggles.light_crosshair_toggle": {
                    "$toggle_view_binding_name": "ch.toggle.19",
                    "$toggle_group_forced_index": 19,
                    "$button_icon": ".light/textures/crosshairs/19",
                    "size": [
                        23.4615385,
                        23.4615385
                    ],
                    "layer": 3
                }
            },
            {
                "20@light_image_toggles.light_crosshair_toggle": {
                    "$toggle_view_binding_name": "ch.toggle.20",
                    "$toggle_group_forced_index": 20,
                    "$button_icon": ".light/textures/crosshairs/20",
                    "size": [
                        23.4615385,
                        23.4615385
                    ],
                    "layer": 3
                }
            },
            {
                "21@light_image_toggles.light_crosshair_toggle": {
                    "$toggle_view_binding_name": "ch.toggle.21",
                    "$toggle_group_forced_index": 21,
                    "$button_icon": ".light/textures/crosshairs/21",
                    "size": [
                        23.4615385,
                        23.4615385
                    ],
                    "layer": 3
                }
            },
            {
                "22@light_image_toggles.light_crosshair_toggle": {
                    "$toggle_view_binding_name": "ch.toggle.22",
                    "$toggle_group_forced_index": 22,
                    "$button_icon": ".light/textures/crosshairs/22",
                    "size": [
                        23.4615385,
                        23.4615385
                    ],
                    "layer": 3
                }
            },
            {
                "23@light_image_toggles.light_crosshair_toggle": {
                    "$toggle_view_binding_name": "ch.toggle.23",
                    "$toggle_group_forced_index": 23,
                    "$button_icon": ".light/textures/crosshairs/23",
                    "size": [
                        23.4615385,
                        23.4615385
                    ],
                    "layer": 3
                }
            },
            {
                "24@light_image_toggles.light_crosshair_toggle": {
                    "$toggle_view_binding_name": "ch.toggle.24",
                    "$toggle_group_forced_index": 24,
                    "$button_icon": ".light/textures/crosshairs/24",
                    "size": [
                        23.4615385,
                        23.4615385
                    ],
                    "layer": 3
                }
            },
            {
                "25@light_image_toggles.light_crosshair_toggle": {
                    "$toggle_view_binding_name": "ch.toggle.25",
                    "$toggle_group_forced_index": 25,
                    "$button_icon": ".light/textures/crosshairs/25",
                    "size": [
                        23.4615385,
                        23.4615385
                    ],
                    "layer": 3
                }
            },
            {
                "26@light_image_toggles.light_crosshair_toggle": {
                    "$toggle_view_binding_name": "ch.toggle.26",
                    "$toggle_group_forced_index": 26,
                    "$button_icon": ".light/textures/crosshairs/26",
                    "size": [
                        23.4615385,
                        23.4615385
                    ],
                    "layer": 3
                }
            }
        ]
    },
    "horizontaling4@pl.hsp": {
        "size": [
            305,
            23.4615385
        ],
        "controls": [
            {
                "27@light_image_toggles.light_crosshair_toggle": {
                    "$toggle_view_binding_name": "ch.toggle.27",
                    "$toggle_group_forced_index": 27,
                    "$button_icon": ".light/textures/crosshairs/27",
                    "size": [
                        23.4615385,
                        23.4615385
                    ],
                    "layer": 3
                }
            },
            {
                "28@light_image_toggles.light_crosshair_toggle": {
                    "$toggle_view_binding_name": "ch.toggle.28",
                    "$toggle_group_forced_index": 28,
                    "$button_icon": ".light/textures/crosshairs/28",
                    "size": [
                        23.4615385,
                        23.4615385
                    ],
                    "layer": 3
                }
            },
            {
                "29@light_image_toggles.light_crosshair_toggle": {
                    "$toggle_view_binding_name": "ch.toggle.29",
                    "$toggle_group_forced_index": 29,
                    "$button_icon": ".light/textures/crosshairs/29",
                    "size": [
                        23.4615385,
                        23.4615385
                    ],
                    "layer": 3
                }
            },
            {
                "30@light_image_toggles.light_crosshair_toggle": {
                    "$toggle_view_binding_name": "ch.toggle.30",
                    "$toggle_group_forced_index": 30,
                    "$button_icon": ".light/textures/crosshairs/30",
                    "size": [
                        23.4615385,
                        23.4615385
                    ],
                    "layer": 3
                }
            },
            {
                "31@light_image_toggles.light_crosshair_toggle": {
                    "$toggle_view_binding_name": "ch.toggle.31",
                    "$toggle_group_forced_index": 31,
                    "$button_icon": ".light/textures/crosshairs/31",
                    "size": [
                        23.4615385,
                        23.4615385
                    ],
                    "layer": 3
                }
            },
            {
                "32@light_image_toggles.light_crosshair_toggle": {
                    "$toggle_view_binding_name": "ch.toggle.32",
                    "$toggle_group_forced_index": 32,
                    "$button_icon": ".light/textures/crosshairs/32",
                    "size": [
                        23.4615385,
                        23.4615385
                    ],
                    "layer": 3
                }
            },
            {
                "33@light_image_toggles.light_crosshair_toggle": {
                    "$toggle_view_binding_name": "ch.toggle.33",
                    "$toggle_group_forced_index": 33,
                    "$button_icon": ".light/textures/crosshairs/33",
                    "size": [
                        23.4615385,
                        23.4615385
                    ],
                    "layer": 3
                }
            },
            {
                "34@light_image_toggles.light_crosshair_toggle": {
                    "$toggle_view_binding_name": "ch.toggle.34",
                    "$toggle_group_forced_index": 34,
                    "$button_icon": ".light/textures/crosshairs/34",
                    "size": [
                        23.4615385,
                        23.4615385
                    ],
                    "layer": 3
                }
            },
            {
                "35@light_image_toggles.light_crosshair_toggle": {
                    "$toggle_view_binding_name": "ch.toggle.35",
                    "$toggle_group_forced_index": 35,
                    "$button_icon": ".light/textures/crosshairs/35",
                    "size": [
                        23.4615385,
                        23.4615385
                    ],
                    "layer": 3
                }
            },
            {
                "36@light_image_toggles.light_crosshair_toggle": {
                    "$toggle_view_binding_name": "ch.toggle.36",
                    "$toggle_group_forced_index": 36,
                    "$button_icon": ".light/textures/crosshairs/36",
                    "size": [
                        23.4615385,
                        23.4615385
                    ],
                    "layer": 3
                }
            },
            {
                "37@light_toggles.light_button_toggle": {
                    "$toggle_view_binding_name": "light_rgb_toggle",
                    "$button_text": "Rgb",
                    "$toggle_tags": "$rgb_crosshair",
                    "$text_color": "@light_crosshair.rgb_anim_first",
                    "size": [
                        70.3846155,
                        22
                    ],
                    "layer": 3
                }
            }
        ]
    },
    "horizontaling5@pl.vsp": {
        "size": [
            305,
            23.4615385
        ],
        "controls": [
            {
                "37@light_toggles.light_button_toggle": {
                    "$toggle_view_binding_name": "ch.panel.toggle",
                    "$toggle_tags": "$hide_crosshair",
                    "$button_text": "Hide Crosshair",
                    "size": [
                        305,
                        23.4615385
                    ],
                    "layer": 3
                }
            }
        ]
    }
}