{
    "format_version": "1.8.0",
    "render_controllers": {
        "controller.render.helmet": {
            "geometry": "Geometry.helmet",
            "materials": [
                {
                    "*": "material.default"
                }
            ],
            "textures": [
                "query.armor_texture_slot(0) == 0 ? texture.leather_helmet : (query.armor_texture_slot(0) == 1 ? texture.chainmail_helmet : (query.armor_texture_slot(0) == 2 ? texture.iron_helmet :(query.armor_texture_slot(0) == 3 ? texture.diamond_helmet :(query.armor_texture_slot(0) == 4 ? texture.gold_helmet :(query.armor_texture_slot(0) == 6 ? texture.turtle_helmet :(query.armor_texture_slot(0) == 7 ? texture.netherite_helmet))))))"
            ],
            "overlay_color": {
                "a": "q.armor_material_slot(0) == (1) ? 0.42",
                "b": "q.armor_material_slot(0) == (1) ? 0.43",
                "g": "q.armor_material_slot(0) == (1) ? 0.1",
                "r": "q.armor_material_slot(0) == (1) ? 0.37"
            }
        },
        "controller.render.chestplate": {
            "geometry": "Geometry.chestplate",
            "materials": [
                {
                    "*": "material.default"
                }
            ],
            "textures": [
                "query.armor_texture_slot(1) == 0 ? texture.leather_chestplate : (query.armor_texture_slot(1) == 1 ? texture.chainmail_chestplate : (query.armor_texture_slot(1) == 2 ? texture.iron_chestplate : (query.armor_texture_slot(1) == 3 ? texture.diamond_chestplate : (query.armor_texture_slot(1) == 4 ? texture.gold_chestplate : (query.armor_texture_slot(1) == 5 ? texture.elytra : (query.armor_texture_slot(1) == 7 ? texture.netherite_chestplate))))))"
            ],
            "overlay_color": {
                "a": "q.armor_material_slot(1) == (1) ? 0.42",
                "b": "q.armor_material_slot(1) == (1) ? 0.43",
                "g": "q.armor_material_slot(1) == (1) ? 0.1",
                "r": "q.armor_material_slot(1) == (1) ? 0.37"
            }
        },
        "controller.render.leggings": {
            "geometry": "Geometry.leggings",
            "materials": [
                {
                    "*": "material.default"
                }
            ],
            "textures": [
                "query.armor_texture_slot(2) == 0 ? texture.leather_leggings : (query.armor_texture_slot(2) == 1 ? texture.chainmail_leggings : (query.armor_texture_slot(2) == 2 ? texture.iron_leggings : (query.armor_texture_slot(2) == 3 ? texture.diamond_leggings : (query.armor_texture_slot(2) == 4 ? texture.gold_leggings : (query.armor_texture_slot(2) == 7 ? texture.netherite_leggings)))))"
            ],
            "overlay_color": {
                "a": "q.armor_material_slot(2) == (1) ? 0.42",
                "b": "q.armor_material_slot(2) == (1) ? 0.43",
                "g": "q.armor_material_slot(2) == (1) ? 0.1",
                "r": "q.armor_material_slot(2) == (1) ? 0.37"
            }
        },
        "controller.render.boots": {
            "geometry": "Geometry.boots",
            "materials": [
                {
                    "*": "material.default"
                }
            ],
            "textures": [
                "query.armor_texture_slot(3) == 0 ? texture.leather_boots : (query.armor_texture_slot(3) == 1 ? texture.chainmail_boots : (query.armor_texture_slot(3) == 2 ? texture.iron_boots : (query.armor_texture_slot(3) == 3 ? texture.diamond_boots : (query.armor_texture_slot(3) == 4 ? texture.gold_boots : (query.armor_texture_slot(3) == 7 ? texture.netherite_boots)))))"
            ],
            "overlay_color": {
                "a": "q.armor_material_slot(3) == (1) ? 0.42",
                "b": "q.armor_material_slot(3) == (1) ? 0.43",
                "g": "q.armor_material_slot(3) == (1) ? 0.1",
                "r": "q.armor_material_slot(3) == (1) ? 0.37"
            }
        }
    }
}