{
    "format_version": "1.8.0",
    "render_controllers": {
        "controller.render.direction_hud": {
            "geometry": "Geometry.direction_hud",
            "materials": [
                {
                    "*": "Material.direction_hud"
                }
            ],
            "textures": [
                "Texture.direction_hud"
            ],
            "ignore_lighting": true,
            "light_color_multiplier": 1.3,
            "is_hurt_color": {},
            "on_fire_color": {},
            "uv_anim": {
                "offset": [
                    "0.002777777777777 * (90 + query.camera_rotation(1))",
                    0
                ],
                "scale": [
                    1,
                    1
                ]
            }
        }
    }
}