{
    "namespace": "light_progress_percentage",
    "percentage_bindings": {
        "size": [
            "100%",
            "100%"
        ],
        "$total": "#loading_bar_total_amount",
        "$actual": "#loading_bar_current_amount",
        "bindings": [
            {
                "binding_name": "$total"
            },
            {
                "binding_name": "$actual"
            },
            {
                "binding_type": "view",
                "source_property_name": "((($actual / $total) > $min) and (($actual / $total) < $max))",
                "target_property_name": "#visible"
            }
        ]
    },
    "percent_label@percentage_bindings": {
        "anchor_from": "top_left",
        "anchor_to": "top_left",
        "type": "stack_panel",
        "layer": 100,
        "orientation": "horizontal",
        "size": [
            12,
            12
        ],
        "$number_text|default": "",
        "controls": [
            {
                "number": {
                    "type": "label",
                    "font_type": "Inter-Medium",
                    "text": "$number_text",
                    "color": "white",
                    "shadow": false,
                    "layer": 100,
                    "localize": false,
                    "size": [
                        "default",
                        12
                    ]
                }
            },
            {
                "percentage": {
                    "type": "label",
                    "font_type": "Inter-Medium",
                    "text": "%",
                    "color": "white",
                    "shadow": false,
                    "font_scale_factor": 1.2,
                    "layer": 100,
                    "localize": false,
                    "size": [
                        "default",
                        12
                    ]
                }
            }
        ]
    },
    "progress_percentage": {
        "type": "panel",
        "layer": 100,
        "size": [
            48,
            12
        ],
        "controls": [
            {
                "0@percent_label": {
                    "$number_text": "0",
                    "$min": -1.00,
                    "$max": 0.01
                }
            },
            {
                "1@percent_label": {
                    "$number_text": "1",
                    "$min": 0.01,
                    "$max": 0.02
                }
            },
            {
                "2@percent_label": {
                    "$number_text": "2",
                    "$min": 0.02,
                    "$max": 0.03
                }
            },
            {
                "3@percent_label": {
                    "$number_text": "3",
                    "$min": 0.03,
                    "$max": 0.04
                }
            },
            {
                "4@percent_label": {
                    "$number_text": "4",
                    "$min": 0.04,
                    "$max": 0.05
                }
            },
            {
                "5@percent_label": {
                    "$number_text": "5",
                    "$min": 0.05,
                    "$max": 0.06
                }
            },
            {
                "6@percent_label": {
                    "$number_text": "6",
                    "$min": 0.06,
                    "$max": 0.07
                }
            },
            {
                "7@percent_label": {
                    "$number_text": "7",
                    "$min": 0.07,
                    "$max": 0.08
                }
            },
            {
                "8@percent_label": {
                    "$number_text": "8",
                    "$min": 0.08,
                    "$max": 0.09
                }
            },
            {
                "9@percent_label": {
                    "$number_text": "9",
                    "$min": 0.09,
                    "$max": 0.10
                }
            },
            {
                "10@percent_label": {
                    "$number_text": "10",
                    "$min": 0.10,
                    "$max": 0.11
                }
            },
            {
                "11@percent_label": {
                    "$number_text": "11",
                    "$min": 0.11,
                    "$max": 0.12
                }
            },
            {
                "12@percent_label": {
                    "$number_text": "12",
                    "$min": 0.12,
                    "$max": 0.13
                }
            },
            {
                "13@percent_label": {
                    "$number_text": "13",
                    "$min": 0.13,
                    "$max": 0.14
                }
            },
            {
                "14@percent_label": {
                    "$number_text": "14",
                    "$min": 0.14,
                    "$max": 0.15
                }
            },
            {
                "15@percent_label": {
                    "$number_text": "15",
                    "$min": 0.15,
                    "$max": 0.16
                }
            },
            {
                "16@percent_label": {
                    "$number_text": "16",
                    "$min": 0.16,
                    "$max": 0.17
                }
            },
            {
                "17@percent_label": {
                    "$number_text": "17",
                    "$min": 0.17,
                    "$max": 0.18
                }
            },
            {
                "18@percent_label": {
                    "$number_text": "18",
                    "$min": 0.18,
                    "$max": 0.19
                }
            },
            {
                "19@percent_label": {
                    "$number_text": "19",
                    "$min": 0.19,
                    "$max": 0.20
                }
            },
            {
                "20@percent_label": {
                    "$number_text": "20",
                    "$min": 0.20,
                    "$max": 0.21
                }
            },
            {
                "21@percent_label": {
                    "$number_text": "21",
                    "$min": 0.21,
                    "$max": 0.22
                }
            },
            {
                "22@percent_label": {
                    "$number_text": "22",
                    "$min": 0.22,
                    "$max": 0.23
                }
            },
            {
                "23@percent_label": {
                    "$number_text": "23",
                    "$min": 0.23,
                    "$max": 0.24
                }
            },
            {
                "24@percent_label": {
                    "$number_text": "24",
                    "$min": 0.24,
                    "$max": 0.25
                }
            },
            {
                "25@percent_label": {
                    "$number_text": "25",
                    "$min": 0.25,
                    "$max": 0.26
                }
            },
            {
                "26@percent_label": {
                    "$number_text": "26",
                    "$min": 0.26,
                    "$max": 0.27
                }
            },
            {
                "27@percent_label": {
                    "$number_text": "27",
                    "$min": 0.27,
                    "$max": 0.28
                }
            },
            {
                "28@percent_label": {
                    "$number_text": "28",
                    "$min": 0.28,
                    "$max": 0.29
                }
            },
            {
                "29@percent_label": {
                    "$number_text": "29",
                    "$min": 0.29,
                    "$max": 0.30
                }
            },
            {
                "30@percent_label": {
                    "$number_text": "30",
                    "$min": 0.30,
                    "$max": 0.31
                }
            },
            {
                "31@percent_label": {
                    "$number_text": "31",
                    "$min": 0.31,
                    "$max": 0.32
                }
            },
            {
                "32@percent_label": {
                    "$number_text": "32",
                    "$min": 0.32,
                    "$max": 0.33
                }
            },
            {
                "33@percent_label": {
                    "$number_text": "33",
                    "$min": 0.33,
                    "$max": 0.34
                }
            },
            {
                "34@percent_label": {
                    "$number_text": "34",
                    "$min": 0.34,
                    "$max": 0.35
                }
            },
            {
                "35@percent_label": {
                    "$number_text": "35",
                    "$min": 0.35,
                    "$max": 0.36
                }
            },
            {
                "36@percent_label": {
                    "$number_text": "36",
                    "$min": 0.36,
                    "$max": 0.37
                }
            },
            {
                "37@percent_label": {
                    "$number_text": "37",
                    "$min": 0.37,
                    "$max": 0.38
                }
            },
            {
                "38@percent_label": {
                    "$number_text": "38",
                    "$min": 0.38,
                    "$max": 0.39
                }
            },
            {
                "39@percent_label": {
                    "$number_text": "39",
                    "$min": 0.39,
                    "$max": 0.40
                }
            },
            {
                "40@percent_label": {
                    "$number_text": "40",
                    "$min": 0.40,
                    "$max": 0.41
                }
            },
            {
                "41@percent_label": {
                    "$number_text": "41",
                    "$min": 0.41,
                    "$max": 0.42
                }
            },
            {
                "42@percent_label": {
                    "$number_text": "42",
                    "$min": 0.42,
                    "$max": 0.43
                }
            },
            {
                "43@percent_label": {
                    "$number_text": "43",
                    "$min": 0.43,
                    "$max": 0.44
                }
            },
            {
                "44@percent_label": {
                    "$number_text": "44",
                    "$min": 0.44,
                    "$max": 0.45
                }
            },
            {
                "45@percent_label": {
                    "$number_text": "45",
                    "$min": 0.45,
                    "$max": 0.46
                }
            },
            {
                "46@percent_label": {
                    "$number_text": "46",
                    "$min": 0.46,
                    "$max": 0.47
                }
            },
            {
                "47@percent_label": {
                    "$number_text": "47",
                    "$min": 0.47,
                    "$max": 0.48
                }
            },
            {
                "48@percent_label": {
                    "$number_text": "48",
                    "$min": 0.48,
                    "$max": 0.49
                }
            },
            {
                "49@percent_label": {
                    "$number_text": "49",
                    "$min": 0.49,
                    "$max": 0.50
                }
            },
            {
                "50@percent_label": {
                    "$number_text": "50",
                    "$min": 0.50,
                    "$max": 0.51
                }
            },
            {
                "51@percent_label": {
                    "$number_text": "51",
                    "$min": 0.51,
                    "$max": 0.52
                }
            },
            {
                "52@percent_label": {
                    "$number_text": "52",
                    "$min": 0.52,
                    "$max": 0.53
                }
            },
            {
                "53@percent_label": {
                    "$number_text": "53",
                    "$min": 0.53,
                    "$max": 0.54
                }
            },
            {
                "54@percent_label": {
                    "$number_text": "54",
                    "$min": 0.54,
                    "$max": 0.55
                }
            },
            {
                "55@percent_label": {
                    "$number_text": "55",
                    "$min": 0.55,
                    "$max": 0.56
                }
            },
            {
                "56@percent_label": {
                    "$number_text": "56",
                    "$min": 0.56,
                    "$max": 0.57
                }
            },
            {
                "57@percent_label": {
                    "$number_text": "57",
                    "$min": 0.57,
                    "$max": 0.58
                }
            },
            {
                "58@percent_label": {
                    "$number_text": "58",
                    "$min": 0.58,
                    "$max": 0.59
                }
            },
            {
                "59@percent_label": {
                    "$number_text": "59",
                    "$min": 0.59,
                    "$max": 0.60
                }
            },
            {
                "60@percent_label": {
                    "$number_text": "60",
                    "$min": 0.60,
                    "$max": 0.61
                }
            },
            {
                "61@percent_label": {
                    "$number_text": "61",
                    "$min": 0.61,
                    "$max": 0.62
                }
            },
            {
                "62@percent_label": {
                    "$number_text": "62",
                    "$min": 0.62,
                    "$max": 0.63
                }
            },
            {
                "63@percent_label": {
                    "$number_text": "63",
                    "$min": 0.63,
                    "$max": 0.64
                }
            },
            {
                "64@percent_label": {
                    "$number_text": "64",
                    "$min": 0.64,
                    "$max": 0.65
                }
            },
            {
                "65@percent_label": {
                    "$number_text": "65",
                    "$min": 0.65,
                    "$max": 0.66
                }
            },
            {
                "66@percent_label": {
                    "$number_text": "66",
                    "$min": 0.66,
                    "$max": 0.67
                }
            },
            {
                "67@percent_label": {
                    "$number_text": "67",
                    "$min": 0.67,
                    "$max": 0.68
                }
            },
            {
                "68@percent_label": {
                    "$number_text": "68",
                    "$min": 0.68,
                    "$max": 0.69
                }
            },
            {
                "69@percent_label": {
                    "$number_text": "69",
                    "$min": 0.69,
                    "$max": 0.70
                }
            },
            {
                "70@percent_label": {
                    "$number_text": "70",
                    "$min": 0.70,
                    "$max": 0.71
                }
            },
            {
                "71@percent_label": {
                    "$number_text": "71",
                    "$min": 0.71,
                    "$max": 0.72
                }
            },
            {
                "72@percent_label": {
                    "$number_text": "72",
                    "$min": 0.72,
                    "$max": 0.73
                }
            },
            {
                "73@percent_label": {
                    "$number_text": "73",
                    "$min": 0.73,
                    "$max": 0.74
                }
            },
            {
                "74@percent_label": {
                    "$number_text": "74",
                    "$min": 0.74,
                    "$max": 0.75
                }
            },
            {
                "75@percent_label": {
                    "$number_text": "75",
                    "$min": 0.75,
                    "$max": 0.76
                }
            },
            {
                "76@percent_label": {
                    "$number_text": "76",
                    "$min": 0.76,
                    "$max": 0.77
                }
            },
            {
                "77@percent_label": {
                    "$number_text": "77",
                    "$min": 0.77,
                    "$max": 0.78
                }
            },
            {
                "78@percent_label": {
                    "$number_text": "78",
                    "$min": 0.78,
                    "$max": 0.79
                }
            },
            {
                "79@percent_label": {
                    "$number_text": "79",
                    "$min": 0.79,
                    "$max": 0.80
                }
            },
            {
                "80@percent_label": {
                    "$number_text": "80",
                    "$min": 0.80,
                    "$max": 0.81
                }
            },
            {
                "81@percent_label": {
                    "$number_text": "81",
                    "$min": 0.81,
                    "$max": 0.82
                }
            },
            {
                "82@percent_label": {
                    "$number_text": "82",
                    "$min": 0.82,
                    "$max": 0.83
                }
            },
            {
                "83@percent_label": {
                    "$number_text": "83",
                    "$min": 0.83,
                    "$max": 0.84
                }
            },
            {
                "84@percent_label": {
                    "$number_text": "84",
                    "$min": 0.84,
                    "$max": 0.85
                }
            },
            {
                "85@percent_label": {
                    "$number_text": "85",
                    "$min": 0.85,
                    "$max": 0.86
                }
            },
            {
                "86@percent_label": {
                    "$number_text": "86",
                    "$min": 0.86,
                    "$max": 0.87
                }
            },
            {
                "87@percent_label": {
                    "$number_text": "87",
                    "$min": 0.87,
                    "$max": 0.88
                }
            },
            {
                "88@percent_label": {
                    "$number_text": "88",
                    "$min": 0.88,
                    "$max": 0.89
                }
            },
            {
                "89@percent_label": {
                    "$number_text": "89",
                    "$min": 0.89,
                    "$max": 0.90
                }
            },
            {
                "90@percent_label": {
                    "$number_text": "90",
                    "$min": 0.90,
                    "$max": 0.91
                }
            },
            {
                "91@percent_label": {
                    "$number_text": "91",
                    "$min": 0.91,
                    "$max": 0.92
                }
            },
            {
                "92@percent_label": {
                    "$number_text": "92",
                    "$min": 0.92,
                    "$max": 0.93
                }
            },
            {
                "93@percent_label": {
                    "$number_text": "93",
                    "$min": 0.93,
                    "$max": 0.94
                }
            },
            {
                "94@percent_label": {
                    "$number_text": "94",
                    "$min": 0.94,
                    "$max": 0.95
                }
            },
            {
                "95@percent_label": {
                    "$number_text": "95",
                    "$min": 0.95,
                    "$max": 0.96
                }
            },
            {
                "96@percent_label": {
                    "$number_text": "96",
                    "$min": 0.96,
                    "$max": 0.97
                }
            },
            {
                "97@percent_label": {
                    "$number_text": "97",
                    "$min": 0.97,
                    "$max": 0.98
                }
            },
            {
                "98@percent_label": {
                    "$number_text": "98",
                    "$min": 0.98,
                    "$max": 0.99
                }
            },
            {
                "99@percent_label": {
                    "$number_text": "99",
                    "$min": 0.99,
                    "$max": 1.00
                }
            },
            {
                "100@percent_label": {
                    "$number_text": "100",
                    "$min": 1.00,
                    "$max": 2.00
                }
            }
        ]
    }
}