{"namespace":"light_mods","offhand_renderer":{"renderer":"live_player_renderer","layer":2,"type":"custom","size":[20,20],"offset":[-113,907],"anchor_from":"bottom_middle","anchor_to":"bottom_middle","bindings":[{"binding_type":"view","source_control_name":"offhand_hud","source_property_name":"#toggle_state","target_property_name":"#visible"}]},"status_hud":{"type":"panel","bindings":[{"binding_type":"view","source_control_name":"status_hud","source_property_name":"#toggle_state","target_property_name":"#visible"}],"controls":[{"status_hud_bg":{"type":"image","texture":"textures/ui/hud_tip_text_background","anchor_from":"bottom_left","anchor_to":"bottom_left","alpha":0.65,"bindings":[{"binding_type":"view","source_control_name":"status_hud_alpha","source_property_name":"(#slider_value / 35)","target_property_name":"#alpha"}],"offset":[10,-5],"size":[56,16]}},{"status_hud_renderer":{"layer":1,"type":"custom","renderer":"live_player_renderer","anchor_from":"bottom_left","anchor_to":"bottom_left","size":[16,16],"offset":[0,2990]}}]},"direction_hud":{"type":"panel","bindings":[{"binding_type":"view","source_control_name":"direction_hud_mod","source_property_name":"#toggle_state","target_property_name":"#visible"},{"binding_type":"view","source_control_name":"direction_hud_alpha","source_property_name":"(#slider_value / 35)","target_property_name":"#alpha"}],"controls":[{"direction_hud_bg":{"type":"image","anchor_to":"top_middle","anchor_from":"top_middle","offset":[-0.5,25],"size":[160,20],"texture":"textures/ui/hud_tip_text_background","alpha":0.5,"layer":0,"bindings":[{"binding_type":"view","source_control_name":"direction_hud_alpha","source_property_name":"(#slider_value / 35)","target_property_name":"#alpha"}]}},{"direction_hud":{"layer":1,"type":"custom","anchor_from":"top_middle","anchor_to":"top_middle","renderer":"paper_doll_renderer","size":[16,16],"bindings":[{"binding_type":"view","source_control_name":"direction_hud_mod","source_property_name":"#toggle_state","target_property_name":"#visible"}],"offset":[-45,-150]}}]},"armor_hud":{"type":"panel","bindings":[{"binding_type":"view","source_control_name":"armor_hud","source_property_name":"#toggle_state","target_property_name":"#visible"},{"binding_type":"view","source_control_name":"armor_hud_alpha","source_property_name":"(#slider_value / 35)","target_property_name":"#alpha"}],"controls":[{"armor_hud_bg":{"type":"image","texture":"textures/ui/hud_tip_text_background","anchor_from":"bottom_right","anchor_to":"bottom_right","alpha":0.65,"offset":[-5,-20],"size":[16,56],"bindings":[{"binding_type":"view","source_control_name":"armor_hud_alpha","source_property_name":"(#slider_value / 35)","target_property_name":"#alpha"}]}},{"armorhud":{"layer":1,"anchor_from":"bottom_right","anchor_to":"bottom_right","type":"custom","renderer":"live_player_renderer","size":[18,18],"offset":[-12,148],"bindings":[{"binding_type":"view","source_control_name":"armor_hud","source_property_name":"#toggle_state","target_property_name":"#visible"}]}}]},"fps_counter":{"type":"image","texture":"textures/ui/hud_tip_text_background","size":[56,16],"layer":1,"alpha":0.6,"anchor_from":"bottom_left","anchor_to":"bottom_left","offset":[68,-23],"bindings":[{"binding_type":"view","source_control_name":"fps_counter_mod","source_property_name":"#toggle_state","target_property_name":"#visible"},{"binding_type":"view","source_control_name":"fps_counter_alpha_opacity","source_property_name":"(#slider_value / 35)","target_property_name":"#alpha"}],"controls":[{"fps_counter_content":{"layer":10,"renderer":"paper_doll_renderer","size":[24,24],"anchor_from":"bottom_left","anchor_to":"bottom_left","offset":[14,80],"type":"custom"}},{"fps_counter_text":{"type":"label","text":"Fps:","size":[48,16],"layer":2,"anchor_from":"left_middle","anchor_to":"left_middle","offset":[3,3]}}]},"day_counter":{"type":"image","texture":"textures/ui/hud_tip_text_background","size":[72,16],"layer":1,"alpha":0.6,"anchor_from":"bottom_left","anchor_to":"bottom_left","offset":[68,-5],"bindings":[{"binding_type":"view","source_control_name":"day_counter_mod","source_property_name":"#toggle_state","target_property_name":"#visible"},{"binding_type":"view","source_control_name":"day_counter_alpha_opacity","source_property_name":"(#slider_value / 35)","target_property_name":"#alpha"}],"controls":[{"day_counter_content":{"renderer":"live_player_renderer","layer":2,"type":"custom","size":[16,16],"anchor_from":"bottom_left","anchor_to":"bottom_left","offset":[23,2027]}},{"day_counter_text":{"type":"label","text":"Days:","size":[48,16],"layer":2,"anchor_from":"left_middle","anchor_to":"left_middle","offset":[3,3]}}]},"timer_hud":{"type":"image","texture":"textures/ui/hud_tip_text_background","size":[56,16],"layer":1,"alpha":0.6,"anchor_from":"bottom_left","anchor_to":"bottom_left","offset":[10,-23],"bindings":[{"binding_type":"view","source_control_name":"timer_hud_mod","source_property_name":"#toggle_state","target_property_name":"#visible"},{"binding_type":"view","source_control_name":"timer_hud_alpha_opacity","source_property_name":"(#slider_value / 35)","target_property_name":"#alpha"}],"controls":[{"timer_hud_content":{"type":"custom","renderer":"live_player_renderer","size":[16,16],"layer":2,"anchor_from":"bottom_left","anchor_to":"bottom_left","offset":[0,1386.5]}},{"timer_hud_text":{"type":"label","text":":","size":[48,16],"layer":2,"anchor_from":"left_middle","anchor_to":"left_middle","offset":[20.5,3]}},{"timer_hud_text2":{"type":"label","text":":","size":[48,16],"layer":2,"anchor_from":"right_middle","anchor_to":"right_middle","offset":[27.5,3]}}]},"speed_hud":{"type":"image","texture":"textures/ui/hud_tip_text_background","size":[70,13],"layer":1,"alpha":0.6,"anchor_from":"top_middle","anchor_to":"top_middle","offset":[0,50],"bindings":[{"binding_type":"view","source_control_name":"speed_hud","source_property_name":"#toggle_state","target_property_name":"#visible"},{"binding_type":"view","source_control_name":"speed_hud_alpha","source_property_name":"(#slider_value / 35)","target_property_name":"#alpha"}],"controls":[{"speedometer":{"type":"custom","renderer":"live_player_renderer","size":[16,16],"layer":2,"offset":[10,-160]}},{"speedometer_decimals":{"type":"label","text":".","size":[48,16],"layer":2,"anchor_from":"center","anchor_to":"center","offset":[10,3]}},{"speedometertext":{"type":"label","text":"m/s","size":[48,16],"layer":2,"anchor_from":"right_middle","anchor_to":"right_middle","offset":[22,3]}}]},"pot_counter":{"type":"image","texture":"textures/ui/hud_tip_text_background","size":[56,16],"anchor_from":"bottom_right","anchor_to":"bottom_right","offset":[-22,-20],"layer":1,"alpha":0.6,"bindings":[{"binding_type":"view","source_control_name":"pot_counter_mod","source_property_name":"#toggle_state","target_property_name":"#visible"},{"binding_type":"view","source_control_name":"potcounter_alpha","source_property_name":"(#slider_value / 35)","target_property_name":"#alpha"}],"controls":[{"pot_counter_content":{"layer":10,"renderer":"live_player_renderer","size":[16,16],"offset":[0,3496],"type":"custom"}},{"pot_counter_text":{"type":"label","text":"Pots:","size":[48,16],"layer":2,"anchor_from":"left_middle","anchor_to":"left_middle","offset":[3,3]}}]}}