{"namespace":"light_mods","clock_and_compass":{"type":"panel","bindings":[{"binding_type":"view","source_control_name":"clock_compass_mod","source_property_name":"#toggle_state","target_property_name":"#visible"}],"controls":[{"clock":{"type":"custom","renderer":"inventory_item_renderer","size":[20,20],"anchor_from":"top_middle","anchor_to":"top_middle","offset":[38,0],"property_bag":{"#item_id_aux":22740992,"bindings":[{"binding_type":"view","source_control_name":"clock_compass_mod","source_property_name":"#toggle_state","target_property_name":"#visible"}]}}},{"compass":{"type":"custom","renderer":"inventory_item_renderer","size":[20,20],"anchor_from":"top_middle","anchor_to":"top_middle","offset":[-38,0],"property_bag":{"#item_id_aux":22609920,"bindings":[{"binding_type":"view","source_control_name":"clock_compass_mod","source_property_name":"#toggle_state","target_property_name":"#visible"}]}}}]},"hotbar_nr":{"bindings":[{"binding_type":"view","source_control_name":"hotbar_numbers","source_property_name":"#toggle_state","target_property_name":"#visible"}],"type":"panel","controls":[{"nr1":{"type":"image","anchor_from":"bottom_middle","anchor_to":"bottom_middle","size":[10,10],"offset":[-95,-12],"texture":".light/textures/numbers/hotbar/1"}},{"nr2":{"type":"image","anchor_from":"bottom_middle","anchor_to":"bottom_middle","size":[10,10],"offset":[-75,-12],"texture":".light/textures/numbers/hotbar/2"}},{"nr3":{"type":"image","anchor_from":"bottom_middle","anchor_to":"bottom_middle","size":[10,10],"offset":[-55,-12],"texture":".light/textures/numbers/hotbar/3"}},{"nr4":{"type":"image","anchor_from":"bottom_middle","anchor_to":"bottom_middle","size":[10,10],"offset":[-35,-12],"texture":".light/textures/numbers/hotbar/4"}},{"nr5":{"type":"image","anchor_from":"bottom_middle","anchor_to":"bottom_middle","size":[10,10],"offset":[-15,-12],"texture":".light/textures/numbers/hotbar/5"}},{"nr6":{"type":"image","anchor_from":"bottom_middle","anchor_to":"bottom_middle","size":[10,10],"offset":[5,-12],"texture":".light/textures/numbers/hotbar/6"}},{"nr7":{"type":"image","anchor_from":"bottom_middle","anchor_to":"bottom_middle","size":[10,10],"offset":[25,-12],"texture":".light/textures/numbers/hotbar/7"}},{"nr8":{"type":"image","anchor_from":"bottom_middle","anchor_to":"bottom_middle","size":[10,10],"offset":[45,-12],"texture":".light/textures/numbers/hotbar/8"}},{"nr9":{"type":"image","anchor_from":"bottom_middle","anchor_to":"bottom_middle","size":[10,10],"offset":[65,-12],"texture":".light/textures/numbers/hotbar/9"}}]},"indicator":{"type":"panel","bindings":[{"binding_type":"view","source_control_name":"mob_indicator_mod","source_property_name":"#toggle_state","target_property_name":"#visible"}],"controls":[{"@indicator_binding":{}}]},"indicator_binding":{"type":"image","texture":".light/textures/mods/Indicator","size":[16,16],"offset":[0,10],"alpha":5,"bindings":[{"binding_name":"#interact_visible","binding_name_override":"#visible","binding_condition":"always"}]},"safe_zone":{"size":["100%-5px","100%-5px"],"type":"image","bindings":[{"binding_type":"view","source_control_name":"safe_zone","source_property_name":"#toggle_state","target_property_name":"#visible"}],"texture":".light/textures/mods/safe_zone","color":[254,254,51],"layer":50},"scoreboard":{"type":"panel","size":["100%","100%"],"bindings":[{"binding_type":"view","source_control_name":"hide_scoreboard","source_property_name":"(not #toggle_state)","target_property_name":"#visible"}],"controls":[{"sidebar@scoreboard.scoreboard_sidebar":{}}]},"brightness_mod":{"texture":".light/textures/mods/gamma","alpha":0.65,"type":"image","layer":7000,"fill":true,"bindings":[{"binding_type":"view","source_control_name":"brightness_color","source_property_name":"(#slider_value / 35)","target_property_name":"#color"},{"binding_type":"view","source_control_name":"brightness_opacity","source_property_name":"(#slider_value / 35)","target_property_name":"#alpha"}]}}