{"namespace":"light_mods","ip_display":{"type":"panel","size":["100% - 2px","100% - 2px"],"anchor_from":"bottom_right","anchor_to":"bottom_right","bindings":[{"binding_type":"view","source_control_name":"ip_display_mod","source_property_name":"#toggle_state","target_property_name":"#visible"}],"controls":[{"cubecraft@world_name_template":{"$server_icons":".light/textures/mods/server_icons/cubecraft","$server_name":"(#player_list_title = 'CubeCraft Games')","ignored":"(not $is_on_3p_server)","$server_ip":"play.cubecraft.net"}},{"galaxite@world_name_template":{"$server_icons":".light/textures/mods/server_icons/galaxite","$server_name":"(#player_list_title = 'Galaxite')","ignored":"(not $is_on_3p_server)","$server_ip":"play.galaxite.net"}},{"hive_games@world_name_template":{"$server_icons":".light/textures/mods/server_icons/hive","$server_name":"(#player_list_title = 'Hive Games')","ignored":"(not $is_on_3p_server)","$server_ip":"geo.hivebedrock.network"}},{"lifeboat@world_name_template":{"$server_icons":".light/textures/mods/server_icons/lifeboat","$server_name":"(#player_list_title = 'Lifeboard Network')","ignored":"(not $is_on_3p_server)","$server_ip":"mco.lbsg.net"}},{"mineplex@world_name_template":{"$server_icons":".light/textures/mods/server_icons/mineplex","$server_name":"(#player_list_title = '')","ignored":"(not $is_on_3p_server)","$server_ip":"mco.mineplex.com"}},{"mineville@world_name_template":{"$server_icons":".light/textures/mods/server_icons/mineville","$server_name":"(#player_list_title = 'Mineville City')","ignored":"(not $is_on_3p_server)","$server_ip":"play.inpvp.net"}},{"zeqa@world_name_template":{"$server_icons":".light/textures/mods/server_icons/zeqa","$server_name":"(#player_list_title = 'Zeqa Network')","ignored":"$is_on_3p_server","$server_ip":"zeqa.net"}},{"pixel@world_name_template":{"$server_icons":".light/textures/mods/server_icons/pixelparadise","$server_name":"(#player_list_title = 'Pixel Paradise')","ignored":"(not $is_on_3p_server)","$server_ip":"play.pixelparadise.gg"}},{"nethergames@world_name_template":{"$server_icons":".light/textures/mods/server_icons/nethergames","$server_name":"(#player_list_title = 'NetherGames Network')","ignored":"$is_on_3p_server","$server_ip":"play.nethergames.org"}},{"hyperlands@world_name_template":{"$server_icons":".light/textures/mods/server_icons/hyperlands","$server_name":"(#player_list_title = 'Hyperlands Network')","ignored":"$is_on_3p_server","$server_ip":"play.hyperlandsmc.net"}},{"vasar@world_name_template":{"$server_icons":".light/textures/mods/server_icons/vasar","$server_name":"(#player_list_title = 'Vasar')","ignored":"$is_on_3p_server","$server_ip":"vasar.land"}},{"utopiverse@world_name_template":{"$server_icons":".light/textures/mods/server_icons/utopiverse","$server_name":"(#player_list_title = 'Utopiverse')","ignored":"$is_on_3p_server","$server_ip":"play.utopiverse.net"}}]},"world_name_template":{"type":"image","texture":"textures/ui/Black","alpha":0.65,"size":["100%c + 6px",16],"anchor_from":"bottom_right","anchor_to":"bottom_right","bindings":[{"binding_name":"#player_list_title"},{"binding_type":"view","source_property_name":"$server_name","target_property_name":"#visible"}],"controls":[{"label":{"type":"label","text":"$server_ip","layer":12,"ignored":"$world_name","text_alignment":"center","anchor_from":"center","anchor_to":"center","offset":[2,0]}},{"icons":{"type":"image","texture":"$server_icons","layer":12,"anchor_from":"left_middle","anchor_to":"left_middle","size":[16,16],"offset":[-5,0]}}]}}