{
    "namespace": "light_inventory",
    "stats_panel@pl.img": {
        "texture": "textures/ui/background_panel",
        "offset": [
            0,
            35
        ],
        "size": [
            96,
            36
        ],
        "layer": 2,
        "anchor_to": "bottom_middle",
        "anchor_from": "bottom_middle",
        "controls": [
            {
                "stats@light_inventory.stats_content_panel": {
                    "offset": [
                        8,
                        6
                    ],
                    "layer": 1,
                    "anchor_to": "center",
                    "anchor_from": "center"
                }
            }
        ]
    },
    "stats_content_panel@pl.sp": {
        "offset": [
            84,
            -26
        ],
        "controls": [
            {
                "armor_renderer": {
                    "type": "custom",
                    "size": [
                        1,
                        1
                    ],
                    "renderer": "armor_renderer"
                }
            },
            {
                "heart_renderer": {
                    "type": "custom",
                    "size": [
                        1,
                        1
                    ],
                    "renderer": "heart_renderer"
                }
            }
        ]
    },
    "armor_render_grid": {
        "type": "grid",
        "layer": 1,
        "size": [
            18,
            90
        ],
        "offset": [
            18,
            0
        ],
        "anchor_from": "top_right",
        "anchor_to": "top_right",
        "grid_dimensions": [
            1,
            5
        ],
        "collection_name": "armor_items",
        "$renderer_collection_name": "armor_items",
        "$item_count_visible": false,
        "controls": [
            {
                "head_grid_item@light_inventory.armor_renderer": {
                    "grid_position": [
                        0,
                        0
                    ]
                }
            },
            {
                "chest_grid_item@light_inventory.armor_renderer": {
                    "grid_position": [
                        0,
                        1
                    ]
                }
            },
            {
                "legs_grid_item@light_inventory.armor_renderer": {
                    "grid_position": [
                        0,
                        2
                    ]
                }
            },
            {
                "feet_grid_item@light_inventory.armor_renderer": {
                    "grid_position": [
                        0,
                        3
                    ]
                }
            },
            {
                "offhand_grid_item@light_inventory.armor_renderer": {
                    "$renderer_collection_name": "offhand_items",
                    "$item_count_visible": true,
                    "grid_position": [
                        0,
                        4
                    ]
                }
            }
        ]
    },
    "armor_renderer": {
        "type": "custom",
        "renderer": "inventory_item_renderer",
        "size": [
            18,
            18
        ],
        "layer": 1,
        "controls": [
            {
                "armor@light_inventory.light_durabilty_text": {
                    "anchor_from": "right_middle",
                    "anchor_to": "left_middle",
                    "layer": 2,
                    "offset": [
                        1,
                        0
                    ]
                }
            },
            {
                "item_stack": {
                    "visible": "$item_count_visible",
                    "type": "label",
                    "offset": [
                        0,
                        1
                    ],
                    "anchor_to": "bottom_right",
                    "anchor_from": "bottom_right",
                    "layer": 2,
                    "shadow": true,
                    "text": "#inventory_stack_count",
                    "bindings": [
                        {
                            "binding_name": "#inventory_stack_count",
                            "binding_type": "collection",
                            "binding_collection_name": "offhand_items"
                        }
                    ]
                }
            }
        ],
        "bindings": [
            {
                "binding_type": "collection_details",
                "binding_collection_name": "$renderer_collection_name"
            },
            {
                "binding_name": "#item_id_aux",
                "binding_type": "collection",
                "binding_collection_name": "$renderer_collection_name"
            },
            {
                "binding_name": "#charged_item",
                "binding_type": "collection",
                "binding_collection_name": "$renderer_collection_name"
            },
            {
                "binding_name": "#item_custom_color",
                "binding_type": "collection",
                "binding_collection_name": "$renderer_collection_name"
            },
            {
                "binding_name": "#item_pickup_time",
                "binding_type": "collection",
                "binding_collection_name": "$renderer_collection_name"
            },
            {
                "binding_name": "#banner_patterns",
                "binding_condition": "visible",
                "binding_type": "collection",
                "binding_collection_name": "$renderer_collection_name"
            },
            {
                "binding_name": "#banner_colors",
                "binding_condition": "visible",
                "binding_type": "collection",
                "binding_collection_name": "$renderer_collection_name"
            },
            {
                "binding_name": "#banner_type",
                "binding_condition": "visible",
                "binding_type": "collection",
                "binding_collection_name": "$renderer_collection_name"
            },
            {
                "binding_type": "collection",
                "binding_name": "#show_item",
                "binding_name_override": "#visible",
                "binding_collection_name": "$renderer_collection_name"
            },
            {
                "binding_name": "#inactive_item",
                "binding_type": "collection",
                "binding_collection_name": "$renderer_collection_name",
                "binding_name_override": "#disabled_filter_visible"
            },
            {
                "binding_name": "#shield_is_active",
                "binding_type": "collection",
                "binding_collection_name": "$renderer_collection_name"
            },
            {
                "binding_name": "#item_lodestone_tracking_handle",
                "binding_condition": "visible",
                "binding_type": "collection",
                "binding_collection_name": "$renderer_collection_name"
            }
        ]
    },
    "light_durabilty_text": {
        "type": "stack_panel",
        "size": [
            "100%c",
            "100%cm"
        ],
        "orientation": "horizontal",
        "$renderer_collection_name|default": "hotbar_items",
        "bindings": [
            {
                "binding_name": "(not (#item_durability_total_amount = 0))",
                "binding_name_override": "#visible",
                "binding_type": "collection",
                "binding_collection_name": "$renderer_collection_name"
            }
        ],
        "controls": [
            {
                "durability@durability_percent_panel": {}
            }
        ]
    },
    "durability_percent_panel": {
        "type": "panel",
        "size": [
            "100%c",
            "100%cm"
        ],
        "controls": [
            {
                "0@durability_text": {
                    "$durability_text": "0%",
                    "$min_durability": 0.00,
                    "$max_durability": 0.01,
                    "$durability_color": [
                        1.0,
                        0.0,
                        0
                    ]
                }
            },
            {
                "1@durability_text": {
                    "$durability_text": "1%",
                    "$min_durability": 0.01,
                    "$max_durability": 0.02,
                    "$durability_color": [
                        1.0,
                        0.1,
                        0
                    ]
                }
            },
            {
                "2@durability_text": {
                    "$durability_text": "2%",
                    "$min_durability": 0.02,
                    "$max_durability": 0.03,
                    "$durability_color": [
                        1.0,
                        0.1,
                        0
                    ]
                }
            },
            {
                "3@durability_text": {
                    "$durability_text": "3%",
                    "$min_durability": 0.03,
                    "$max_durability": 0.04,
                    "$durability_color": [
                        1.0,
                        0.1,
                        0
                    ]
                }
            },
            {
                "4@durability_text": {
                    "$durability_text": "4%",
                    "$min_durability": 0.04,
                    "$max_durability": 0.05,
                    "$durability_color": [
                        1.0,
                        0.1,
                        0
                    ]
                }
            },
            {
                "5@durability_text": {
                    "$durability_text": "5%",
                    "$min_durability": 0.05,
                    "$max_durability": 0.06,
                    "$durability_color": [
                        1.0,
                        0.1,
                        0
                    ]
                }
            },
            {
                "6@durability_text": {
                    "$durability_text": "6%",
                    "$min_durability": 0.06,
                    "$max_durability": 0.07,
                    "$durability_color": [
                        1.0,
                        0.2,
                        0
                    ]
                }
            },
            {
                "7@durability_text": {
                    "$durability_text": "7%",
                    "$min_durability": 0.07,
                    "$max_durability": 0.08,
                    "$durability_color": [
                        1.0,
                        0.2,
                        0
                    ]
                }
            },
            {
                "8@durability_text": {
                    "$durability_text": "8%",
                    "$min_durability": 0.08,
                    "$max_durability": 0.09,
                    "$durability_color": [
                        1.0,
                        0.2,
                        0
                    ]
                }
            },
            {
                "9@durability_text": {
                    "$durability_text": "9%",
                    "$min_durability": 0.09,
                    "$max_durability": 0.10,
                    "$durability_color": [
                        1.0,
                        0.2,
                        0
                    ]
                }
            },
            {
                "10@durability_text": {
                    "$durability_text": "10%",
                    "$min_durability": 0.10,
                    "$max_durability": 0.11,
                    "$durability_color": [
                        1.0,
                        0.2,
                        0
                    ]
                }
            },
            {
                "11@durability_text": {
                    "$durability_text": "11%",
                    "$min_durability": 0.11,
                    "$max_durability": 0.12,
                    "$durability_color": [
                        1.0,
                        0.3,
                        0
                    ]
                }
            },
            {
                "12@durability_text": {
                    "$durability_text": "12%",
                    "$min_durability": 0.12,
                    "$max_durability": 0.13,
                    "$durability_color": [
                        1.0,
                        0.3,
                        0
                    ]
                }
            },
            {
                "13@durability_text": {
                    "$durability_text": "13%",
                    "$min_durability": 0.13,
                    "$max_durability": 0.14,
                    "$durability_color": [
                        1.0,
                        0.3,
                        0
                    ]
                }
            },
            {
                "14@durability_text": {
                    "$durability_text": "14%",
                    "$min_durability": 0.14,
                    "$max_durability": 0.15,
                    "$durability_color": [
                        1.0,
                        0.3,
                        0
                    ]
                }
            },
            {
                "15@durability_text": {
                    "$durability_text": "15%",
                    "$min_durability": 0.15,
                    "$max_durability": 0.16,
                    "$durability_color": [
                        1.0,
                        0.3,
                        0
                    ]
                }
            },
            {
                "16@durability_text": {
                    "$durability_text": "16%",
                    "$min_durability": 0.16,
                    "$max_durability": 0.17,
                    "$durability_color": [
                        1.0,
                        0.4,
                        0
                    ]
                }
            },
            {
                "17@durability_text": {
                    "$durability_text": "17%",
                    "$min_durability": 0.17,
                    "$max_durability": 0.18,
                    "$durability_color": [
                        1.0,
                        0.4,
                        0
                    ]
                }
            },
            {
                "18@durability_text": {
                    "$durability_text": "18%",
                    "$min_durability": 0.18,
                    "$max_durability": 0.19,
                    "$durability_color": [
                        1.0,
                        0.4,
                        0
                    ]
                }
            },
            {
                "19@durability_text": {
                    "$durability_text": "19%",
                    "$min_durability": 0.19,
                    "$max_durability": 0.20,
                    "$durability_color": [
                        1.0,
                        0.4,
                        0
                    ]
                }
            },
            {
                "20@durability_text": {
                    "$durability_text": "20%",
                    "$min_durability": 0.20,
                    "$max_durability": 0.21,
                    "$durability_color": [
                        1.0,
                        0.4,
                        0
                    ]
                }
            },
            {
                "21@durability_text": {
                    "$durability_text": "21%",
                    "$min_durability": 0.21,
                    "$max_durability": 0.22,
                    "$durability_color": [
                        1.0,
                        0.5,
                        0
                    ]
                }
            },
            {
                "22@durability_text": {
                    "$durability_text": "22%",
                    "$min_durability": 0.22,
                    "$max_durability": 0.23,
                    "$durability_color": [
                        1.0,
                        0.5,
                        0
                    ]
                }
            },
            {
                "23@durability_text": {
                    "$durability_text": "23%",
                    "$min_durability": 0.23,
                    "$max_durability": 0.24,
                    "$durability_color": [
                        1.0,
                        0.5,
                        0
                    ]
                }
            },
            {
                "24@durability_text": {
                    "$durability_text": "24%",
                    "$min_durability": 0.24,
                    "$max_durability": 0.25,
                    "$durability_color": [
                        1.0,
                        0.5,
                        0
                    ]
                }
            },
            {
                "25@durability_text": {
                    "$durability_text": "25%",
                    "$min_durability": 0.25,
                    "$max_durability": 0.26,
                    "$durability_color": [
                        1.0,
                        0.5,
                        0
                    ]
                }
            },
            {
                "26@durability_text": {
                    "$durability_text": "26%",
                    "$min_durability": 0.26,
                    "$max_durability": 0.27,
                    "$durability_color": [
                        1.0,
                        0.6,
                        0
                    ]
                }
            },
            {
                "27@durability_text": {
                    "$durability_text": "27%",
                    "$min_durability": 0.27,
                    "$max_durability": 0.28,
                    "$durability_color": [
                        1.0,
                        0.6,
                        0
                    ]
                }
            },
            {
                "28@durability_text": {
                    "$durability_text": "28%",
                    "$min_durability": 0.28,
                    "$max_durability": 0.29,
                    "$durability_color": [
                        1.0,
                        0.6,
                        0
                    ]
                }
            },
            {
                "29@durability_text": {
                    "$durability_text": "29%",
                    "$min_durability": 0.29,
                    "$max_durability": 0.30,
                    "$durability_color": [
                        1.0,
                        0.6,
                        0
                    ]
                }
            },
            {
                "30@durability_text": {
                    "$durability_text": "30%",
                    "$min_durability": 0.30,
                    "$max_durability": 0.31,
                    "$durability_color": [
                        1.0,
                        0.6,
                        0
                    ]
                }
            },
            {
                "31@durability_text": {
                    "$durability_text": "31%",
                    "$min_durability": 0.31,
                    "$max_durability": 0.32,
                    "$durability_color": [
                        1.0,
                        0.7,
                        0
                    ]
                }
            },
            {
                "32@durability_text": {
                    "$durability_text": "32%",
                    "$min_durability": 0.32,
                    "$max_durability": 0.33,
                    "$durability_color": [
                        1.0,
                        0.7,
                        0
                    ]
                }
            },
            {
                "33@durability_text": {
                    "$durability_text": "33%",
                    "$min_durability": 0.33,
                    "$max_durability": 0.34,
                    "$durability_color": [
                        1.0,
                        0.7,
                        0
                    ]
                }
            },
            {
                "34@durability_text": {
                    "$durability_text": "34%",
                    "$min_durability": 0.34,
                    "$max_durability": 0.35,
                    "$durability_color": [
                        1.0,
                        0.7,
                        0
                    ]
                }
            },
            {
                "35@durability_text": {
                    "$durability_text": "35%",
                    "$min_durability": 0.35,
                    "$max_durability": 0.36,
                    "$durability_color": [
                        1.0,
                        0.7,
                        0
                    ]
                }
            },
            {
                "36@durability_text": {
                    "$durability_text": "36%",
                    "$min_durability": 0.36,
                    "$max_durability": 0.37,
                    "$durability_color": [
                        1.0,
                        0.8,
                        0
                    ]
                }
            },
            {
                "37@durability_text": {
                    "$durability_text": "37%",
                    "$min_durability": 0.37,
                    "$max_durability": 0.38,
                    "$durability_color": [
                        1.0,
                        0.8,
                        0
                    ]
                }
            },
            {
                "38@durability_text": {
                    "$durability_text": "38%",
                    "$min_durability": 0.38,
                    "$max_durability": 0.39,
                    "$durability_color": [
                        1.0,
                        0.8,
                        0
                    ]
                }
            },
            {
                "39@durability_text": {
                    "$durability_text": "39%",
                    "$min_durability": 0.39,
                    "$max_durability": 0.40,
                    "$durability_color": [
                        1.0,
                        0.8,
                        0
                    ]
                }
            },
            {
                "40@durability_text": {
                    "$durability_text": "40%",
                    "$min_durability": 0.40,
                    "$max_durability": 0.41,
                    "$durability_color": [
                        1.0,
                        0.8,
                        0
                    ]
                }
            },
            {
                "41@durability_text": {
                    "$durability_text": "41%",
                    "$min_durability": 0.41,
                    "$max_durability": 0.42,
                    "$durability_color": [
                        1.0,
                        0.9,
                        0
                    ]
                }
            },
            {
                "42@durability_text": {
                    "$durability_text": "42%",
                    "$min_durability": 0.42,
                    "$max_durability": 0.43,
                    "$durability_color": [
                        1.0,
                        0.9,
                        0
                    ]
                }
            },
            {
                "43@durability_text": {
                    "$durability_text": "43%",
                    "$min_durability": 0.43,
                    "$max_durability": 0.44,
                    "$durability_color": [
                        1.0,
                        0.9,
                        0
                    ]
                }
            },
            {
                "44@durability_text": {
                    "$durability_text": "44%",
                    "$min_durability": 0.44,
                    "$max_durability": 0.45,
                    "$durability_color": [
                        1.0,
                        0.9,
                        0
                    ]
                }
            },
            {
                "45@durability_text": {
                    "$durability_text": "45%",
                    "$min_durability": 0.45,
                    "$max_durability": 0.46,
                    "$durability_color": [
                        1.0,
                        0.9,
                        0
                    ]
                }
            },
            {
                "46@durability_text": {
                    "$durability_text": "46%",
                    "$min_durability": 0.46,
                    "$max_durability": 0.47,
                    "$durability_color": [
                        1.0,
                        1.0,
                        0
                    ]
                }
            },
            {
                "47@durability_text": {
                    "$durability_text": "47%",
                    "$min_durability": 0.47,
                    "$max_durability": 0.48,
                    "$durability_color": [
                        1.0,
                        1.0,
                        0
                    ]
                }
            },
            {
                "48@durability_text": {
                    "$durability_text": "48%",
                    "$min_durability": 0.48,
                    "$max_durability": 0.49,
                    "$durability_color": [
                        1.0,
                        1.0,
                        0
                    ]
                }
            },
            {
                "49@durability_text": {
                    "$durability_text": "49%",
                    "$min_durability": 0.49,
                    "$max_durability": 0.50,
                    "$durability_color": [
                        1.0,
                        1.0,
                        0
                    ]
                }
            },
            {
                "50@durability_text": {
                    "$durability_text": "50%",
                    "$min_durability": 0.50,
                    "$max_durability": 0.51,
                    "$durability_color": [
                        1.0,
                        1.0,
                        0
                    ]
                }
            },
            {
                "51@durability_text": {
                    "$durability_text": "51%",
                    "$min_durability": 0.51,
                    "$max_durability": 0.52,
                    "$durability_color": [
                        0.9,
                        1.0,
                        0
                    ]
                }
            },
            {
                "52@durability_text": {
                    "$durability_text": "52%",
                    "$min_durability": 0.52,
                    "$max_durability": 0.53,
                    "$durability_color": [
                        0.9,
                        1.0,
                        0
                    ]
                }
            },
            {
                "53@durability_text": {
                    "$durability_text": "53%",
                    "$min_durability": 0.53,
                    "$max_durability": 0.54,
                    "$durability_color": [
                        0.9,
                        1.0,
                        0
                    ]
                }
            },
            {
                "54@durability_text": {
                    "$durability_text": "54%",
                    "$min_durability": 0.54,
                    "$max_durability": 0.55,
                    "$durability_color": [
                        0.9,
                        1.0,
                        0
                    ]
                }
            },
            {
                "55@durability_text": {
                    "$durability_text": "55%",
                    "$min_durability": 0.55,
                    "$max_durability": 0.56,
                    "$durability_color": [
                        0.9,
                        1.0,
                        0
                    ]
                }
            },
            {
                "56@durability_text": {
                    "$durability_text": "56%",
                    "$min_durability": 0.56,
                    "$max_durability": 0.57,
                    "$durability_color": [
                        0.8,
                        1.0,
                        0
                    ]
                }
            },
            {
                "57@durability_text": {
                    "$durability_text": "57%",
                    "$min_durability": 0.57,
                    "$max_durability": 0.58,
                    "$durability_color": [
                        0.8,
                        1.0,
                        0
                    ]
                }
            },
            {
                "58@durability_text": {
                    "$durability_text": "58%",
                    "$min_durability": 0.58,
                    "$max_durability": 0.59,
                    "$durability_color": [
                        0.8,
                        1.0,
                        0
                    ]
                }
            },
            {
                "59@durability_text": {
                    "$durability_text": "59%",
                    "$min_durability": 0.59,
                    "$max_durability": 0.60,
                    "$durability_color": [
                        0.8,
                        1.0,
                        0
                    ]
                }
            },
            {
                "60@durability_text": {
                    "$durability_text": "60%",
                    "$min_durability": 0.60,
                    "$max_durability": 0.61,
                    "$durability_color": [
                        0.8,
                        1.0,
                        0
                    ]
                }
            },
            {
                "61@durability_text": {
                    "$durability_text": "61%",
                    "$min_durability": 0.61,
                    "$max_durability": 0.62,
                    "$durability_color": [
                        0.7,
                        1.0,
                        0
                    ]
                }
            },
            {
                "62@durability_text": {
                    "$durability_text": "62%",
                    "$min_durability": 0.62,
                    "$max_durability": 0.63,
                    "$durability_color": [
                        0.7,
                        1.0,
                        0
                    ]
                }
            },
            {
                "63@durability_text": {
                    "$durability_text": "63%",
                    "$min_durability": 0.63,
                    "$max_durability": 0.64,
                    "$durability_color": [
                        0.7,
                        1.0,
                        0
                    ]
                }
            },
            {
                "64@durability_text": {
                    "$durability_text": "64%",
                    "$min_durability": 0.64,
                    "$max_durability": 0.65,
                    "$durability_color": [
                        0.7,
                        1.0,
                        0
                    ]
                }
            },
            {
                "65@durability_text": {
                    "$durability_text": "65%",
                    "$min_durability": 0.65,
                    "$max_durability": 0.66,
                    "$durability_color": [
                        0.7,
                        1.0,
                        0
                    ]
                }
            },
            {
                "66@durability_text": {
                    "$durability_text": "66%",
                    "$min_durability": 0.66,
                    "$max_durability": 0.67,
                    "$durability_color": [
                        0.6,
                        1.0,
                        0
                    ]
                }
            },
            {
                "67@durability_text": {
                    "$durability_text": "67%",
                    "$min_durability": 0.67,
                    "$max_durability": 0.68,
                    "$durability_color": [
                        0.6,
                        1.0,
                        0
                    ]
                }
            },
            {
                "68@durability_text": {
                    "$durability_text": "68%",
                    "$min_durability": 0.68,
                    "$max_durability": 0.69,
                    "$durability_color": [
                        0.6,
                        1.0,
                        0
                    ]
                }
            },
            {
                "69@durability_text": {
                    "$durability_text": "69%",
                    "$min_durability": 0.69,
                    "$max_durability": 0.70,
                    "$durability_color": [
                        0.6,
                        1.0,
                        0
                    ]
                }
            },
            {
                "70@durability_text": {
                    "$durability_text": "70%",
                    "$min_durability": 0.70,
                    "$max_durability": 0.71,
                    "$durability_color": [
                        0.6,
                        1.0,
                        0
                    ]
                }
            },
            {
                "71@durability_text": {
                    "$durability_text": "71%",
                    "$min_durability": 0.71,
                    "$max_durability": 0.72,
                    "$durability_color": [
                        0.5,
                        1.0,
                        0
                    ]
                }
            },
            {
                "72@durability_text": {
                    "$durability_text": "72%",
                    "$min_durability": 0.72,
                    "$max_durability": 0.73,
                    "$durability_color": [
                        0.5,
                        1.0,
                        0
                    ]
                }
            },
            {
                "73@durability_text": {
                    "$durability_text": "73%",
                    "$min_durability": 0.73,
                    "$max_durability": 0.74,
                    "$durability_color": [
                        0.5,
                        1.0,
                        0
                    ]
                }
            },
            {
                "74@durability_text": {
                    "$durability_text": "74%",
                    "$min_durability": 0.74,
                    "$max_durability": 0.75,
                    "$durability_color": [
                        0.5,
                        1.0,
                        0
                    ]
                }
            },
            {
                "75@durability_text": {
                    "$durability_text": "75%",
                    "$min_durability": 0.75,
                    "$max_durability": 0.76,
                    "$durability_color": [
                        0.5,
                        1.0,
                        0
                    ]
                }
            },
            {
                "76@durability_text": {
                    "$durability_text": "76%",
                    "$min_durability": 0.76,
                    "$max_durability": 0.77,
                    "$durability_color": [
                        0.4,
                        1.0,
                        0
                    ]
                }
            },
            {
                "77@durability_text": {
                    "$durability_text": "77%",
                    "$min_durability": 0.77,
                    "$max_durability": 0.78,
                    "$durability_color": [
                        0.4,
                        1.0,
                        0
                    ]
                }
            },
            {
                "78@durability_text": {
                    "$durability_text": "78%",
                    "$min_durability": 0.78,
                    "$max_durability": 0.79,
                    "$durability_color": [
                        0.4,
                        1.0,
                        0
                    ]
                }
            },
            {
                "79@durability_text": {
                    "$durability_text": "79%",
                    "$min_durability": 0.79,
                    "$max_durability": 0.80,
                    "$durability_color": [
                        0.4,
                        1.0,
                        0
                    ]
                }
            },
            {
                "80@durability_text": {
                    "$durability_text": "80%",
                    "$min_durability": 0.80,
                    "$max_durability": 0.81,
                    "$durability_color": [
                        0.4,
                        1.0,
                        0
                    ]
                }
            },
            {
                "81@durability_text": {
                    "$durability_text": "81%",
                    "$min_durability": 0.81,
                    "$max_durability": 0.82,
                    "$durability_color": [
                        0.3,
                        1.0,
                        0
                    ]
                }
            },
            {
                "82@durability_text": {
                    "$durability_text": "82%",
                    "$min_durability": 0.82,
                    "$max_durability": 0.83,
                    "$durability_color": [
                        0.3,
                        1.0,
                        0
                    ]
                }
            },
            {
                "83@durability_text": {
                    "$durability_text": "83%",
                    "$min_durability": 0.83,
                    "$max_durability": 0.84,
                    "$durability_color": [
                        0.3,
                        1.0,
                        0
                    ]
                }
            },
            {
                "84@durability_text": {
                    "$durability_text": "84%",
                    "$min_durability": 0.84,
                    "$max_durability": 0.85,
                    "$durability_color": [
                        0.3,
                        1.0,
                        0
                    ]
                }
            },
            {
                "85@durability_text": {
                    "$durability_text": "85%",
                    "$min_durability": 0.85,
                    "$max_durability": 0.86,
                    "$durability_color": [
                        0.3,
                        1.0,
                        0
                    ]
                }
            },
            {
                "86@durability_text": {
                    "$durability_text": "86%",
                    "$min_durability": 0.86,
                    "$max_durability": 0.87,
                    "$durability_color": [
                        0.2,
                        1.0,
                        0
                    ]
                }
            },
            {
                "87@durability_text": {
                    "$durability_text": "87%",
                    "$min_durability": 0.87,
                    "$max_durability": 0.88,
                    "$durability_color": [
                        0.2,
                        1.0,
                        0
                    ]
                }
            },
            {
                "88@durability_text": {
                    "$durability_text": "88%",
                    "$min_durability": 0.88,
                    "$max_durability": 0.89,
                    "$durability_color": [
                        0.2,
                        1.0,
                        0
                    ]
                }
            },
            {
                "89@durability_text": {
                    "$durability_text": "89%",
                    "$min_durability": 0.89,
                    "$max_durability": 0.90,
                    "$durability_color": [
                        0.2,
                        1.0,
                        0
                    ]
                }
            },
            {
                "90@durability_text": {
                    "$durability_text": "90%",
                    "$min_durability": 0.90,
                    "$max_durability": 0.91,
                    "$durability_color": [
                        0.2,
                        1.0,
                        0
                    ]
                }
            },
            {
                "91@durability_text": {
                    "$durability_text": "91%",
                    "$min_durability": 0.91,
                    "$max_durability": 0.92,
                    "$durability_color": [
                        0.1,
                        1.0,
                        0
                    ]
                }
            },
            {
                "92@durability_text": {
                    "$durability_text": "92%",
                    "$min_durability": 0.92,
                    "$max_durability": 0.93,
                    "$durability_color": [
                        0.1,
                        1.0,
                        0
                    ]
                }
            },
            {
                "93@durability_text": {
                    "$durability_text": "93%",
                    "$min_durability": 0.93,
                    "$max_durability": 0.94,
                    "$durability_color": [
                        0.1,
                        1.0,
                        0
                    ]
                }
            },
            {
                "94@durability_text": {
                    "$durability_text": "94%",
                    "$min_durability": 0.94,
                    "$max_durability": 0.95,
                    "$durability_color": [
                        0.1,
                        1.0,
                        0
                    ]
                }
            },
            {
                "95@durability_text": {
                    "$durability_text": "95%",
                    "$min_durability": 0.95,
                    "$max_durability": 0.96,
                    "$durability_color": [
                        0.1,
                        1.0,
                        0
                    ]
                }
            },
            {
                "96@durability_text": {
                    "$durability_text": "96%",
                    "$min_durability": 0.96,
                    "$max_durability": 0.97,
                    "$durability_color": [
                        0,
                        1.0,
                        0
                    ]
                }
            },
            {
                "97@durability_text": {
                    "$durability_text": "97%",
                    "$min_durability": 0.97,
                    "$max_durability": 0.98,
                    "$durability_color": [
                        0,
                        1.0,
                        0
                    ]
                }
            },
            {
                "98@durability_text": {
                    "$durability_text": "98%",
                    "$min_durability": 0.98,
                    "$max_durability": 0.99,
                    "$durability_color": [
                        0,
                        1.0,
                        0
                    ]
                }
            },
            {
                "99@durability_text": {
                    "$durability_text": "99%",
                    "$min_durability": 0.99,
                    "$max_durability": 1.00,
                    "$durability_color": [
                        0,
                        1.0,
                        0
                    ]
                }
            },
            {
                "100@durability_text": {
                    "$durability_text": "100%",
                    "$min_durability": 1.00,
                    "$max_durability": 1.01,
                    "$durability_color": [
                        0,
                        1.0,
                        0
                    ]
                }
            }
        ]
    },
    "durability_text": {
        "type": "panel",
        "size": [
            "100%c",
            "100%cm"
        ],
        "controls": [
            {
                "percent@durability_percent": {
                    "type": "label",
                    "max_size": [
                        "default",
                        10
                    ],
                    "text": "$durability_text",
                    "color": "$durability_color",
                    "font_scale_factor": 0.9,
                    "shadow": true,
                    "localize": false
                }
            }
        ]
    },
    "durability_percent": {
        "$total_bar": "#item_durability_total_amount",
        "$current_bar": "#item_durability_current_amount",
        "bindings": [
            {
                "binding_name": "$total_bar",
                "binding_type": "collection",
                "binding_collection_name": "$renderer_collection_name"
            },
            {
                "binding_name": "$current_bar",
                "binding_type": "collection",
                "binding_collection_name": "$renderer_collection_name"
            },
            {
                "binding_type": "view",
                "source_property_name": "((($current_bar / $total_bar) > $min_durability) and (($current_bar / $total_bar) < $max_durability)) or (($current_bar / $total_bar) = $min_durability)",
                "target_property_name": "#visible"
            }
        ]
    }
}