{
    "namespace": "light_mods_panel",
    "light_lowdurability@common.button": {
        "type": "input_panel",
        "prevent_touch_input": true,
        "draggable": "both",
        "layer": -1,
        "anchor_from": "top_left",
        "anchor_to": "top_left",
        "size": [
            160,
            36
        ],
        "offset": [
            5,
            5
        ],
        "controls": [
            {
                "durability_ping_grid@light_mods_panel.durability_ping_grid": {}
            }
        ],
        "button_mappings": [
            {
                "from_button_id": "button.menu_select",
                "to_button_id": "button.menu_select",
                "mapping_type": "pressed",
                "button_up_right_of_first_refusal": true
            }
        ],
        "bindings": [
            {
                "binding_type": "view",
                "source_control_name": "light_edit_mods_hud",
                "source_property_name": "#toggle_state",
                "target_property_name": "#enabled"
            },
            {
                "binding_type": "view",
                "source_control_name": "light_lowdurability_toggle",
                "source_property_name": "#toggle_state",
                "target_property_name": "#visible"
            }
        ]
    },
    "durability_ping_grid@pl.grd": {
        "grid_item_template": "light_mods_panel.durability_ping_panel",
        "grid_dimension_binding": "#hotbar_grid_dimensions",
        "collection_name": "hotbar_items",
        "size": [
            "100%cm",
            "100%cm"
        ],
        "bindings": [
            {
                "binding_name": "#hotbar_grid_dimensions",
                "binding_type": "global"
            }
        ]
    },
    "durability_ping_panel@pl.pnl": {
        "controls": [
            {
                "durability_ping@light_mods_panel.durability_ping": {}
            }
        ],
        "bindings": [
            {
                "binding_name": "#slot_selected",
                "binding_name_override": "#visible",
                "binding_type": "collection",
                "binding_collection_name": "hotbar_items"
            }
        ]
    },
    "durability_ping@pl.pnl": {
        "controls": [
            {
                "durability_ping_bg@light_mods_panel.durability_ping_bg": {
                    "bindings": [
                        {
                            "binding_type": "view",
                            "source_control_name": "light_lowdurability_alpha",
                            "source_property_name": "(#slider_value / 32)",
                            "target_property_name": "#alpha"
                        }
                    ]
                }
            }
        ],
        "bindings": [
            {
                "binding_name": "(not (#item_durability_total_amount = 0))",
                "binding_name_override": "#visible",
                "binding_type": "collection",
                "binding_collection_name": "hotbar_items"
            }
        ]
    },
    "durability_ping_bg@pl.pnl": {
        "layer": 1,
        "controls": [
            {
                "durability_ping_bg@pl.img": {
                    "texture": ".light/textures/bg/base_bg",
                    "size": [
                        160,
                        36
                    ],
                    "alpha": 0.65,
                    "controls": [
                        {
                            "durability_ping_content@pl.hsp": {
                                "anchor_from": "left_middle",
                                "anchor_to": "left_middle",
                                "offset": [
                                    0,
                                    "8%"
                                ],
                                "controls": [
                                    {
                                        "padding_0@pl.pnl": {
                                            "size": [
                                                5,
                                                0
                                            ]
                                        }
                                    },
                                    {
                                        "durability_ping_item_renderer@light_mods_panel.durability_ping_item_renderer": {}
                                    },
                                    {
                                        "padding_1@pl.pnl": {
                                            "size": [
                                                5,
                                                0
                                            ]
                                        }
                                    },
                                    {
                                        "durability_ping_text@light_mods_panel.durability_ping_text": {}
                                    }
                                ]
                            }
                        }
                    ],
                    "$total_amount": "#item_durability_total_amount",
                    "$current_amount": "#item_durability_current_amount",
                    "$min_durability": 0,
                    "$max_durability": 0.26,
                    "bindings": [
                        {
                            "binding_name": "$total_amount",
                            "binding_type": "collection",
                            "binding_collection_name": "hotbar_items"
                        },
                        {
                            "binding_name": "$current_amount",
                            "binding_type": "collection",
                            "binding_collection_name": "hotbar_items"
                        },
                        {
                            "binding_type": "view",
                            "source_property_name": "((($current_amount / $total_amount) > $min_durability) and (($current_amount / $total_amount) < $max_durability)) or (($current_amount / $total_amount) = $min_durability)",
                            "target_property_name": "#visible"
                        },
                        {
                            "binding_type": "view",
                            "source_control_name": "light_lowdurability_alpha",
                            "source_property_name": "(#slider_value / 32)",
                            "target_property_name": "#alpha"
                        }
                    ]
                }
            }
        ]
    },
    "durability_ping_text": {
        "type": "stack_panel",
        "size": [
            "100%",
            "100%c"
        ],
        "controls": [
            {
                "durability_ping_alert@light_mods_panel.durability_ping_alert": {}
            },
            {
                "durability_id_aux@light_mods_panel.durability_id_aux": {}
            }
        ]
    },
    "durability_id_aux": {
        "type": "label",
        "text": "#text",
        "layer": 5,
        "font_type": "Inter-Medium",
        "bindings": [
            {
                "binding_name": "#item_id_aux",
                "binding_type": "collection",
                "binding_collection_name": "hotbar_items"
            },
            {
                "binding_type": "view",
                "source_property_name": "('ID Aux: §z' + #item_id_aux)",
                "target_property_name": "#text"
            }
        ]
    },
    "durability_ping_alert": {
        "type": "label",
        "text": "§eTool Durability Low!",
        "layer": 5,
        "font_type": "Inter-Medium"
    },
    "durability_ping_item_renderer": {
        "type": "stack_panel",
        "offset": [
            0,
            "50%"
        ],
        "size": [
            22,
            "100%c"
        ],
        "controls": [
            {
                "padding_0": {
                    "type": "panel",
                    "size": [
                        0,
                        5
                    ]
                }
            },
            {
                "item_renderer@common.item_renderer": {
                    "size": [
                        22,
                        22
                    ],
                    "$item_collection_name": "hotbar_items",
                    "item_renderer_binding_condition": "always_when_visible"
                }
            }
        ]
    },
    "light_inventoryhud@common.button": {
        "type": "input_panel",
        "prevent_touch_input": true,
        "draggable": "both",
        "layer": -1,
        "anchor_from": "bottom_right",
        "anchor_to": "bottom_right",
        "size": [
            162,
            52
        ],
        "controls": [
            {
                "light_inventoryhud@light_inventoryhud_content": {}
            }
        ],
        "button_mappings": [
            {
                "from_button_id": "button.menu_select",
                "to_button_id": "button.menu_select",
                "mapping_type": "pressed",
                "button_up_right_of_first_refusal": true
            }
        ],
        "bindings": [
            {
                "binding_type": "view",
                "source_control_name": "light_edit_mods_hud",
                "source_property_name": "#toggle_state",
                "target_property_name": "#enabled"
            },
            {
                "binding_type": "view",
                "source_control_name": "light_inventoryhud_toggle",
                "source_property_name": "#toggle_state",
                "target_property_name": "#visible"
            }
        ]
    },
    "light_inventoryhud_content@pl.pnl": {
        "anchor_from": "bottom_right",
        "anchor_to": "bottom_right",
        "offset": [
            0,
            -17
        ],
        "bindings": [
            {
                "binding_type": "view",
                "source_control_name": "light_inventoryhud_toggle",
                "source_property_name": "#toggle_state",
                "target_property_name": "#visible"
            }
        ],
        "controls": [
            {
                "image@pl.img": {
                    "clips_children": true,
                    "texture": ".light/textures/clear",
                    "size": [
                        162,
                        52
                    ],
                    "anchor_from": "bottom_right",
                    "anchor_to": "bottom_right",
                    "controls": [
                        {
                            "inventory_grid@pl.grd": {
                                "collection_name": "hotbar_items",
                                "grid_item_template": "light_mods_panel.inventory_hud",
                                "grid_dimensions": [
                                    9,
                                    4
                                ],
                                "offset": [
                                    0,
                                    -10
                                ],
                                "size": [
                                    "162px",
                                    "54px + 16px"
                                ]
                            }
                        }
                    ]
                }
            }
        ]
    },
    "inventory_hud@pl.pnl": {
        "$durability_bar_required": true,
        "$item_collection_name": "hotbar_items",
        "$stack_count_required": true,
        "controls": [
            {
                "stack_count@common.stack_count_label": {
                    "layer": 3
                }
            },
            {
                "item_renderer@common.item_renderer": {
                    "layer": 2,
                    "size": [
                        12,
                        12
                    ]
                }
            },
            {
                "durability@common.durability_bar": {
                    "layer": 1
                }
            },
            {
                "slot": {
                    "type": "image",
                    "texture": ".light/textures/mods/slot",
                    "size": [
                        "100% -1px",
                        "100% -1px"
                    ]
                }
            }
        ],
        "size": [
            18,
            18
        ]
    },
    "xp_level_percentages_control@pl.lbl": {
        "anchor_from": "top_right",
        "anchor_to": "top_right",
        "bindings": [
            {
                "binding_name": "#exp_progress",
                "binding_type": "global"
            },
            {
                "binding_type": "view",
                "source_property_name": "(((1 - #exp_progress) * 100 > ($in_range - 1)) and ((1 - #exp_progress) * 100 < $in_range) or ((1 - #exp_progress) * 100 = $in_range))",
                "target_property_name": "#visible"
            }
        ],
        "color": "$experience_text_color",
        "localize": false,
        "text": "('§z' + $text + '%')",
        "text_alignment": "right",
        "font_type": "Minecraftia",
        "shadow": true
    },
    "xp_level_percentages@pl.pnl": {
        "bindings": [
            {
                "binding_name": "#show_survival_ui",
                "binding_name_override": "#condition1"
            },
            {
                "binding_name": "#is_creative_mode",
                "binding_name_override": "#condition2"
            },
            {
                "binding_type": "view",
                "source_property_name": "(#condition1 or #condition2)",
                "target_property_name": "#visible"
            }
        ],
        "controls": [
            {
                "@pl.pnl": {
                    "$xp_percentage": "light_mods_panel.xp_level_percentages_control",
                    "anchor_from": "bottom_middle",
                    "anchor_to": "bottom_middle",
                    "bindings": [
                        {
                            "binding_type": "view",
                            "source_control_name": "light_xp_percentages_toggle",
                            "source_property_name": "#toggle_state",
                            "target_property_name": "#visible"
                        }
                    ],
                    "controls": [
                        {
                            "@$xp_percentage": {
                                "$in_range": 0,
                                "$text": "0"
                            }
                        },
                        {
                            "@$xp_percentage": {
                                "$in_range": 1,
                                "$text": "1"
                            }
                        },
                        {
                            "@$xp_percentage": {
                                "$in_range": 2,
                                "$text": "2"
                            }
                        },
                        {
                            "@$xp_percentage": {
                                "$in_range": 3,
                                "$text": "3"
                            }
                        },
                        {
                            "@$xp_percentage": {
                                "$in_range": 4,
                                "$text": "4"
                            }
                        },
                        {
                            "@$xp_percentage": {
                                "$in_range": 5,
                                "$text": "5"
                            }
                        },
                        {
                            "@$xp_percentage": {
                                "$in_range": 6,
                                "$text": "6"
                            }
                        },
                        {
                            "@$xp_percentage": {
                                "$in_range": 7,
                                "$text": "7"
                            }
                        },
                        {
                            "@$xp_percentage": {
                                "$in_range": 8,
                                "$text": "8"
                            }
                        },
                        {
                            "@$xp_percentage": {
                                "$in_range": 9,
                                "$text": "9"
                            }
                        },
                        {
                            "@$xp_percentage": {
                                "$in_range": 10,
                                "$text": "10"
                            }
                        },
                        {
                            "@$xp_percentage": {
                                "$in_range": 11,
                                "$text": "11"
                            }
                        },
                        {
                            "@$xp_percentage": {
                                "$in_range": 12,
                                "$text": "12"
                            }
                        },
                        {
                            "@$xp_percentage": {
                                "$in_range": 13,
                                "$text": "13"
                            }
                        },
                        {
                            "@$xp_percentage": {
                                "$in_range": 14,
                                "$text": "14"
                            }
                        },
                        {
                            "@$xp_percentage": {
                                "$in_range": 15,
                                "$text": "15"
                            }
                        },
                        {
                            "@$xp_percentage": {
                                "$in_range": 16,
                                "$text": "16"
                            }
                        },
                        {
                            "@$xp_percentage": {
                                "$in_range": 17,
                                "$text": "17"
                            }
                        },
                        {
                            "@$xp_percentage": {
                                "$in_range": 18,
                                "$text": "18"
                            }
                        },
                        {
                            "@$xp_percentage": {
                                "$in_range": 19,
                                "$text": "19"
                            }
                        },
                        {
                            "@$xp_percentage": {
                                "$in_range": 20,
                                "$text": "20"
                            }
                        },
                        {
                            "@$xp_percentage": {
                                "$in_range": 21,
                                "$text": "21"
                            }
                        },
                        {
                            "@$xp_percentage": {
                                "$in_range": 22,
                                "$text": "22"
                            }
                        },
                        {
                            "@$xp_percentage": {
                                "$in_range": 23,
                                "$text": "23"
                            }
                        },
                        {
                            "@$xp_percentage": {
                                "$in_range": 24,
                                "$text": "24"
                            }
                        },
                        {
                            "@$xp_percentage": {
                                "$in_range": 25,
                                "$text": "25"
                            }
                        },
                        {
                            "@$xp_percentage": {
                                "$in_range": 26,
                                "$text": "26"
                            }
                        },
                        {
                            "@$xp_percentage": {
                                "$in_range": 27,
                                "$text": "27"
                            }
                        },
                        {
                            "@$xp_percentage": {
                                "$in_range": 28,
                                "$text": "28"
                            }
                        },
                        {
                            "@$xp_percentage": {
                                "$in_range": 29,
                                "$text": "29"
                            }
                        },
                        {
                            "@$xp_percentage": {
                                "$in_range": 30,
                                "$text": "30"
                            }
                        },
                        {
                            "@$xp_percentage": {
                                "$in_range": 31,
                                "$text": "31"
                            }
                        },
                        {
                            "@$xp_percentage": {
                                "$in_range": 32,
                                "$text": "32"
                            }
                        },
                        {
                            "@$xp_percentage": {
                                "$in_range": 33,
                                "$text": "33"
                            }
                        },
                        {
                            "@$xp_percentage": {
                                "$in_range": 34,
                                "$text": "34"
                            }
                        },
                        {
                            "@$xp_percentage": {
                                "$in_range": 35,
                                "$text": "35"
                            }
                        },
                        {
                            "@$xp_percentage": {
                                "$in_range": 36,
                                "$text": "36"
                            }
                        },
                        {
                            "@$xp_percentage": {
                                "$in_range": 37,
                                "$text": "37"
                            }
                        },
                        {
                            "@$xp_percentage": {
                                "$in_range": 38,
                                "$text": "38"
                            }
                        },
                        {
                            "@$xp_percentage": {
                                "$in_range": 39,
                                "$text": "39"
                            }
                        },
                        {
                            "@$xp_percentage": {
                                "$in_range": 40,
                                "$text": "40"
                            }
                        },
                        {
                            "@$xp_percentage": {
                                "$in_range": 41,
                                "$text": "41"
                            }
                        },
                        {
                            "@$xp_percentage": {
                                "$in_range": 42,
                                "$text": "42"
                            }
                        },
                        {
                            "@$xp_percentage": {
                                "$in_range": 43,
                                "$text": "43"
                            }
                        },
                        {
                            "@$xp_percentage": {
                                "$in_range": 44,
                                "$text": "44"
                            }
                        },
                        {
                            "@$xp_percentage": {
                                "$in_range": 45,
                                "$text": "45"
                            }
                        },
                        {
                            "@$xp_percentage": {
                                "$in_range": 46,
                                "$text": "46"
                            }
                        },
                        {
                            "@$xp_percentage": {
                                "$in_range": 47,
                                "$text": "47"
                            }
                        },
                        {
                            "@$xp_percentage": {
                                "$in_range": 48,
                                "$text": "48"
                            }
                        },
                        {
                            "@$xp_percentage": {
                                "$in_range": 49,
                                "$text": "49"
                            }
                        },
                        {
                            "@$xp_percentage": {
                                "$in_range": 50,
                                "$text": "50"
                            }
                        },
                        {
                            "@$xp_percentage": {
                                "$in_range": 51,
                                "$text": "51"
                            }
                        },
                        {
                            "@$xp_percentage": {
                                "$in_range": 52,
                                "$text": "52"
                            }
                        },
                        {
                            "@$xp_percentage": {
                                "$in_range": 53,
                                "$text": "53"
                            }
                        },
                        {
                            "@$xp_percentage": {
                                "$in_range": 54,
                                "$text": "54"
                            }
                        },
                        {
                            "@$xp_percentage": {
                                "$in_range": 55,
                                "$text": "55"
                            }
                        },
                        {
                            "@$xp_percentage": {
                                "$in_range": 56,
                                "$text": "56"
                            }
                        },
                        {
                            "@$xp_percentage": {
                                "$in_range": 57,
                                "$text": "57"
                            }
                        },
                        {
                            "@$xp_percentage": {
                                "$in_range": 58,
                                "$text": "58"
                            }
                        },
                        {
                            "@$xp_percentage": {
                                "$in_range": 59,
                                "$text": "59"
                            }
                        },
                        {
                            "@$xp_percentage": {
                                "$in_range": 60,
                                "$text": "60"
                            }
                        },
                        {
                            "@$xp_percentage": {
                                "$in_range": 61,
                                "$text": "61"
                            }
                        },
                        {
                            "@$xp_percentage": {
                                "$in_range": 62,
                                "$text": "62"
                            }
                        },
                        {
                            "@$xp_percentage": {
                                "$in_range": 63,
                                "$text": "63"
                            }
                        },
                        {
                            "@$xp_percentage": {
                                "$in_range": 64,
                                "$text": "64"
                            }
                        },
                        {
                            "@$xp_percentage": {
                                "$in_range": 65,
                                "$text": "65"
                            }
                        },
                        {
                            "@$xp_percentage": {
                                "$in_range": 66,
                                "$text": "66"
                            }
                        },
                        {
                            "@$xp_percentage": {
                                "$in_range": 67,
                                "$text": "67"
                            }
                        },
                        {
                            "@$xp_percentage": {
                                "$in_range": 68,
                                "$text": "68"
                            }
                        },
                        {
                            "@$xp_percentage": {
                                "$in_range": 69,
                                "$text": "69"
                            }
                        },
                        {
                            "@$xp_percentage": {
                                "$in_range": 70,
                                "$text": "70"
                            }
                        },
                        {
                            "@$xp_percentage": {
                                "$in_range": 71,
                                "$text": "71"
                            }
                        },
                        {
                            "@$xp_percentage": {
                                "$in_range": 72,
                                "$text": "72"
                            }
                        },
                        {
                            "@$xp_percentage": {
                                "$in_range": 73,
                                "$text": "73"
                            }
                        },
                        {
                            "@$xp_percentage": {
                                "$in_range": 74,
                                "$text": "74"
                            }
                        },
                        {
                            "@$xp_percentage": {
                                "$in_range": 75,
                                "$text": "75"
                            }
                        },
                        {
                            "@$xp_percentage": {
                                "$in_range": 76,
                                "$text": "76"
                            }
                        },
                        {
                            "@$xp_percentage": {
                                "$in_range": 77,
                                "$text": "77"
                            }
                        },
                        {
                            "@$xp_percentage": {
                                "$in_range": 78,
                                "$text": "78"
                            }
                        },
                        {
                            "@$xp_percentage": {
                                "$in_range": 79,
                                "$text": "79"
                            }
                        },
                        {
                            "@$xp_percentage": {
                                "$in_range": 80,
                                "$text": "80"
                            }
                        },
                        {
                            "@$xp_percentage": {
                                "$in_range": 81,
                                "$text": "81"
                            }
                        },
                        {
                            "@$xp_percentage": {
                                "$in_range": 82,
                                "$text": "82"
                            }
                        },
                        {
                            "@$xp_percentage": {
                                "$in_range": 83,
                                "$text": "83"
                            }
                        },
                        {
                            "@$xp_percentage": {
                                "$in_range": 84,
                                "$text": "84"
                            }
                        },
                        {
                            "@$xp_percentage": {
                                "$in_range": 85,
                                "$text": "85"
                            }
                        },
                        {
                            "@$xp_percentage": {
                                "$in_range": 86,
                                "$text": "86"
                            }
                        },
                        {
                            "@$xp_percentage": {
                                "$in_range": 87,
                                "$text": "87"
                            }
                        },
                        {
                            "@$xp_percentage": {
                                "$in_range": 88,
                                "$text": "88"
                            }
                        },
                        {
                            "@$xp_percentage": {
                                "$in_range": 89,
                                "$text": "89"
                            }
                        },
                        {
                            "@$xp_percentage": {
                                "$in_range": 90,
                                "$text": "90"
                            }
                        },
                        {
                            "@$xp_percentage": {
                                "$in_range": 91,
                                "$text": "91"
                            }
                        },
                        {
                            "@$xp_percentage": {
                                "$in_range": 92,
                                "$text": "92"
                            }
                        },
                        {
                            "@$xp_percentage": {
                                "$in_range": 93,
                                "$text": "93"
                            }
                        },
                        {
                            "@$xp_percentage": {
                                "$in_range": 94,
                                "$text": "94"
                            }
                        },
                        {
                            "@$xp_percentage": {
                                "$in_range": 95,
                                "$text": "95"
                            }
                        },
                        {
                            "@$xp_percentage": {
                                "$in_range": 96,
                                "$text": "96"
                            }
                        },
                        {
                            "@$xp_percentage": {
                                "$in_range": 97,
                                "$text": "97"
                            }
                        },
                        {
                            "@$xp_percentage": {
                                "$in_range": 98,
                                "$text": "98"
                            }
                        },
                        {
                            "@$xp_percentage": {
                                "$in_range": 99,
                                "$text": "99"
                            }
                        },
                        {
                            "@$xp_percentage": {
                                "$in_range": 100,
                                "$text": "100"
                            }
                        }
                    ],
                    "offset": [
                        -123,
                        -25
                    ],
                    "size": [
                        60,
                        10
                    ]
                }
            }
        ]
    },
    "saturation_panel": {
        "type": "panel",
        "controls": [
            {
                "@saturation_template": {
                    "$saturation_color": [
                        1.0,
                        0.333,
                        0.333,
                        0.2
                    ],
                    "$binding_tags": "light_saturation_red_toggle"
                }
            },
            {
                "@saturation_template": {
                    "$saturation_color": [
                        1.0,
                        1.0,
                        0.333,
                        0.2
                    ],
                    "$binding_tags": "light_saturation_yellow_toggle"
                }
            },
            {
                "@saturation_template": {
                    "$saturation_color": [
                        0.333,
                        1.0,
                        1.0,
                        0.2
                    ],
                    "$binding_tags": "light_saturation_aqua_toggle"
                }
            },
            {
                "@saturation_template": {
                    "$saturation_color": [
                        0.333,
                        0.333,
                        1.0,
                        0.2
                    ],
                    "$binding_tags": "light_saturation_blue_toggle"
                }
            },
            {
                "@saturation_template": {
                    "$saturation_color": [
                        1.0,
                        1.0,
                        1.0,
                        0.2
                    ],
                    "$binding_tags": "light_saturation_white_toggle"
                }
            },
            {
                "@saturation_template": {
                    "$saturation_color": [
                        1.0,
                        0.5,
                        0.0,
                        0.2
                    ],
                    "$binding_tags": "light_saturation_orange_toggle"
                }
            }
        ]
    },
    "saturation_template": {
        "type": "custom",
        "renderer": "gradient_renderer",
        "layer": -10,
        "color1": "$saturation_color",
        "color2": "$saturation_color",
        "bindings": [
            {
                "binding_type": "view",
                "source_control_name": "$binding_tags",
                "source_property_name": "#toggle_state",
                "target_property_name": "#visible"
            }
        ]
    },
    "hotbar_numbers_control@pl.pnl": {
        "$panel_control": "light_mods_panel.hotbar_numbers_panel_control",
        "bindings": [
            {
                "binding_type": "view",
                "source_control_name": "light_hotbar_numbers_toggle",
                "source_property_name": "#toggle_state",
                "target_property_name": "#visible"
            }
        ],
        "controls": [
            {
                "small@pl.pnl": {
                    "$small_font": 1,
                    "anchor_from": "top_left",
                    "anchor_to": "top_left",
                    "controls": [
                        {
                            "hotbar_numbers_panel_control@pl.pnl": {
                                "controls": [
                                    {
                                        "label@pl.lbl": {
                                            "anchor_from": "top_left",
                                            "anchor_to": "top_left",
                                            "font_scale_factor": 0.66666666666666,
                                            "shadow": false,
                                            "text": "$text"
                                        }
                                    }
                                ]
                            }
                        }
                    ],
                    "offset": [
                        2.75,
                        2.75
                    ],
                    "size": [
                        "100% - 4.75px",
                        "100% - 5.25px"
                    ]
                }
            }
        ],
        "propagate_alpha": true,
        "size": [
            20,
            22
        ]
    },
    "light_hotbar_numbers@pl.hsp": {
        "$text_control|default": "light_mods_panel.hotbar_numbers_control",
        "anchor_from": "bottom_middle",
        "anchor_to": "bottom_middle",
        "controls": [
            {
                "0@$text_control": {
                    "$text": "$hotbar_number1"
                }
            },
            {
                "1@$text_control": {
                    "$text": "$hotbar_number2"
                }
            },
            {
                "2@$text_control": {
                    "$text": "$hotbar_number3"
                }
            },
            {
                "3@$text_control": {
                    "$text": "$hotbar_number4"
                }
            },
            {
                "4@$text_control": {
                    "$text": "$hotbar_number5"
                }
            },
            {
                "5@$text_control": {
                    "$text": "$hotbar_number6"
                }
            },
            {
                "6@$text_control": {
                    "$text": "$hotbar_number7"
                }
            },
            {
                "7@$text_control": {
                    "$text": "$hotbar_number8"
                }
            },
            {
                "8@$text_control": {
                    "$text": "$hotbar_number9"
                }
            }
        ],
        "layer": 20,
        "offset": [
            -80,
            -1.75
        ],
        "size": [
            20,
            22
        ]
    },
    "light_mainhand_hud_content": {
        "type": "stack_panel",
        "size": [
            18,
            18
        ],
        "bindings": [
            {
                "binding_type": "view",
                "source_control_name": "light_mainhandhud_toggle",
                "source_property_name": "#toggle_state",
                "target_property_name": "#visible"
            }
        ],
        "collection_name": "hotbar_items",
        "controls": [
            {
                "@mainhand_slot": {
                    "collection_index": 0
                }
            },
            {
                "@mainhand_slot": {
                    "collection_index": 1
                }
            },
            {
                "@mainhand_slot": {
                    "collection_index": 2
                }
            },
            {
                "@mainhand_slot": {
                    "collection_index": 3
                }
            },
            {
                "@mainhand_slot": {
                    "collection_index": 4
                }
            },
            {
                "@mainhand_slot": {
                    "collection_index": 5
                }
            },
            {
                "@mainhand_slot": {
                    "collection_index": 6
                }
            },
            {
                "@mainhand_slot": {
                    "collection_index": 7
                }
            },
            {
                "@mainhand_slot": {
                    "collection_index": 8
                }
            },
            {
                "@mainhand_slot": {
                    "collection_index": 9
                }
            }
        ]
    },
    "mainhand_slot": {
        "type": "panel",
        "size": [
            22,
            22
        ],
        "bindings": [
            {
                "binding_name": "#slot_selected",
                "binding_name_override": "#visible",
                "binding_type": "collection",
                "binding_collection_name": "hotbar_items"
            }
        ],
        "$hotbar_collection_name": "hotbar_items",
        "controls": [
            {
                "pot": {
                    "type": "image",
                    "texture": ".light/textures/mods/shiny_pots",
                    "layer": 1,
                    "size": [
                        16,
                        16
                    ],
                    "alpha": 0.35,
                    "offset": [
                        0,
                        0
                    ],
                    "bindings": [
                        {
                            "binding_name": "#item_id_aux",
                            "binding_type": "collection",
                            "binding_collection_name": "hotbar_items"
                        },
                        {
                            "binding_type": "view",
                            "source_property_name": "((#item_id_aux = 27918341) or ((#item_id_aux > 27918341) and (#item_id_aux < 27918379)))",
                            "target_property_name": "#visible"
                        }
                    ]
                }
            },
            {
                "pot2": {
                    "type": "image",
                    "texture": ".light/textures/mods/shiny_pots",
                    "layer": 1,
                    "size": [
                        16,
                        16
                    ],
                    "alpha": 0.35,
                    "offset": [
                        0,
                        0
                    ],
                    "bindings": [
                        {
                            "binding_name": "#item_id_aux",
                            "binding_type": "collection",
                            "binding_collection_name": "hotbar_items"
                        },
                        {
                            "binding_type": "view",
                            "source_property_name": "(((#item_id_aux > 36765698) and (#item_id_aux < 36765739)) or ((#item_id_aux > 36831234) and (#item_id_aux < 36831275)))",
                            "target_property_name": "#visible"
                        }
                    ]
                }
            },
            {
                "item_icon@hotbar_hud_item_icon": {
                    "layer": 3,
                    "size": [
                        16,
                        16
                    ]
                }
            },
            {
                "durability@item_durability": {
                    "layer": 5
                }
            },
            {
                "durability_text@light_durabilty_text": {
                    "bindings": [
                        {
                            "binding_name": "#item_durability_total_amount",
                            "binding_type": "collection",
                            "binding_collection_name": "hotbar_items"
                        },
                        {
                            "binding_type": "view",
                            "source_control_name": "hide_mainhand_durability",
                            "source_property_name": "(not #toggle_state)",
                            "target_property_name": "#visible"
                        }
                    ]
                }
            },
            {
                "item_background": {
                    "type": "image",
                    "size": [
                        22,
                        22
                    ],
                    "layer": 0,
                    "texture": ".light/textures/mods/slot",
                    "bindings": [
                        {
                            "binding_name": "(not (#item_id_aux = -1))",
                            "binding_name_override": "#visible",
                            "binding_type": "collection",
                            "binding_collection_name": "hotbar_items"
                        }
                    ]
                }
            },
            {
                "stack_count_label": {
                    "type": "label",
                    "offset": [
                        -1,
                        0
                    ],
                    "anchor_to": "bottom_right",
                    "anchor_from": "bottom_right",
                    "layer": 7,
                    "shadow": true,
                    "text": "#inventory_stack_count",
                    "bindings": [
                        {
                            "binding_name": "#inventory_stack_count",
                            "binding_type": "collection",
                            "binding_collection_name": "hotbar_items"
                        },
                        {
                            "binding_name": "none",
                            "binding_name_override": "#visible",
                            "binding_type": "collection",
                            "binding_collection_name": "hotbar_items"
                        },
                        {
                            "binding_type": "view",
                            "source_control_name": "hide_mainhand_stack",
                            "source_property_name": "(not #toggle_state)",
                            "target_property_name": "#visible"
                        }
                    ]
                }
            },
            {
                "cooldown_renderer": {
                    "type": "custom",
                    "renderer": "hotbar_cooldown_renderer",
                    "size": [
                        18,
                        20
                    ],
                    "layer": 10,
                    "bindings": [
                        {
                            "binding_collection_name": "hotbar_items",
                            "binding_type": "collection_details"
                        }
                    ]
                }
            },
            {
                "container_item_lock_overlay": {
                    "type": "panel",
                    "size": [
                        18,
                        18
                    ],
                    "controls": [
                        {
                            "container_item_lock_yellow@common.container_item_lock_yellow": {
                                "bindings": [
                                    {
                                        "binding_name": "#item_lock_in_inventory",
                                        "binding_name_override": "#visible",
                                        "binding_type": "collection",
                                        "binding_collection_name": "hotbar_items"
                                    }
                                ]
                            }
                        },
                        {
                            "container_item_lock_red@common.container_item_lock_red": {
                                "bindings": [
                                    {
                                        "binding_name": "#item_lock_in_slot",
                                        "binding_name_override": "#visible",
                                        "binding_type": "collection",
                                        "binding_collection_name": "hotbar_items"
                                    }
                                ]
                            }
                        }
                    ]
                }
            },
            {
                "item_icon": {
                    "type": "custom",
                    "renderer": "inventory_item_renderer",
                    "layer": 1,
                    "size": [
                        16,
                        16
                    ],
                    "property_bag": {
                        "force_update": true
                    },
                    "bindings": [
                        {
                            "binding_name": "#item_id_aux",
                            "binding_type": "collection",
                            "binding_collection_name": "hotbar_items"
                        },
                        {
                            "binding_name": "#charged_item",
                            "binding_type": "collection",
                            "binding_collection_name": "hotbar_items"
                        },
                        {
                            "binding_name": "#item_custom_color",
                            "binding_type": "collection",
                            "binding_collection_name": "hotbar_items"
                        },
                        {
                            "binding_name": "#banner_patterns",
                            "binding_condition": "visible",
                            "binding_type": "collection",
                            "binding_collection_name": "hotbar_items"
                        },
                        {
                            "binding_name": "#banner_colors",
                            "binding_condition": "visible",
                            "binding_type": "collection",
                            "binding_collection_name": "hotbar_items"
                        },
                        {
                            "binding_name": "#banner_type",
                            "binding_condition": "visible",
                            "binding_type": "collection",
                            "binding_collection_name": "hotbar_items"
                        },
                        {
                            "binding_type": "collection",
                            "binding_name": "#show_item",
                            "binding_name_override": "#visible",
                            "binding_collection_name": "hotbar_items"
                        },
                        {
                            "binding_name": "#inactive_item",
                            "binding_type": "collection",
                            "binding_collection_name": "hotbar_items",
                            "binding_name_override": "#disabled_filter_visible"
                        },
                        {
                            "binding_name": "#shield_is_active",
                            "binding_type": "collection",
                            "binding_collection_name": "hotbar_items"
                        },
                        {
                            "binding_name": "#item_lodestone_tracking_handle",
                            "binding_condition": "visible",
                            "binding_type": "collection",
                            "binding_collection_name": "hotbar_items"
                        }
                    ]
                }
            }
        ]
    },
    "light_durabilty_text": {
        "type": "panel",
        "bindings": [
            {
                "binding_type": "view",
                "source_control_name": "hide_mainhand_durability",
                "source_property_name": "(not #toggle_state)",
                "target_property_name": "#visible"
            }
        ],
        "controls": [
            {
                "100_percent@light_mods_panel.durability_text_template": {
                    "$durability_percentage_text": "100%%",
                    "$durability_percentage": 100
                }
            },
            {
                "99_percent@light_mods_panel.durability_text_template": {
                    "$durability_percentage_text": "99%%",
                    "$durability_percentage": 99
                }
            },
            {
                "98_percent@light_mods_panel.durability_text_template": {
                    "$durability_percentage_text": "98%%",
                    "$durability_percentage": 98
                }
            },
            {
                "97_percent@light_mods_panel.durability_text_template": {
                    "$durability_percentage_text": "97%%",
                    "$durability_percentage": 97
                }
            },
            {
                "96_percent@light_mods_panel.durability_text_template": {
                    "$durability_percentage_text": "96%%",
                    "$durability_percentage": 96
                }
            },
            {
                "95_percent@light_mods_panel.durability_text_template": {
                    "$durability_percentage_text": "95%%",
                    "$durability_percentage": 95
                }
            },
            {
                "94_percent@light_mods_panel.durability_text_template": {
                    "$durability_percentage_text": "94%%",
                    "$durability_percentage": 94
                }
            },
            {
                "93_percent@light_mods_panel.durability_text_template": {
                    "$durability_percentage_text": "93%%",
                    "$durability_percentage": 93
                }
            },
            {
                "92_percent@light_mods_panel.durability_text_template": {
                    "$durability_percentage_text": "92%%",
                    "$durability_percentage": 92
                }
            },
            {
                "91_percent@light_mods_panel.durability_text_template": {
                    "$durability_percentage_text": "91%%",
                    "$durability_percentage": 91
                }
            },
            {
                "90_percent@light_mods_panel.durability_text_template": {
                    "$durability_percentage_text": "90%%",
                    "$durability_percentage": 90
                }
            },
            {
                "89_percent@light_mods_panel.durability_text_template": {
                    "$durability_percentage_text": "89%%",
                    "$durability_percentage": 89
                }
            },
            {
                "88_percent@light_mods_panel.durability_text_template": {
                    "$durability_percentage_text": "88%%",
                    "$durability_percentage": 88
                }
            },
            {
                "87_percent@light_mods_panel.durability_text_template": {
                    "$durability_percentage_text": "87%%",
                    "$durability_percentage": 87
                }
            },
            {
                "86_percent@light_mods_panel.durability_text_template": {
                    "$durability_percentage_text": "86%%",
                    "$durability_percentage": 86
                }
            },
            {
                "85_percent@light_mods_panel.durability_text_template": {
                    "$durability_percentage_text": "85%%",
                    "$durability_percentage": 85
                }
            },
            {
                "84_percent@light_mods_panel.durability_text_template": {
                    "$durability_percentage_text": "84%%",
                    "$durability_percentage": 84
                }
            },
            {
                "83_percent@light_mods_panel.durability_text_template": {
                    "$durability_percentage_text": "83%%",
                    "$durability_percentage": 83
                }
            },
            {
                "82_percent@light_mods_panel.durability_text_template": {
                    "$durability_percentage_text": "82%%",
                    "$durability_percentage": 82
                }
            },
            {
                "81_percent@light_mods_panel.durability_text_template": {
                    "$durability_percentage_text": "81%%",
                    "$durability_percentage": 81
                }
            },
            {
                "80_percent@light_mods_panel.durability_text_template": {
                    "$durability_percentage_text": "80%%",
                    "$durability_percentage": 80
                }
            },
            {
                "79_percent@light_mods_panel.durability_text_template": {
                    "$durability_percentage_text": "79%%",
                    "$durability_percentage": 79
                }
            },
            {
                "78_percent@light_mods_panel.durability_text_template": {
                    "$durability_percentage_text": "78%%",
                    "$durability_percentage": 78
                }
            },
            {
                "77_percent@light_mods_panel.durability_text_template": {
                    "$durability_percentage_text": "77%%",
                    "$durability_percentage": 77
                }
            },
            {
                "76_percent@light_mods_panel.durability_text_template": {
                    "$durability_percentage_text": "76%%",
                    "$durability_percentage": 76
                }
            },
            {
                "75_percent@light_mods_panel.durability_text_template": {
                    "$durability_percentage_text": "75%%",
                    "$durability_percentage": 75
                }
            },
            {
                "74_percent@light_mods_panel.durability_text_template": {
                    "$durability_percentage_text": "§e74%%",
                    "$durability_percentage": 74
                }
            },
            {
                "73_percent@light_mods_panel.durability_text_template": {
                    "$durability_percentage_text": "§e73%%",
                    "$durability_percentage": 73
                }
            },
            {
                "72_percent@light_mods_panel.durability_text_template": {
                    "$durability_percentage_text": "§e72%%",
                    "$durability_percentage": 72
                }
            },
            {
                "71_percent@light_mods_panel.durability_text_template": {
                    "$durability_percentage_text": "§e71%%",
                    "$durability_percentage": 71
                }
            },
            {
                "70_percent@light_mods_panel.durability_text_template": {
                    "$durability_percentage_text": "§e70%%",
                    "$durability_percentage": 70
                }
            },
            {
                "69_percent@light_mods_panel.durability_text_template": {
                    "$durability_percentage_text": "§e69%%",
                    "$durability_percentage": 69
                }
            },
            {
                "68_percent@light_mods_panel.durability_text_template": {
                    "$durability_percentage_text": "§e68%%",
                    "$durability_percentage": 68
                }
            },
            {
                "67_percent@light_mods_panel.durability_text_template": {
                    "$durability_percentage_text": "§e67%%",
                    "$durability_percentage": 67
                }
            },
            {
                "66_percent@light_mods_panel.durability_text_template": {
                    "$durability_percentage_text": "§e66%%",
                    "$durability_percentage": 66
                }
            },
            {
                "65_percent@light_mods_panel.durability_text_template": {
                    "$durability_percentage_text": "§e65%%",
                    "$durability_percentage": 65
                }
            },
            {
                "64_percent@light_mods_panel.durability_text_template": {
                    "$durability_percentage_text": "§e64%%",
                    "$durability_percentage": 64
                }
            },
            {
                "63_percent@light_mods_panel.durability_text_template": {
                    "$durability_percentage_text": "§e63%%",
                    "$durability_percentage": 63
                }
            },
            {
                "62_percent@light_mods_panel.durability_text_template": {
                    "$durability_percentage_text": "§e62%%",
                    "$durability_percentage": 62
                }
            },
            {
                "61_percent@light_mods_panel.durability_text_template": {
                    "$durability_percentage_text": "§e61%%",
                    "$durability_percentage": 61
                }
            },
            {
                "60_percent@light_mods_panel.durability_text_template": {
                    "$durability_percentage_text": "§e60%%",
                    "$durability_percentage": 60
                }
            },
            {
                "59_percent@light_mods_panel.durability_text_template": {
                    "$durability_percentage_text": "§e59%%",
                    "$durability_percentage": 59
                }
            },
            {
                "58_percent@light_mods_panel.durability_text_template": {
                    "$durability_percentage_text": "§e58%%",
                    "$durability_percentage": 58
                }
            },
            {
                "57_percent@light_mods_panel.durability_text_template": {
                    "$durability_percentage_text": "§e57%%",
                    "$durability_percentage": 57
                }
            },
            {
                "56_percent@light_mods_panel.durability_text_template": {
                    "$durability_percentage_text": "§e56%%",
                    "$durability_percentage": 56
                }
            },
            {
                "55_percent@light_mods_panel.durability_text_template": {
                    "$durability_percentage_text": "§e55%%",
                    "$durability_percentage": 55
                }
            },
            {
                "54_percent@light_mods_panel.durability_text_template": {
                    "$durability_percentage_text": "§e54%%",
                    "$durability_percentage": 54
                }
            },
            {
                "53_percent@light_mods_panel.durability_text_template": {
                    "$durability_percentage_text": "§e53%%",
                    "$durability_percentage": 53
                }
            },
            {
                "52_percent@light_mods_panel.durability_text_template": {
                    "$durability_percentage_text": "§e52%%",
                    "$durability_percentage": 52
                }
            },
            {
                "51_percent@light_mods_panel.durability_text_template": {
                    "$durability_percentage_text": "§e51%%",
                    "$durability_percentage": 51
                }
            },
            {
                "50_percent@light_mods_panel.durability_text_template": {
                    "$durability_percentage_text": "§e50%%",
                    "$durability_percentage": 50
                }
            },
            {
                "49_percent@light_mods_panel.durability_text_template": {
                    "$durability_percentage_text": "§649%%",
                    "$durability_percentage": 49
                }
            },
            {
                "48_percent@light_mods_panel.durability_text_template": {
                    "$durability_percentage_text": "§648%%",
                    "$durability_percentage": 48
                }
            },
            {
                "47_percent@light_mods_panel.durability_text_template": {
                    "$durability_percentage_text": "§647%%",
                    "$durability_percentage": 47
                }
            },
            {
                "46_percent@light_mods_panel.durability_text_template": {
                    "$durability_percentage_text": "§646%%",
                    "$durability_percentage": 46
                }
            },
            {
                "45_percent@light_mods_panel.durability_text_template": {
                    "$durability_percentage_text": "§645%%",
                    "$durability_percentage": 45
                }
            },
            {
                "44_percent@light_mods_panel.durability_text_template": {
                    "$durability_percentage_text": "§644%%",
                    "$durability_percentage": 44
                }
            },
            {
                "43_percent@light_mods_panel.durability_text_template": {
                    "$durability_percentage_text": "§643%%",
                    "$durability_percentage": 43
                }
            },
            {
                "42_percent@light_mods_panel.durability_text_template": {
                    "$durability_percentage_text": "§642%%",
                    "$durability_percentage": 42
                }
            },
            {
                "41_percent@light_mods_panel.durability_text_template": {
                    "$durability_percentage_text": "§641%%",
                    "$durability_percentage": 41
                }
            },
            {
                "40_percent@light_mods_panel.durability_text_template": {
                    "$durability_percentage_text": "§640%%",
                    "$durability_percentage": 40
                }
            },
            {
                "39_percent@light_mods_panel.durability_text_template": {
                    "$durability_percentage_text": "§639%%",
                    "$durability_percentage": 39
                }
            },
            {
                "38_percent@light_mods_panel.durability_text_template": {
                    "$durability_percentage_text": "§638%%",
                    "$durability_percentage": 38
                }
            },
            {
                "37_percent@light_mods_panel.durability_text_template": {
                    "$durability_percentage_text": "§637%%",
                    "$durability_percentage": 37
                }
            },
            {
                "36_percent@light_mods_panel.durability_text_template": {
                    "$durability_percentage_text": "§636%%",
                    "$durability_percentage": 36
                }
            },
            {
                "35_percent@light_mods_panel.durability_text_template": {
                    "$durability_percentage_text": "§635%%",
                    "$durability_percentage": 35
                }
            },
            {
                "34_percent@light_mods_panel.durability_text_template": {
                    "$durability_percentage_text": "§634%%",
                    "$durability_percentage": 34
                }
            },
            {
                "33_percent@light_mods_panel.durability_text_template": {
                    "$durability_percentage_text": "§633%%",
                    "$durability_percentage": 33
                }
            },
            {
                "32_percent@light_mods_panel.durability_text_template": {
                    "$durability_percentage_text": "§632%%",
                    "$durability_percentage": 32
                }
            },
            {
                "31_percent@light_mods_panel.durability_text_template": {
                    "$durability_percentage_text": "§631%%",
                    "$durability_percentage": 31
                }
            },
            {
                "30_percent@light_mods_panel.durability_text_template": {
                    "$durability_percentage_text": "§630%%",
                    "$durability_percentage": 30
                }
            },
            {
                "29_percent@light_mods_panel.durability_text_template": {
                    "$durability_percentage_text": "§629%%",
                    "$durability_percentage": 29
                }
            },
            {
                "28_percent@light_mods_panel.durability_text_template": {
                    "$durability_percentage_text": "§628%%",
                    "$durability_percentage": 28
                }
            },
            {
                "27_percent@light_mods_panel.durability_text_template": {
                    "$durability_percentage_text": "§627%%",
                    "$durability_percentage": 27
                }
            },
            {
                "26_percent@light_mods_panel.durability_text_template": {
                    "$durability_percentage_text": "§626%%",
                    "$durability_percentage": 26
                }
            },
            {
                "25_percent@light_mods_panel.durability_text_template": {
                    "$durability_percentage_text": "§625%%",
                    "$durability_percentage": 25
                }
            },
            {
                "24_percent@light_mods_panel.durability_text_template": {
                    "$durability_percentage_text": "§c24%%",
                    "$durability_percentage": 24
                }
            },
            {
                "23_percent@light_mods_panel.durability_text_template": {
                    "$durability_percentage_text": "§c23%%",
                    "$durability_percentage": 23
                }
            },
            {
                "22_percent@light_mods_panel.durability_text_template": {
                    "$durability_percentage_text": "§c22%%",
                    "$durability_percentage": 22
                }
            },
            {
                "21_percent@light_mods_panel.durability_text_template": {
                    "$durability_percentage_text": "§c21%%",
                    "$durability_percentage": 21
                }
            },
            {
                "20_percent@light_mods_panel.durability_text_template": {
                    "$durability_percentage_text": "§c20%%",
                    "$durability_percentage": 20
                }
            },
            {
                "19_percent@light_mods_panel.durability_text_template": {
                    "$durability_percentage_text": "§c19%%",
                    "$durability_percentage": 19
                }
            },
            {
                "18_percent@light_mods_panel.durability_text_template": {
                    "$durability_percentage_text": "§c18%%",
                    "$durability_percentage": 18
                }
            },
            {
                "17_percent@light_mods_panel.durability_text_template": {
                    "$durability_percentage_text": "§c17%%",
                    "$durability_percentage": 17
                }
            },
            {
                "16_percent@light_mods_panel.durability_text_template": {
                    "$durability_percentage_text": "§c16%%",
                    "$durability_percentage": 16
                }
            },
            {
                "15_percent@light_mods_panel.durability_text_template": {
                    "$durability_percentage_text": "§c15%%",
                    "$durability_percentage": 15
                }
            },
            {
                "14_percent@light_mods_panel.durability_text_template": {
                    "$durability_percentage_text": "§c14%%",
                    "$durability_percentage": 14
                }
            },
            {
                "13_percent@light_mods_panel.durability_text_template": {
                    "$durability_percentage_text": "§c13%%",
                    "$durability_percentage": 13
                }
            },
            {
                "12_percent@light_mods_panel.durability_text_template": {
                    "$durability_percentage_text": "§c12%%",
                    "$durability_percentage": 12
                }
            },
            {
                "11_percent@light_mods_panel.durability_text_template": {
                    "$durability_percentage_text": "§c11%%",
                    "$durability_percentage": 11
                }
            },
            {
                "10_percent@light_mods_panel.durability_text_template": {
                    "$durability_percentage_text": "§c10%%",
                    "$durability_percentage": 10
                }
            },
            {
                "9_percent@light_mods_panel.durability_text_template": {
                    "$durability_percentage_text": "§49%%",
                    "$durability_percentage": 9
                }
            },
            {
                "8_percent@light_mods_panel.durability_text_template": {
                    "$durability_percentage_text": "§48%%",
                    "$durability_percentage": 8
                }
            },
            {
                "7_percent@light_mods_panel.durability_text_template": {
                    "$durability_percentage_text": "§47%%",
                    "$durability_percentage": 7
                }
            },
            {
                "6_percent@light_mods_panel.durability_text_template": {
                    "$durability_percentage_text": "§46%%",
                    "$durability_percentage": 6
                }
            },
            {
                "5_percent@light_mods_panel.durability_text_template": {
                    "$durability_percentage_text": "§45%%",
                    "$durability_percentage": 5
                }
            },
            {
                "4_percent@light_mods_panel.durability_text_template": {
                    "$durability_percentage_text": "§44%%",
                    "$durability_percentage": 4
                }
            },
            {
                "3_percent@light_mods_panel.durability_text_template": {
                    "$durability_percentage_text": "§43%%",
                    "$durability_percentage": 3
                }
            },
            {
                "2_percent@light_mods_panel.durability_text_template": {
                    "$durability_percentage_text": "§42%%",
                    "$durability_percentage": 2
                }
            },
            {
                "1_percent@light_mods_panel.durability_text_template": {
                    "$durability_percentage_text": "§41%%",
                    "$durability_percentage": 1
                }
            },
            {
                "0_percent@light_mods_panel.durability_text_template": {
                    "$durability_percentage_text": "",
                    "$durability_percentage": 0
                }
            }
        ]
    },
    "durability_text_template": {
        "type": "label",
        "text": "('§a' + $durability_percentage_text)",
        "$durability_percentage|default": "",
        "anchor_from": "center",
        "anchor_to": "center",
        "shadow": true,
        "offset": [
            25,
            0
        ],
        "bindings": [
            {
                "binding_name": "#item_durability_current_amount",
                "binding_type": "collection",
                "binding_collection_name": "hotbar_items"
            },
            {
                "binding_name": "#item_durability_total_amount",
                "binding_type": "collection",
                "binding_collection_name": "hotbar_items"
            },
            {
                "binding_type": "view",
                "source_property_name": "((#item_durability_current_amount / #item_durability_total_amount * 100 < $durability_percentage and #item_durability_current_amount / #item_durability_total_amount * 100 > ($durability_percentage - 1)) or (#item_durability_current_amount / #item_durability_total_amount * 100 = $durability_percentage))",
                "target_property_name": "#visible"
            }
        ]
    },
    "light_playerlist@pl.pnl": {
        "size": [
            "25%",
            "85%"
        ],
        "layer": 1,
        "offset": [
            0,
            3
        ],
        "bindings": [
            {
                "binding_type": "view",
                "source_control_name": "light_playerlist_toggle",
                "source_property_name": "#toggle_state",
                "target_property_name": "#visible"
            }
        ],
        "controls": [
            {
                "player_list_grid": {
                    "anchor_from": "top_middle",
                    "anchor_to": "top_middle",
                    "bindings": [
                        {
                            "binding_condition": "always",
                            "binding_name": "#players_grid_dimension"
                        }
                    ],
                    "collection_name": "players_collection",
                    "grid_dimension_binding": "#players_grid_dimension",
                    "grid_item_template": "light_mods_panel.tab_list_grid",
                    "offset": [
                        "-101% - 0.75px",
                        0
                    ],
                    "size": [
                        "90%",
                        "100%c"
                    ],
                    "type": "grid"
                }
            }
        ]
    },
    "tab_list_grid@pl.pnl": {
        "size": [
            "25%",
            11
        ],
        "anchor_from": "top_middle",
        "anchor_to": "top_middle",
        "controls": [
            {
                "background@pl.img": {
                    "controls": [
                        {
                            "grid_avatar@pl.img": {
                                "anchor_from": "left_middle",
                                "anchor_to": "left_middle",
                                "bindings": [
                                    {
                                        "binding_collection_name": "players_collection",
                                        "binding_name": "#texture",
                                        "binding_type": "collection"
                                    },
                                    {
                                        "binding_collection_name": "players_collection",
                                        "binding_name": "#texture_source",
                                        "binding_name_override": "#texture_file_system",
                                        "binding_type": "collection"
                                    }
                                ],
                                "layer": 2,
                                "offset": [
                                    2,
                                    0
                                ],
                                "size": [
                                    8,
                                    8
                                ],
                                "texture": "#texture",
                                "texture_file_system": "#texture_source"
                            }
                        },
                        {
                            "player_gamertag": {
                                "type": "label",
                                "text": "#gamertag",
                                "layer": 3,
                                "size": [
                                    "default",
                                    10
                                ],
                                "font_scale_factor": 1,
                                "bindings": [
                                    {
                                        "binding_name": "#gamertag",
                                        "binding_type": "collection",
                                        "binding_collection_name": "players_collection"
                                    }
                                ]
                            }
                        }
                    ],
                    "size": [
                        "400% + 0.9px",
                        12
                    ],
                    "alpha": 0.65,
                    "texture": "textures/ui/Black"
                }
            }
        ]
    },
    "light_indicator": {
        "type": "panel",
        "bindings": [
            {
                "binding_type": "view",
                "source_control_name": "light_mob_indicator_toggle",
                "source_property_name": "#toggle_state",
                "target_property_name": "#visible"
            }
        ],
        "controls": [
            {
                "@light_indicator_content": {}
            }
        ]
    },
    "light_indicator_content": {
        "type": "image",
        "texture": ".light/textures/mods/Indicator",
        "size": [
            16,
            16
        ],
        "offset": [
            0,
            10
        ],
        "alpha": 5,
        "bindings": [
            {
                "binding_name": "#interact_visible",
                "binding_name_override": "#visible",
                "binding_condition": "always"
            }
        ]
    },
    "light_safe_zone": {
        "size": [
            "100%-5px",
            "100%-5px"
        ],
        "type": "image",
        "bindings": [
            {
                "binding_type": "view",
                "source_control_name": "light_safezone_toggle",
                "source_property_name": "#toggle_state",
                "target_property_name": "#visible"
            }
        ],
        "texture": ".light/textures/mods/safe_zone",
        "color": [
            254,
            254,
            51
        ],
        "layer": 5
    },
    "light_scoreboard": {
        "type": "panel",
        "size": [
            "100%",
            "100%"
        ],
        "bindings": [
            {
                "binding_type": "view",
                "source_control_name": "light_hide_scoreboard_toggle",
                "source_property_name": "(not #toggle_state)",
                "target_property_name": "#visible"
            }
        ],
        "controls": [
            {
                "sidebar@scoreboard.scoreboard_sidebar": {}
            }
        ]
    },
    "clock_and_compass": {
        "type": "panel",
        "variables": [
            {
                "requires": "($mouse or $gamepad)",
                "$offset2": [
                    -10,
                    0
                ],
                "$offset1": [
                    10,
                    0
                ]
            },
            {
                "requires": "$touch",
                "$offset2": [
                    -38,
                    0
                ],
                "$offset1": [
                    38,
                    0
                ]
            }
        ],
        "bindings": [
            {
                "binding_type": "view",
                "source_control_name": "light_clock_compass_toggle",
                "source_property_name": "#toggle_state",
                "target_property_name": "#visible"
            }
        ],
        "controls": [
            {
                "clock": {
                    "type": "custom",
                    "renderer": "inventory_item_renderer",
                    "size": [
                        20,
                        20
                    ],
                    "anchor_from": "top_middle",
                    "anchor_to": "top_middle",
                    "offset": "$offset1",
                    "property_bag": {
                        "#item_id_aux": 22740992
                    }
                }
            },
            {
                "compass": {
                    "type": "custom",
                    "renderer": "inventory_item_renderer",
                    "size": [
                        20,
                        20
                    ],
                    "anchor_from": "top_middle",
                    "anchor_to": "top_middle",
                    "offset": "$offset2",
                    "property_bag": {
                        "#item_id_aux": 22609920
                    }
                }
            }
        ]
    },
    "anim_chat_entrance": {
        "anim_type": "offset",
        "easing": "out_sine",
        "duration": 0.9,
        "from": [
            "-100% - 15px",
            0
        ],
        "to": [
            0,
            0
        ],
        "next": "@light_mods_panel.anim_chat_wait"
    },
    "anim_chat_wait": {
        "anim_type": "wait",
        "duration": 3,
        "next": "@light_mods_panel.anim_chat_exit"
    },
    "anim_chat_exit": {
        "anim_type": "offset",
        "easing": "in_quad",
        "duration": 1.2,
        "from": [
            0,
            0
        ],
        "to": [
            "-100% - 15px",
            0
        ]
    },
    "chat_grid_item": {
        "type": "panel",
        "layer": 1,
        "size": [
            "100%",
            "100%c"
        ],
        "anchor_from": "bottom_left",
        "anchor_to": "bottom_left",
        "controls": [
            {
                "chat_messages_background": {
                    "type": "image",
                    "texture": "textures/ui/screen_background",
                    "alpha": 0.7,
                    "size": [
                        "100%",
                        "100%c"
                    ],
                    "anims": [
                        "@light_mods_panel.anim_chat_entrance_2"
                    ],
                    "controls": [
                        {
                            "chat_text@hud.chat_label": {
                                "anchor_from": "top_left",
                                "anchor_to": "top_left",
                                "line_padding": -1,
                                "offset": [
                                    2,
                                    0.5
                                ]
                            }
                        }
                    ]
                }
            }
        ]
    },
    "bottom_chat_grid_item": {
        "type": "panel",
        "layer": 1,
        "size": [
            "100%",
            "100%c"
        ],
        "anchor_from": "top_left",
        "anchor_to": "top_left",
        "controls": [
            {
                "chat_messages_background": {
                    "type": "image",
                    "texture": "textures/ui/screen_background",
                    "alpha": 0.7,
                    "size": [
                        "100%",
                        "100%c"
                    ],
                    "anims": [
                        "@light_mods_panel.anim_chat_entrance"
                    ],
                    "controls": [
                        {
                            "chat_text@hud.chat_label": {
                                "anchor_from": "top_left",
                                "anchor_to": "top_left",
                                "line_padding": -1,
                                "offset": [
                                    2,
                                    0.5
                                ]
                            }
                        }
                    ]
                }
            }
        ]
    },
    "anim_chat_entrance_2": {
        "anim_type": "offset",
        "easing": "out_sine",
        "duration": 0.9,
        "from": [
            "-100% - 15px",
            0
        ],
        "to": [
            0,
            0
        ],
        "next": "@light_mods_panel.anim_chat_wait_2"
    },
    "anim_chat_wait_2": {
        "anim_type": "wait",
        "duration": 3,
        "next": "@light_mods_panel.anim_chat_exit_2"
    },
    "anim_chat_exit_2": {
        "anim_type": "offset",
        "easing": "in_quad",
        "duration": 1.2,
        "from": [
            0,
            0
        ],
        "to": [
            "-100% - 15px",
            0
        ],
        "destroy_at_end": "chat_grid_item"
    },
    "light_chat_panel": {
        "type": "panel",
        "clips_children": true,
        "size": [
            "40%",
            "100%c"
        ],
        "max_size": [
            "40%",
            140
        ],
        "anchor_from": "top_left",
        "anchor_to": "top_left",
        "controls": [
            {
                "stack_panel": {
                    "type": "stack_panel",
                    "anchor_from": "bottom_left",
                    "anchor_to": "bottom_left",
                    "factory": {
                        "name": "chat_item_factory",
                        "max_children_size": 50,
                        "control_ids": {
                            "chat_item": "chat_item@light_mods_panel.chat_grid_item"
                        }
                    }
                }
            }
        ]
    },
    "light_bottom_chat_panel": {
        "type": "panel",
        "clips_children": true,
        "size": [
            "40%",
            "100%c"
        ],
        "max_size": [
            "40%",
            140
        ],
        "anchor_from": "bottom_left",
        "anchor_to": "bottom_left",
        "controls": [
            {
                "stack_panel": {
                    "type": "stack_panel",
                    "anchor_from": "bottom_left",
                    "anchor_to": "bottom_left",
                    "factory": {
                        "name": "chat_item_factory",
                        "max_children_size": 50,
                        "control_ids": {
                            "chat_item": "chat_item@light_mods_panel.bottom_chat_grid_item"
                        }
                    }
                }
            }
        ]
    }
}