{"namespace":"light_mods","mod_panel":{"type":"panel","controls":[{"@light_crosshair.cross_hud":{}},{"@light_mods.armor_hud":{}},{"@light_mods.pot_counter":{}},{"@light_mods.direction_hud":{"bindings":[{"binding_type":"view","source_control_name":"direction_hud_mod","source_property_name":"#toggle_state","target_property_name":"#visible"},{"binding_type":"view","source_control_name":"direction_hud_alpha","source_property_name":"(#slider_value / 35)","target_property_name":"#alpha"}]}},{"@light_mods.clock_and_compass":{}},{"@light_mods.ip_display":{}},{"@light_mainhand_hud.mainhand_hud":{}},{"@light_mods.speed_hud":{}},{"@light_mods.hotbar_nr":{}},{"@light_mods.offhand_renderer":{}},{"@light_mods.scoreboard":{}},{"@light_mods.safe_zone":{}},{"@light_mods.indicator":{"bindings":[{"binding_type":"view","source_control_name":"mob_indicator_mod","source_property_name":"#toggle_state","target_property_name":"#visible"}]}},{"@light_mods.status_hud":{"bindings":[{"binding_type":"view","source_control_name":"status_hud","source_property_name":"#toggle_state","target_property_name":"#visible"}]}},{"@light_mods.timer_hud":{"bindings":[{"binding_type":"view","source_control_name":"timer_hud_mod","source_property_name":"#toggle_state","target_property_name":"#visible"},{"binding_type":"view","source_control_name":"timer_hud_alpha_opacity","source_property_name":"(#slider_value / 35)","target_property_name":"#alpha"}]}},{"@light_mods.day_counter":{"bindings":[{"binding_type":"view","source_control_name":"day_counter_mod","source_property_name":"#toggle_state","target_property_name":"#visible"},{"binding_type":"view","source_control_name":"day_counter_alpha_opacity","source_property_name":"(#slider_value / 35)","target_property_name":"#alpha"}]}},{"@light_mods.fps_counter":{"bindings":[{"binding_type":"view","source_control_name":"fps_counter_mod","source_property_name":"#toggle_state","target_property_name":"#visible"},{"binding_type":"view","source_control_name":"fps_counter_alpha_opacity","source_property_name":"(#slider_value / 35)","target_property_name":"#alpha"}]}},{"@light_mods.debug_screen_stack_panel":{"bindings":[{"binding_type":"view","source_control_name":"debug_hud_mod","source_property_name":"#toggle_state","target_property_name":"#visible"}]}},{"@light_mods.player_list_panel":{"bindings":[{"binding_type":"view","source_control_name":"player_list_mod","source_property_name":"#toggle_state","target_property_name":"#visible"}]}},{"@light_mods.brightness_mod":{"bindings":[{"binding_type":"view","source_control_name":"brightness_opacity","source_property_name":"(#slider_value / 35)","target_property_name":"#alpha"}]}}]}}