{"namespace":"light_mod_menu","light_mod_menu@config.config":{"layer":10000,"controls":[{"@mod_menu_button":{}},{"@mod_menu":{}}],"type":"panel"},"mod_menu_button@common_toggles.mod_menu_button":{"$button_text":"","$toggle_view_binding_name":"mod_menu","anchor_from":"bottom_left","anchor_to":"bottom_left","$toggle_group_forced_index":1,"$default_texture":"","$hover_texture":"","$pressed_texture":"","$pressed_no_hover_texture":"","$locked_texture":"","size":[32,18],"layer":10000,"$button_mappings":[{"from_button_id":"button.menu_select","mapping_type":"double_pressed","to_button_id":"button.mod_menu"}]},"mod_menu":{"type":"panel","anchor_from":"center","anchor_to":"center","bindings":[{"binding_type":"view","source_control_name":"mod_menu","source_property_name":"#toggle_state","target_property_name":"#visible"}],"layer":10000,"controls":[{"background":{"texture":"textures/ui/screen_background","type":"image","fill":true,"layer":-1,"alpha":0.35,"size":["100%","100%"]}},{"bg":{"anchor_from":"center","anchor_to":"center","type":"image","texture":".light/textures/buttons/default","size":[300,175],"alpha":0.79,"layer":10000,"controls":[{"icon@light_mod_menu.icon":{"layer":10000}},{"category@light_categories.categories":{"layer":10000}},{"general@light_mod_menu.general_tab":{"layer":10000}},{"crosshair@light_mod_menu.crosshair_tab":{"layer":10000}},{"elements@light_mod_menu.elements_tab":{"layer":10000}},{"info@light_mod_menu.info_tab":{"layer":10000}},{"settings@light_mod_menu.settings_tab":{"layer":10000}}]}}]},"icon":{"type":"image","texture":".light/textures/logo","size":[32,24],"offset":[5,5],"layer":10000,"anchor_from":"top_left","anchor_to":"top_left"}}