{"namespace":"light_start","play_button@light_buttons.light_button":{"$pressed_button_name":"button.menu_play","$button_text":"Play","$text_color":"black","size":[120,24],"offset":[35,-13]},"settings_button@light_buttons.light_button":{"$pressed_button_name":"button.menu_settings","$button_text":"Settings","$text_color":"black","size":[120,24],"offset":[35,13]},"side_panel":{"type":"image","texture":".light/textures/bg/buttons_bg","anchor_from":"right_middle","anchor_to":"right_middle","alpha":0.70,"size":[30,100],"controls":[{"achievements_button@light_image_buttons.light_image_button":{"$pressed_button_name":"button.menu_achievements","$button_icon":".light/textures/icons/achievements","layer":1,"size":[25,25],"offset":[0,-27]}},{"marketplace_button@light_image_buttons.light_image_button":{"$pressed_button_name":"button.menu_store","$button_icon":".light/textures/icons/marketplace","layer":2,"size":[25,25]}},{"skins_button@light_image_buttons.light_image_button":{"$pressed_button_name":"button.menu_skins","$button_icon":".light/textures/icons/skins","layer":3,"size":[25,25],"offset":[0,27]}}]}}