{
    "format_version": "1.12.0",
    "minecraft:geometry": [
        {
            "description": {
                "identifier": "geometry.light_chunk_border",
                "texture_width": 16,
                "texture_height": 16,
                "visible_bounds_width": 18,
                "visible_bounds_height": 17.5,
                "visible_bounds_offset": [
                    0,
                    8.25,
                    0
                ]
            },
            "bones": [
                {
                    "name": "light_chunk_border",
                    "pivot": [
                        0,
                        0,
                        0
                    ]
                },
                {
                    "name": "light_chunk",
                    "parent": "light_chunk_border",
                    "pivot": [
                        0,
                        0,
                        0
                    ]
                },
                {
                    "name": "side1",
                    "parent": "light_chunk",
                    "pivot": [
                        0,
                        0,
                        0
                    ]
                },
                {
                    "name": "vert",
                    "parent": "side1",
                    "pivot": [
                        0,
                        0,
                        0
                    ],
                    "cubes": [
                        {
                            "origin": [
                                96,
                                0,
                                -128
                            ],
                            "size": [
                                0.2,
                                256,
                                0
                            ],
                            "uv": [
                                0,
                                0
                            ]
                        },
                        {
                            "origin": [
                                64,
                                0,
                                -128
                            ],
                            "size": [
                                0.2,
                                256,
                                0
                            ],
                            "uv": [
                                0,
                                0
                            ]
                        },
                        {
                            "origin": [
                                32,
                                0,
                                -128
                            ],
                            "size": [
                                0.2,
                                256,
                                0
                            ],
                            "uv": [
                                0,
                                0
                            ]
                        },
                        {
                            "origin": [
                                0,
                                0,
                                -128
                            ],
                            "size": [
                                0.2,
                                256,
                                0
                            ],
                            "uv": [
                                0,
                                0
                            ]
                        },
                        {
                            "origin": [
                                -32,
                                0,
                                -128
                            ],
                            "size": [
                                0.2,
                                256,
                                0
                            ],
                            "uv": [
                                0,
                                0
                            ]
                        },
                        {
                            "origin": [
                                -64,
                                0,
                                -128
                            ],
                            "size": [
                                0.2,
                                256,
                                0
                            ],
                            "uv": [
                                0,
                                0
                            ]
                        },
                        {
                            "origin": [
                                -96,
                                0,
                                -128
                            ],
                            "size": [
                                0.2,
                                256,
                                0
                            ],
                            "uv": [
                                0,
                                0
                            ]
                        },
                        {
                            "origin": [
                                -128,
                                0,
                                -128
                            ],
                            "size": [
                                0.2,
                                256,
                                0
                            ],
                            "uv": [
                                0,
                                0
                            ]
                        }
                    ]
                },
                {
                    "name": "horz",
                    "parent": "side1",
                    "pivot": [
                        0,
                        128,
                        0
                    ],
                    "rotation": [
                        0,
                        0,
                        90
                    ],
                    "cubes": [
                        {
                            "origin": [
                                96,
                                0,
                                -128
                            ],
                            "size": [
                                0.2,
                                256,
                                0
                            ],
                            "uv": [
                                0,
                                0
                            ]
                        },
                        {
                            "origin": [
                                64,
                                0,
                                -128
                            ],
                            "size": [
                                0.2,
                                256,
                                0
                            ],
                            "uv": [
                                0,
                                0
                            ]
                        },
                        {
                            "origin": [
                                32,
                                0,
                                -128
                            ],
                            "size": [
                                0.2,
                                256,
                                0
                            ],
                            "uv": [
                                0,
                                0
                            ]
                        },
                        {
                            "origin": [
                                0,
                                0,
                                -128
                            ],
                            "size": [
                                0.2,
                                256,
                                0
                            ],
                            "uv": [
                                0,
                                0
                            ]
                        },
                        {
                            "origin": [
                                -32,
                                0,
                                -128
                            ],
                            "size": [
                                0.2,
                                256,
                                0
                            ],
                            "uv": [
                                0,
                                0
                            ]
                        },
                        {
                            "origin": [
                                -64,
                                0,
                                -128
                            ],
                            "size": [
                                0.2,
                                256,
                                0
                            ],
                            "uv": [
                                0,
                                0
                            ]
                        },
                        {
                            "origin": [
                                -96,
                                0,
                                -128
                            ],
                            "size": [
                                0.2,
                                256,
                                0
                            ],
                            "uv": [
                                0,
                                0
                            ]
                        },
                        {
                            "origin": [
                                -128,
                                0,
                                -128
                            ],
                            "size": [
                                0.2,
                                256,
                                0
                            ],
                            "uv": [
                                0,
                                0
                            ]
                        }
                    ]
                },
                {
                    "name": "side2",
                    "parent": "light_chunk",
                    "pivot": [
                        0,
                        0,
                        0
                    ],
                    "rotation": [
                        0,
                        -90,
                        0
                    ]
                },
                {
                    "name": "vert2",
                    "parent": "side2",
                    "pivot": [
                        0,
                        0,
                        0
                    ],
                    "cubes": [
                        {
                            "origin": [
                                96,
                                0,
                                -128
                            ],
                            "size": [
                                0.2,
                                256,
                                0
                            ],
                            "uv": [
                                0,
                                0
                            ]
                        },
                        {
                            "origin": [
                                64,
                                0,
                                -128
                            ],
                            "size": [
                                0.2,
                                256,
                                0
                            ],
                            "uv": [
                                0,
                                0
                            ]
                        },
                        {
                            "origin": [
                                32,
                                0,
                                -128
                            ],
                            "size": [
                                0.2,
                                256,
                                0
                            ],
                            "uv": [
                                0,
                                0
                            ]
                        },
                        {
                            "origin": [
                                0,
                                0,
                                -128
                            ],
                            "size": [
                                0.2,
                                256,
                                0
                            ],
                            "uv": [
                                0,
                                0
                            ]
                        },
                        {
                            "origin": [
                                -32,
                                0,
                                -128
                            ],
                            "size": [
                                0.2,
                                256,
                                0
                            ],
                            "uv": [
                                0,
                                0
                            ]
                        },
                        {
                            "origin": [
                                -64,
                                0,
                                -128
                            ],
                            "size": [
                                0.2,
                                256,
                                0
                            ],
                            "uv": [
                                0,
                                0
                            ]
                        },
                        {
                            "origin": [
                                -96,
                                0,
                                -128
                            ],
                            "size": [
                                0.2,
                                256,
                                0
                            ],
                            "uv": [
                                0,
                                0
                            ]
                        },
                        {
                            "origin": [
                                -128,
                                0,
                                -128
                            ],
                            "size": [
                                0.2,
                                256,
                                0
                            ],
                            "uv": [
                                0,
                                0
                            ]
                        }
                    ]
                },
                {
                    "name": "horz2",
                    "parent": "side2",
                    "pivot": [
                        0,
                        128,
                        0
                    ],
                    "rotation": [
                        0,
                        0,
                        90
                    ],
                    "cubes": [
                        {
                            "origin": [
                                96,
                                0,
                                -128
                            ],
                            "size": [
                                0.2,
                                256,
                                0
                            ],
                            "uv": [
                                0,
                                0
                            ]
                        },
                        {
                            "origin": [
                                64,
                                0,
                                -128
                            ],
                            "size": [
                                0.2,
                                256,
                                0
                            ],
                            "uv": [
                                0,
                                0
                            ]
                        },
                        {
                            "origin": [
                                32,
                                0,
                                -128
                            ],
                            "size": [
                                0.2,
                                256,
                                0
                            ],
                            "uv": [
                                0,
                                0
                            ]
                        },
                        {
                            "origin": [
                                0,
                                0,
                                -128
                            ],
                            "size": [
                                0.2,
                                256,
                                0
                            ],
                            "uv": [
                                0,
                                0
                            ]
                        },
                        {
                            "origin": [
                                -32,
                                0,
                                -128
                            ],
                            "size": [
                                0.2,
                                256,
                                0
                            ],
                            "uv": [
                                0,
                                0
                            ]
                        },
                        {
                            "origin": [
                                -64,
                                0,
                                -128
                            ],
                            "size": [
                                0.2,
                                256,
                                0
                            ],
                            "uv": [
                                0,
                                0
                            ]
                        },
                        {
                            "origin": [
                                -96,
                                0,
                                -128
                            ],
                            "size": [
                                0.2,
                                256,
                                0
                            ],
                            "uv": [
                                0,
                                0
                            ]
                        },
                        {
                            "origin": [
                                -128,
                                0,
                                -128
                            ],
                            "size": [
                                0.2,
                                256,
                                0
                            ],
                            "uv": [
                                0,
                                0
                            ]
                        }
                    ]
                },
                {
                    "name": "side3",
                    "parent": "light_chunk",
                    "pivot": [
                        0,
                        0,
                        0
                    ],
                    "rotation": [
                        0,
                        180,
                        0
                    ]
                },
                {
                    "name": "vert3",
                    "parent": "side3",
                    "pivot": [
                        0,
                        0,
                        0
                    ],
                    "cubes": [
                        {
                            "origin": [
                                96,
                                0,
                                -128
                            ],
                            "size": [
                                0.2,
                                256,
                                0
                            ],
                            "uv": [
                                0,
                                0
                            ]
                        },
                        {
                            "origin": [
                                64,
                                0,
                                -128
                            ],
                            "size": [
                                0.2,
                                256,
                                0
                            ],
                            "uv": [
                                0,
                                0
                            ]
                        },
                        {
                            "origin": [
                                32,
                                0,
                                -128
                            ],
                            "size": [
                                0.2,
                                256,
                                0
                            ],
                            "uv": [
                                0,
                                0
                            ]
                        },
                        {
                            "origin": [
                                0,
                                0,
                                -128
                            ],
                            "size": [
                                0.2,
                                256,
                                0
                            ],
                            "uv": [
                                0,
                                0
                            ]
                        },
                        {
                            "origin": [
                                -32,
                                0,
                                -128
                            ],
                            "size": [
                                0.2,
                                256,
                                0
                            ],
                            "uv": [
                                0,
                                0
                            ]
                        },
                        {
                            "origin": [
                                -64,
                                0,
                                -128
                            ],
                            "size": [
                                0.2,
                                256,
                                0
                            ],
                            "uv": [
                                0,
                                0
                            ]
                        },
                        {
                            "origin": [
                                -96,
                                0,
                                -128
                            ],
                            "size": [
                                0.2,
                                256,
                                0
                            ],
                            "uv": [
                                0,
                                0
                            ]
                        },
                        {
                            "origin": [
                                -128,
                                0,
                                -128
                            ],
                            "size": [
                                0.2,
                                256,
                                0
                            ],
                            "uv": [
                                0,
                                0
                            ]
                        }
                    ]
                },
                {
                    "name": "horz3",
                    "parent": "side3",
                    "pivot": [
                        0,
                        128,
                        0
                    ],
                    "rotation": [
                        0,
                        0,
                        90
                    ],
                    "cubes": [
                        {
                            "origin": [
                                96,
                                0,
                                -128
                            ],
                            "size": [
                                0.2,
                                256,
                                0
                            ],
                            "uv": [
                                0,
                                0
                            ]
                        },
                        {
                            "origin": [
                                64,
                                0,
                                -128
                            ],
                            "size": [
                                0.2,
                                256,
                                0
                            ],
                            "uv": [
                                0,
                                0
                            ]
                        },
                        {
                            "origin": [
                                32,
                                0,
                                -128
                            ],
                            "size": [
                                0.2,
                                256,
                                0
                            ],
                            "uv": [
                                0,
                                0
                            ]
                        },
                        {
                            "origin": [
                                0,
                                0,
                                -128
                            ],
                            "size": [
                                0.2,
                                256,
                                0
                            ],
                            "uv": [
                                0,
                                0
                            ]
                        },
                        {
                            "origin": [
                                -32,
                                0,
                                -128
                            ],
                            "size": [
                                0.2,
                                256,
                                0
                            ],
                            "uv": [
                                0,
                                0
                            ]
                        },
                        {
                            "origin": [
                                -64,
                                0,
                                -128
                            ],
                            "size": [
                                0.2,
                                256,
                                0
                            ],
                            "uv": [
                                0,
                                0
                            ]
                        },
                        {
                            "origin": [
                                -96,
                                0,
                                -128
                            ],
                            "size": [
                                0.2,
                                256,
                                0
                            ],
                            "uv": [
                                0,
                                0
                            ]
                        },
                        {
                            "origin": [
                                -128,
                                0,
                                -128
                            ],
                            "size": [
                                0.2,
                                256,
                                0
                            ],
                            "uv": [
                                0,
                                0
                            ]
                        }
                    ]
                },
                {
                    "name": "side4",
                    "parent": "light_chunk",
                    "pivot": [
                        0,
                        0,
                        0
                    ],
                    "rotation": [
                        0,
                        90,
                        0
                    ]
                },
                {
                    "name": "vert4",
                    "parent": "side4",
                    "pivot": [
                        0,
                        0,
                        0
                    ],
                    "cubes": [
                        {
                            "origin": [
                                96,
                                0,
                                -128
                            ],
                            "size": [
                                0.2,
                                256,
                                0
                            ],
                            "uv": [
                                0,
                                0
                            ]
                        },
                        {
                            "origin": [
                                64,
                                0,
                                -128
                            ],
                            "size": [
                                0.2,
                                256,
                                0
                            ],
                            "uv": [
                                0,
                                0
                            ]
                        },
                        {
                            "origin": [
                                32,
                                0,
                                -128
                            ],
                            "size": [
                                0.2,
                                256,
                                0
                            ],
                            "uv": [
                                0,
                                0
                            ]
                        },
                        {
                            "origin": [
                                0,
                                0,
                                -128
                            ],
                            "size": [
                                0.2,
                                256,
                                0
                            ],
                            "uv": [
                                0,
                                0
                            ]
                        },
                        {
                            "origin": [
                                -32,
                                0,
                                -128
                            ],
                            "size": [
                                0.2,
                                256,
                                0
                            ],
                            "uv": [
                                0,
                                0
                            ]
                        },
                        {
                            "origin": [
                                -64,
                                0,
                                -128
                            ],
                            "size": [
                                0.2,
                                256,
                                0
                            ],
                            "uv": [
                                0,
                                0
                            ]
                        },
                        {
                            "origin": [
                                -96,
                                0,
                                -128
                            ],
                            "size": [
                                0.2,
                                256,
                                0
                            ],
                            "uv": [
                                0,
                                0
                            ]
                        },
                        {
                            "origin": [
                                -128,
                                0,
                                -128
                            ],
                            "size": [
                                0.2,
                                256,
                                0
                            ],
                            "uv": [
                                0,
                                0
                            ]
                        }
                    ]
                },
                {
                    "name": "horz4",
                    "parent": "side4",
                    "pivot": [
                        0,
                        128,
                        0
                    ],
                    "rotation": [
                        0,
                        0,
                        90
                    ],
                    "cubes": [
                        {
                            "origin": [
                                96,
                                0,
                                -128
                            ],
                            "size": [
                                0.2,
                                256,
                                0
                            ],
                            "uv": [
                                0,
                                0
                            ]
                        },
                        {
                            "origin": [
                                64,
                                0,
                                -128
                            ],
                            "size": [
                                0.2,
                                256,
                                0
                            ],
                            "uv": [
                                0,
                                0
                            ]
                        },
                        {
                            "origin": [
                                32,
                                0,
                                -128
                            ],
                            "size": [
                                0.2,
                                256,
                                0
                            ],
                            "uv": [
                                0,
                                0
                            ]
                        },
                        {
                            "origin": [
                                0,
                                0,
                                -128
                            ],
                            "size": [
                                0.2,
                                256,
                                0
                            ],
                            "uv": [
                                0,
                                0
                            ]
                        },
                        {
                            "origin": [
                                -32,
                                0,
                                -128
                            ],
                            "size": [
                                0.2,
                                256,
                                0
                            ],
                            "uv": [
                                0,
                                0
                            ]
                        },
                        {
                            "origin": [
                                -64,
                                0,
                                -128
                            ],
                            "size": [
                                0.2,
                                256,
                                0
                            ],
                            "uv": [
                                0,
                                0
                            ]
                        },
                        {
                            "origin": [
                                -96,
                                0,
                                -128
                            ],
                            "size": [
                                0.2,
                                256,
                                0
                            ],
                            "uv": [
                                0,
                                0
                            ]
                        },
                        {
                            "origin": [
                                -128,
                                0,
                                -128
                            ],
                            "size": [
                                0.2,
                                256,
                                0
                            ],
                            "uv": [
                                0,
                                0
                            ]
                        }
                    ]
                },
                {
                    "name": "Top",
                    "parent": "light_chunk",
                    "pivot": [
                        0,
                        128,
                        0
                    ],
                    "rotation": [
                        -90,
                        0,
                        0
                    ]
                },
                {
                    "name": "vert5",
                    "parent": "Top",
                    "pivot": [
                        0,
                        0,
                        0
                    ],
                    "cubes": [
                        {
                            "origin": [
                                96,
                                0,
                                -128
                            ],
                            "size": [
                                0.2,
                                256,
                                0
                            ],
                            "uv": [
                                0,
                                0
                            ]
                        },
                        {
                            "origin": [
                                64,
                                0,
                                -128
                            ],
                            "size": [
                                0.2,
                                256,
                                0
                            ],
                            "uv": [
                                0,
                                0
                            ]
                        },
                        {
                            "origin": [
                                32,
                                0,
                                -128
                            ],
                            "size": [
                                0.2,
                                256,
                                0
                            ],
                            "uv": [
                                0,
                                0
                            ]
                        },
                        {
                            "origin": [
                                0,
                                0,
                                -128
                            ],
                            "size": [
                                0.2,
                                256,
                                0
                            ],
                            "uv": [
                                0,
                                0
                            ]
                        },
                        {
                            "origin": [
                                -32,
                                0,
                                -128
                            ],
                            "size": [
                                0.2,
                                256,
                                0
                            ],
                            "uv": [
                                0,
                                0
                            ]
                        },
                        {
                            "origin": [
                                -64,
                                0,
                                -128
                            ],
                            "size": [
                                0.2,
                                256,
                                0
                            ],
                            "uv": [
                                0,
                                0
                            ]
                        },
                        {
                            "origin": [
                                -96,
                                0,
                                -128
                            ],
                            "size": [
                                0.2,
                                256,
                                0
                            ],
                            "uv": [
                                0,
                                0
                            ]
                        }
                    ]
                },
                {
                    "name": "horz5",
                    "parent": "Top",
                    "pivot": [
                        0,
                        128,
                        0
                    ],
                    "rotation": [
                        0,
                        0,
                        90
                    ],
                    "cubes": [
                        {
                            "origin": [
                                96,
                                0,
                                -128
                            ],
                            "size": [
                                0.2,
                                256,
                                0
                            ],
                            "uv": [
                                0,
                                0
                            ]
                        },
                        {
                            "origin": [
                                64,
                                0,
                                -128
                            ],
                            "size": [
                                0.2,
                                256,
                                0
                            ],
                            "uv": [
                                0,
                                0
                            ]
                        },
                        {
                            "origin": [
                                32,
                                0,
                                -128
                            ],
                            "size": [
                                0.2,
                                256,
                                0
                            ],
                            "uv": [
                                0,
                                0
                            ]
                        },
                        {
                            "origin": [
                                0,
                                0,
                                -128
                            ],
                            "size": [
                                0.2,
                                256,
                                0
                            ],
                            "uv": [
                                0,
                                0
                            ]
                        },
                        {
                            "origin": [
                                -32,
                                0,
                                -128
                            ],
                            "size": [
                                0.2,
                                256,
                                0
                            ],
                            "uv": [
                                0,
                                0
                            ]
                        },
                        {
                            "origin": [
                                -64,
                                0,
                                -128
                            ],
                            "size": [
                                0.2,
                                256,
                                0
                            ],
                            "uv": [
                                0,
                                0
                            ]
                        },
                        {
                            "origin": [
                                -96,
                                0,
                                -128
                            ],
                            "size": [
                                0.2,
                                256,
                                0
                            ],
                            "uv": [
                                0,
                                0
                            ]
                        }
                    ]
                },
                {
                    "name": "Bottom",
                    "parent": "light_chunk",
                    "pivot": [
                        0,
                        128,
                        0
                    ],
                    "rotation": [
                        90,
                        0,
                        0
                    ]
                },
                {
                    "name": "vert6",
                    "parent": "Bottom",
                    "pivot": [
                        0,
                        0,
                        0
                    ],
                    "cubes": [
                        {
                            "origin": [
                                96,
                                0,
                                -128
                            ],
                            "size": [
                                0.2,
                                256,
                                0
                            ],
                            "uv": [
                                0,
                                0
                            ]
                        },
                        {
                            "origin": [
                                64,
                                0,
                                -128
                            ],
                            "size": [
                                0.2,
                                256,
                                0
                            ],
                            "uv": [
                                0,
                                0
                            ]
                        },
                        {
                            "origin": [
                                32,
                                0,
                                -128
                            ],
                            "size": [
                                0.2,
                                256,
                                0
                            ],
                            "uv": [
                                0,
                                0
                            ]
                        },
                        {
                            "origin": [
                                0,
                                0,
                                -128
                            ],
                            "size": [
                                0.2,
                                256,
                                0
                            ],
                            "uv": [
                                0,
                                0
                            ]
                        },
                        {
                            "origin": [
                                -32,
                                0,
                                -128
                            ],
                            "size": [
                                0.2,
                                256,
                                0
                            ],
                            "uv": [
                                0,
                                0
                            ]
                        },
                        {
                            "origin": [
                                -64,
                                0,
                                -128
                            ],
                            "size": [
                                0.2,
                                256,
                                0
                            ],
                            "uv": [
                                0,
                                0
                            ]
                        },
                        {
                            "origin": [
                                -96,
                                0,
                                -128
                            ],
                            "size": [
                                0.2,
                                256,
                                0
                            ],
                            "uv": [
                                0,
                                0
                            ]
                        }
                    ]
                },
                {
                    "name": "horz6",
                    "parent": "Bottom",
                    "pivot": [
                        0,
                        128,
                        0
                    ],
                    "rotation": [
                        0,
                        0,
                        90
                    ],
                    "cubes": [
                        {
                            "origin": [
                                96,
                                0,
                                -128
                            ],
                            "size": [
                                0.2,
                                256,
                                0
                            ],
                            "uv": [
                                0,
                                0
                            ]
                        },
                        {
                            "origin": [
                                64,
                                0,
                                -128
                            ],
                            "size": [
                                0.2,
                                256,
                                0
                            ],
                            "uv": [
                                0,
                                0
                            ]
                        },
                        {
                            "origin": [
                                32,
                                0,
                                -128
                            ],
                            "size": [
                                0.2,
                                256,
                                0
                            ],
                            "uv": [
                                0,
                                0
                            ]
                        },
                        {
                            "origin": [
                                0,
                                0,
                                -128
                            ],
                            "size": [
                                0.2,
                                256,
                                0
                            ],
                            "uv": [
                                0,
                                0
                            ]
                        },
                        {
                            "origin": [
                                -32,
                                0,
                                -128
                            ],
                            "size": [
                                0.2,
                                256,
                                0
                            ],
                            "uv": [
                                0,
                                0
                            ]
                        },
                        {
                            "origin": [
                                -64,
                                0,
                                -128
                            ],
                            "size": [
                                0.2,
                                256,
                                0
                            ],
                            "uv": [
                                0,
                                0
                            ]
                        },
                        {
                            "origin": [
                                -96,
                                0,
                                -128
                            ],
                            "size": [
                                0.2,
                                256,
                                0
                            ],
                            "uv": [
                                0,
                                0
                            ]
                        }
                    ]
                }
            ]
        }
    ]
}