{
    "format_version": "1.12.0",
    "minecraft:geometry": [
        {
            "description": {
                "identifier": "geometry.light_boots",
                "texture_width": 16,
                "texture_height": 16
            },
            "bones": [
                {
                    "name": "light_armorhud",
                    "pivot": [
                        0,
                        8,
                        0
                    ],
                    "cubes": [
                        {
                            "origin": [
                                0,
                                -26,
                                0
                            ],
                            "size": [
                                16,
                                16,
                                0
                            ],
                            "uv": [
                                0,
                                0
                            ]
                        }
                    ]
                }
            ]
        },
        {
            "description": {
                "identifier": "geometry.light_leggings",
                "texture_width": 16,
                "texture_height": 16
            },
            "bones": [
                {
                    "name": "light_armorhud",
                    "pivot": [
                        0,
                        8,
                        0
                    ],
                    "cubes": [
                        {
                            "origin": [
                                0,
                                -12,
                                0
                            ],
                            "size": [
                                16,
                                16,
                                0
                            ],
                            "uv": [
                                0,
                                0
                            ]
                        }
                    ]
                }
            ]
        },
        {
            "description": {
                "identifier": "geometry.light_chestplate",
                "texture_width": 16,
                "texture_height": 16
            },
            "bones": [
                {
                    "name": "light_armorhud",
                    "pivot": [
                        0,
                        8,
                        0
                    ],
                    "cubes": [
                        {
                            "origin": [
                                0,
                                2,
                                0
                            ],
                            "size": [
                                16,
                                16,
                                0
                            ],
                            "uv": [
                                0,
                                0
                            ]
                        }
                    ]
                }
            ]
        },
        {
            "description": {
                "identifier": "geometry.light_helmet",
                "texture_width": 16,
                "texture_height": 16
            },
            "bones": [
                {
                    "name": "light_armorhud",
                    "pivot": [
                        0,
                        8,
                        0
                    ],
                    "cubes": [
                        {
                            "origin": [
                                0,
                                16,
                                0
                            ],
                            "size": [
                                16,
                                16,
                                0
                            ],
                            "uv": [
                                0,
                                0
                            ]
                        }
                    ]
                }
            ]
        }
    ]
}