{
    "namespace": "light_mod_menu",
    "light_saturation_tab@pl.vsp": {
        "size": [
            "100%",
            "100%c"
        ],
        "bindings": [
            {
                "binding_type": "view",
                "source_control_name": "light_saturation_category_toggle",
                "source_property_name": "#toggle_state",
                "target_property_name": "#visible"
            }
        ],
        "controls": [
            {
                "Brighter@light_toggles.light_button_toggle": {
                    "$button_text": "Brighter §7Saturation Display",
                    "$toggle_name": "undefined",
                    "$toggle_tags": "$brighter",
                    "$toggle_view_binding_name": "light_saturation_white_toggle",
                    "size": [
                        "80%",
                        20
                    ]
                }
            },
            {
                "padding@pl.pnl": {
                    "size": [
                        2,
                        2
                    ]
                }
            },
            {
                "Aqua@light_toggles.light_button_toggle": {
                    "$button_text": "§bAqua §7Saturation Display",
                    "$toggle_name": "undefined",
                    "$toggle_tags": "$aqua_saturation",
                    "$toggle_view_binding_name": "light_saturation_aqua_toggle",
                    "size": [
                        "80%",
                        20
                    ]
                }
            },
            {
                "padding@pl.pnl": {
                    "size": [
                        2,
                        2
                    ]
                }
            },
            {
                "Red@light_toggles.light_button_toggle": {
                    "$button_text": "§cRed §7Saturation Display",
                    "$toggle_name": "undefined",
                    "$toggle_tags": "$red_saturation",
                    "$toggle_view_binding_name": "light_saturation_red_toggle",
                    "size": [
                        "80%",
                        20
                    ]
                }
            },
            {
                "padding@pl.pnl": {
                    "size": [
                        2,
                        2
                    ]
                }
            },
            {
                "Blue@light_toggles.light_button_toggle": {
                    "$button_text": "§9Blue §7Saturation Display",
                    "$toggle_name": "undefined",
                    "$toggle_tags": "$blue_saturation",
                    "$toggle_view_binding_name": "light_saturation_blue_toggle",
                    "size": [
                        "80%",
                        20
                    ]
                }
            },
            {
                "padding@pl.pnl": {
                    "size": [
                        2,
                        2
                    ]
                }
            },
            {
                "Yellow@light_toggles.light_button_toggle": {
                    "$button_text": "§eYellow §7Saturation Display",
                    "$toggle_name": "undefined",
                    "$toggle_tags": "$yellow_saturation",
                    "$toggle_view_binding_name": "light_saturation_yellow_toggle",
                    "size": [
                        "80%",
                        20
                    ]
                }
            },
            {
                "padding@pl.pnl": {
                    "size": [
                        2,
                        2
                    ]
                }
            },
            {
                "Nightshift@light_toggles.light_button_toggle": {
                    "$button_text": "§6Nightshift §7Saturation Display",
                    "$toggle_name": "undefined",
                    "$toggle_tags": "$nightshift",
                    "$toggle_view_binding_name": "light_saturation_orange_toggle",
                    "size": [
                        "80%",
                        20
                    ]
                }
            }
        ]
    }
}