{
    "namespace": "light_mod_menu",
    "mods_settings_panel@pl.pnl": {
        "controls": [
            {
                "item_counters_settings@item_counters_settings_panel": {}
            },
            {
                "debug_hud_settings@debug_hud_settings_panel": {}
            },
            {
                "direction_hud_settings@direction_hud_settings_panel": {}
            },
            {
                "force_coords_settings@force_coords_settings_panel": {}
            },
            {
                "day_counter_settings@day_counter_settings_panel": {}
            },
            {
                "status_hud_settings@status_hud_settings_panel": {}
            },
            {
                "speedometer_settings@speedometer_settings_panel": {}
            },
            {
                "timer_hud_settings@timer_hud_settings_panel": {}
            },
            {
                "fps_counter_settings@fps_counter_settings_panel": {}
            },
            {
                "server_display_settings@server_display_settings_panel": {}
            },
            {
                "low_durability_settings@low_durability_settings_panel": {}
            },
            {
                "mainhand_hud_settings@mainhand_hud_settings_panel": {}
            },
            {
                "chat_settings@chat_settings_panel": {}
            }
        ]
    },
    "item_counters_settings_panel@pl.vsp": {
        "bindings": [
            {
                "binding_type": "view",
                "source_control_name": "item_counters_settings_panel",
                "source_property_name": "#toggle_state",
                "target_property_name": "#visible"
            }
        ],
        "size": [
            "100%",
            "100%"
        ],
        "controls": [
            {
                "pot_counter@pl.hsp": {
                    "size": [
                        "100%",
                        25
                    ],
                    "controls": [
                        {
                            "pot@pl.lbl": {
                                "font_type": "Inter-Medium",
                                "text": "Potion Counter:"
                            }
                        },
                        {
                            "padding@pl.pnl": {
                                "size": [
                                    123.5,
                                    0
                                ]
                            }
                        },
                        {
                            "pot@light_switch_toggle.light_switch_toggles": {
                                "$toggle_view_binding_name": "potion_item_counter",
                                "$toggle_tags": "$pot_counter",
                                "layer": 5,
                                "size": [
                                    152.5,
                                    16
                                ]
                            }
                        }
                    ]
                }
            },
            {
                "padding@pl.pnl": {
                    "size": [
                        2,
                        2
                    ]
                }
            },
            {
                "arrow@pl.hsp": {
                    "size": [
                        "100%",
                        25
                    ],
                    "controls": [
                        {
                            "arrow@pl.lbl": {
                                "font_type": "Inter-Medium",
                                "text": "Arrow Counter:"
                            }
                        },
                        {
                            "padding@pl.pnl": {
                                "size": [
                                    124.8,
                                    0
                                ]
                            }
                        },
                        {
                            "arrow@light_switch_toggle.light_switch_toggles": {
                                "$toggle_view_binding_name": "arrow_item_counter",
                                "$toggle_tags": "$arrow_counter",
                                "layer": 5,
                                "size": [
                                    152.5,
                                    16
                                ]
                            }
                        }
                    ]
                }
            },
            {
                "padding@pl.pnl": {
                    "size": [
                        2,
                        2
                    ]
                }
            },
            {
                "totem@pl.hsp": {
                    "size": [
                        "100%",
                        25
                    ],
                    "controls": [
                        {
                            "totem@pl.lbl": {
                                "font_type": "Inter-Medium",
                                "text": "Totem Counter:"
                            }
                        },
                        {
                            "padding@pl.pnl": {
                                "size": [
                                    123.95,
                                    0
                                ]
                            }
                        },
                        {
                            "totem@light_switch_toggle.light_switch_toggles": {
                                "$toggle_view_binding_name": "totem_item_counter",
                                "$toggle_tags": "$totem_counter",
                                "layer": 5,
                                "size": [
                                    152.5,
                                    16
                                ]
                            }
                        }
                    ]
                }
            }
        ]
    },
    "debug_hud_settings_panel@pl.vsp": {
        "bindings": [
            {
                "binding_type": "view",
                "source_control_name": "debug_hud_settings_panel",
                "source_property_name": "#toggle_state",
                "target_property_name": "#visible"
            }
        ],
        "size": [
            "100%",
            "100%"
        ],
        "controls": [
            {
                "debug@pl.hsp": {
                    "size": [
                        "100%",
                        25
                    ],
                    "controls": [
                        {
                            "debug@pl.lbl": {
                                "font_type": "Inter-Medium",
                                "text": "DebugHud Opacity:"
                            }
                        },
                        {
                            "padding@pl.pnl": {
                                "size": [
                                    76.25,
                                    0
                                ]
                            }
                        },
                        {
                            "debug@light_slider.slider_panel": {
                                "$slider_steps": 16,
                                "$toggle_tags": "$debughud_opacity",
                                "$slider_view_binding_name": "light_debughud_alpha",
                                "layer": 5,
                                "size": [
                                    153,
                                    20
                                ]
                            }
                        }
                    ]
                }
            },
            {
                "padding@pl.pnl": {
                    "size": [
                        2,
                        2
                    ]
                }
            },
            {
                "debug@pl.hsp": {
                    "size": [
                        "100%",
                        25
                    ],
                    "controls": [
                        {
                            "totem@pl.lbl": {
                                "font_type": "Inter-Medium",
                                "text": "Compact Debug Hud:"
                            }
                        },
                        {
                            "padding@pl.pnl": {
                                "size": [
                                    123.95,
                                    0
                                ]
                            }
                        },
                        {
                            "debug@light_switch_toggle.light_switch_toggles": {
                                "$toggle_view_binding_name": "light_debughud_compact",
                                "layer": 5,
                                "size": [
                                    152.5,
                                    16
                                ]
                            }
                        }
                    ]
                }
            }
        ]
    },
    "force_coords_settings_panel@pl.vsp": {
        "bindings": [
            {
                "binding_type": "view",
                "source_control_name": "force_coords_settings_panel",
                "source_property_name": "#toggle_state",
                "target_property_name": "#visible"
            }
        ],
        "size": [
            "100%",
            "100%"
        ],
        "controls": [
            {
                "force_coords@pl.hsp": {
                    "size": [
                        "100%",
                        25
                    ],
                    "controls": [
                        {
                            "force_coords@pl.lbl": {
                                "font_type": "Inter-Medium",
                                "text": "Force Coords Opacity:"
                            }
                        },
                        {
                            "padding@pl.pnl": {
                                "size": [
                                    58.25,
                                    0
                                ]
                            }
                        },
                        {
                            "force_coords@light_slider.slider_panel": {
                                "$slider_steps": 16,
                                "$toggle_tags": "$force_coords_opacity",
                                "$slider_view_binding_name": "light_force_coords_alpha",
                                "layer": 5,
                                "size": [
                                    153,
                                    20
                                ]
                            }
                        }
                    ]
                }
            }
        ]
    },
    "direction_hud_settings_panel@pl.vsp": {
        "bindings": [
            {
                "binding_type": "view",
                "source_control_name": "direction_hud_settings_panel",
                "source_property_name": "#toggle_state",
                "target_property_name": "#visible"
            }
        ],
        "size": [
            "100%",
            "100%"
        ],
        "controls": [
            {
                "direction@pl.hsp": {
                    "size": [
                        "100%",
                        25
                    ],
                    "controls": [
                        {
                            "direction@pl.lbl": {
                                "font_type": "Inter-Medium",
                                "text": "DirectionHud Opacity:"
                            }
                        },
                        {
                            "padding@pl.pnl": {
                                "size": [
                                    58.25,
                                    0
                                ]
                            }
                        },
                        {
                            "direction@light_slider.slider_panel": {
                                "$slider_steps": 16,
                                "$toggle_tags": "$directionhud_opacity",
                                "$slider_view_binding_name": "light_directionhud_alpha",
                                "layer": 5,
                                "size": [
                                    153,
                                    20
                                ]
                            }
                        }
                    ]
                }
            }
        ]
    },
    "status_hud_settings_panel@pl.vsp": {
        "bindings": [
            {
                "binding_type": "view",
                "source_control_name": "status_hud_settings_panel",
                "source_property_name": "#toggle_state",
                "target_property_name": "#visible"
            }
        ],
        "size": [
            "100%",
            "100%"
        ],
        "controls": [
            {
                "status@pl.hsp": {
                    "size": [
                        "100%",
                        25
                    ],
                    "controls": [
                        {
                            "status@pl.lbl": {
                                "font_type": "Inter-Medium",
                                "text": "StatusHud Opacity:"
                            }
                        },
                        {
                            "padding@pl.pnl": {
                                "size": [
                                    76.25,
                                    0
                                ]
                            }
                        },
                        {
                            "status@light_slider.slider_panel": {
                                "$slider_steps": 16,
                                "$toggle_tags": "$statushud_opacity",
                                "$slider_view_binding_name": "light_statushud_alpha",
                                "layer": 5,
                                "size": [
                                    153,
                                    20
                                ]
                            }
                        }
                    ]
                }
            }
        ]
    },
    "timer_hud_settings_panel@pl.vsp": {
        "bindings": [
            {
                "binding_type": "view",
                "source_control_name": "timer_hud_settings_panel",
                "source_property_name": "#toggle_state",
                "target_property_name": "#visible"
            }
        ],
        "size": [
            "100%",
            "100%"
        ],
        "controls": [
            {
                "timer@pl.hsp": {
                    "size": [
                        "100%",
                        25
                    ],
                    "controls": [
                        {
                            "timer@pl.lbl": {
                                "font_type": "Inter-Medium",
                                "text": "TimerHud Opacity:"
                            }
                        },
                        {
                            "padding@pl.pnl": {
                                "size": [
                                    76.25,
                                    0
                                ]
                            }
                        },
                        {
                            "timer@light_slider.slider_panel": {
                                "$slider_steps": 16,
                                "$toggle_tags": "$timerhud_opacity",
                                "$slider_view_binding_name": "light_timerhud_alpha",
                                "layer": 5,
                                "size": [
                                    153,
                                    20
                                ]
                            }
                        }
                    ]
                }
            }
        ]
    },
    "fps_counter_settings_panel@pl.vsp": {
        "bindings": [
            {
                "binding_type": "view",
                "source_control_name": "fps_counter_settings_panel",
                "source_property_name": "#toggle_state",
                "target_property_name": "#visible"
            }
        ],
        "size": [
            "100%",
            "100%"
        ],
        "controls": [
            {
                "fps_counter@pl.hsp": {
                    "size": [
                        "100%",
                        25
                    ],
                    "controls": [
                        {
                            "fps_counter@pl.lbl": {
                                "font_type": "Inter-Medium",
                                "text": "FpsCounter Opacity:"
                            }
                        },
                        {
                            "padding@pl.pnl": {
                                "size": [
                                    66.25,
                                    0
                                ]
                            }
                        },
                        {
                            "fps_counter@light_slider.slider_panel": {
                                "$slider_steps": 16,
                                "$toggle_tags": "$fpscounter_opacity",
                                "$slider_view_binding_name": "light_fpscounter_alpha",
                                "layer": 5,
                                "size": [
                                    153,
                                    20
                                ]
                            }
                        }
                    ]
                }
            }
        ]
    },
    "day_counter_settings_panel@pl.vsp": {
        "bindings": [
            {
                "binding_type": "view",
                "source_control_name": "day_counter_settings_panel",
                "source_property_name": "#toggle_state",
                "target_property_name": "#visible"
            }
        ],
        "size": [
            "100%",
            "100%"
        ],
        "controls": [
            {
                "day_counter@pl.hsp": {
                    "size": [
                        "100%",
                        25
                    ],
                    "controls": [
                        {
                            "day_counter@pl.lbl": {
                                "font_type": "Inter-Medium",
                                "text": "DayCounter Opacity:"
                            }
                        },
                        {
                            "padding@pl.pnl": {
                                "size": [
                                    66.25,
                                    0
                                ]
                            }
                        },
                        {
                            "day_counter@light_slider.slider_panel": {
                                "$slider_steps": 16,
                                "$toggle_tags": "$daycounter_opacity",
                                "$slider_view_binding_name": "light_daycounter_alpha",
                                "layer": 5,
                                "size": [
                                    153,
                                    20
                                ]
                            }
                        }
                    ]
                }
            }
        ]
    },
    "speedometer_settings_panel@pl.vsp": {
        "bindings": [
            {
                "binding_type": "view",
                "source_control_name": "speedometer_settings_panel",
                "source_property_name": "#toggle_state",
                "target_property_name": "#visible"
            }
        ],
        "size": [
            "100%",
            "100%"
        ],
        "controls": [
            {
                "speedometer@pl.hsp": {
                    "size": [
                        "100%",
                        25
                    ],
                    "controls": [
                        {
                            "speedometer@pl.lbl": {
                                "font_type": "Inter-Medium",
                                "text": "Speedometer Opacity:"
                            }
                        },
                        {
                            "padding@pl.pnl": {
                                "size": [
                                    56.25,
                                    0
                                ]
                            }
                        },
                        {
                            "speedometer@light_slider.slider_panel": {
                                "$slider_steps": 16,
                                "$toggle_tags": "$speedometer_opacity",
                                "$slider_view_binding_name": "light_speedometer_alpha",
                                "layer": 5,
                                "size": [
                                    153,
                                    20
                                ]
                            }
                        }
                    ]
                }
            }
        ]
    },
    "server_display_settings_panel@pl.vsp": {
        "bindings": [
            {
                "binding_type": "view",
                "source_control_name": "server_display_settings_panel",
                "source_property_name": "#toggle_state",
                "target_property_name": "#visible"
            }
        ],
        "size": [
            "100%",
            "100%"
        ],
        "controls": [
            {
                "server_display@pl.hsp": {
                    "size": [
                        "100%",
                        25
                    ],
                    "controls": [
                        {
                            "server_display@pl.lbl": {
                                "font_type": "Inter-Medium",
                                "text": "Server Display Opacity:"
                            }
                        },
                        {
                            "padding@pl.pnl": {
                                "size": [
                                    52.25,
                                    0
                                ]
                            }
                        },
                        {
                            "server_display@light_slider.slider_panel": {
                                "$slider_steps": 16,
                                "$toggle_tags": "$serverdisplay_opacity",
                                "$slider_view_binding_name": "light_serverdisplay_alpha",
                                "layer": 5,
                                "size": [
                                    153,
                                    20
                                ]
                            }
                        }
                    ]
                }
            }
        ]
    },
    "low_durability_settings_panel@pl.vsp": {
        "bindings": [
            {
                "binding_type": "view",
                "source_control_name": "low_durability_settings_panel",
                "source_property_name": "#toggle_state",
                "target_property_name": "#visible"
            }
        ],
        "size": [
            "100%",
            "100%"
        ],
        "controls": [
            {
                "low_durability@pl.hsp": {
                    "size": [
                        "100%",
                        25
                    ],
                    "controls": [
                        {
                            "low_durability@pl.lbl": {
                                "font_type": "Inter-Medium",
                                "text": "Low Durability Opacity:"
                            }
                        },
                        {
                            "padding@pl.pnl": {
                                "size": [
                                    58.25,
                                    0
                                ]
                            }
                        },
                        {
                            "low_durability@light_slider.slider_panel": {
                                "$slider_steps": 16,
                                "$toggle_tags": "$lowdurability_opacity",
                                "$slider_view_binding_name": "light_lowdurability_alpha",
                                "layer": 5,
                                "size": [
                                    153,
                                    20
                                ]
                            }
                        }
                    ]
                }
            }
        ]
    },
    "mainhand_hud_settings_panel@pl.vsp": {
        "bindings": [
            {
                "binding_type": "view",
                "source_control_name": "mainhand_hud_settings_panel",
                "source_property_name": "#toggle_state",
                "target_property_name": "#visible"
            }
        ],
        "size": [
            "100%",
            "100%"
        ],
        "controls": [
            {
                "mainhand_durability@pl.hsp": {
                    "size": [
                        "100%",
                        25
                    ],
                    "controls": [
                        {
                            "text@pl.lbl": {
                                "font_type": "Inter-Medium",
                                "text": "Hide Mainhand Durability:"
                            }
                        },
                        {
                            "padding@pl.pnl": {
                                "size": [
                                    106,
                                    0
                                ]
                            }
                        },
                        {
                            "toggle@light_switch_toggle.light_switch_toggles": {
                                "$toggle_view_binding_name": "hide_mainhand_durability",
                                "$toggle_tags": "$hide_mainhand_durability",
                                "layer": 5,
                                "size": [
                                    152.5,
                                    16
                                ]
                            }
                        }
                    ]
                }
            },
            {
                "padding@pl.pnl": {
                    "size": [
                        2,
                        2
                    ]
                }
            },
            {
                "hide_mainhand_bg@pl.hsp": {
                    "size": [
                        "100%",
                        25
                    ],
                    "controls": [
                        {
                            "text@pl.lbl": {
                                "font_type": "Inter-Medium",
                                "text": "Hide Mainhand Stack:"
                            }
                        },
                        {
                            "padding@pl.pnl": {
                                "size": [
                                    124.8,
                                    0
                                ]
                            }
                        },
                        {
                            "toggle@light_switch_toggle.light_switch_toggles": {
                                "$toggle_view_binding_name": "hide_mainhand_stack",
                                "$toggle_tags": "$hide_mainhand_stack",
                                "layer": 5,
                                "size": [
                                    152.5,
                                    16
                                ]
                            }
                        }
                    ]
                }
            }
        ]
    },
    "chat_settings_panel@pl.vsp": {
        "bindings": [
            {
                "binding_type": "view",
                "source_control_name": "chat_settings_panel",
                "source_property_name": "#toggle_state",
                "target_property_name": "#visible"
            }
        ],
        "size": [
            "100%",
            "100%"
        ],
        "controls": [
            {
                "chat@pl.hsp": {
                    "size": [
                        "100%",
                        25
                    ],
                    "controls": [
                        {
                            "text@pl.lbl": {
                                "font_type": "Inter-Medium",
                                "text": "Bottom Chat:"
                            }
                        },
                        {
                            "padding@pl.pnl": {
                                "size": [
                                    128.5,
                                    0
                                ]
                            }
                        },
                        {
                            "toggle@light_switch_toggle.light_switch_toggles": {
                                "$toggle_view_binding_name": "light_bottomchat_toggle",
                                "$toggle_tags": "$bottom_chat",
                                "layer": 5,
                                "size": [
                                    152.5,
                                    16
                                ]
                            }
                        }
                    ]
                }
            },
            {
                "padding@pl.pnl": {
                    "size": [
                        2,
                        2
                    ]
                }
            },
            {
                "top@pl.hsp": {
                    "size": [
                        "100%",
                        25
                    ],
                    "controls": [
                        {
                            "text@pl.lbl": {
                                "font_type": "Inter-Medium",
                                "text": "Top Chat:"
                            }
                        },
                        {
                            "padding@pl.pnl": {
                                "size": [
                                    144.8,
                                    0
                                ]
                            }
                        },
                        {
                            "toggle@light_switch_toggle.light_switch_toggles": {
                                "$toggle_view_binding_name": "light_topchat_toggle",
                                "$toggle_tags": "$top_chat",
                                "layer": 5,
                                "size": [
                                    152.5,
                                    16
                                ]
                            }
                        }
                    ]
                }
            }
        ]
    }
}