{
    "namespace": "light_mod_menu",
    "light_elements_scrolling@common.scrolling_panel": {
        "$scrolling_content": "light_mod_menu.elements_panel",
        "$show_background": false,
        "$scroll_bar_offset|default": [
            0,
            0
        ],
        "offset": [
            0,
            0
        ],
        "bindings": [
            {
                "binding_type": "view",
                "source_control_name": "light_elements_category_toggle",
                "source_property_name": "#toggle_state",
                "target_property_name": "#visible"
            }
        ]
    },
    "elements_panel@pl.hsp": {
        "size": [
            "100%",
            "100%c"
        ],
        "controls": [
            {
                "elements_verticalling1@pl.vsp": {
                    "size": [
                        152,
                        76
                    ],
                    "controls": [
                        {
                            "effect@light_checkmark.light_checkmark": {
                                "$button_text": "Hide Effect Icons",
                                "$toggle_name": "undefined",
                                "$toggle_tags": "$effect_icons",
                                "$toggle_view_binding_name": "light_mob_effects_renderer_toggle",
                                "size": [
                                    120,
                                    20
                                ]
                            }
                        },
                        {
                            "item_text@light_checkmark.light_checkmark": {
                                "$button_text": "Hide Item Text",
                                "$toggle_name": "undefined",
                                "$toggle_tags": "$item_text",
                                "$toggle_view_binding_name": "light_item_text_toggle",
                                "size": [
                                    120,
                                    20
                                ]
                            }
                        },
                        {
                            "vignette@light_checkmark.light_checkmark": {
                                "$button_text": "Hide Vignette",
                                "$toggle_name": "undefined",
                                "$toggle_tags": "$vignette",
                                "$toggle_view_binding_name": "light_vignette_toggle",
                                "size": [
                                    120,
                                    20
                                ]
                            }
                        },
                        {
                            "boss_name@light_checkmark.light_checkmark": {
                                "$button_text": "Hide Boss Name",
                                "$toggle_name": "undefined",
                                "$toggle_tags": "$boss_name",
                                "$toggle_view_binding_name": "light_boss_bar_text_toggle",
                                "size": [
                                    120,
                                    20
                                ]
                            }
                        },
                        {
                            "boss_bar@light_checkmark.light_checkmark": {
                                "$button_text": "Hide Boss Health",
                                "$toggle_name": "undefined",
                                "$toggle_tags": "$boss_health_bar",
                                "$toggle_view_binding_name": "light_boss_bar_health_toggle",
                                "size": [
                                    120,
                                    20
                                ]
                            }
                        },
                        {
                            "scoreboard@light_checkmark.light_checkmark": {
                                "$button_text": "Hide Scoreboard",
                                "$toggle_name": "undefined",
                                "$toggle_tags": "$scoreboard",
                                "$toggle_view_binding_name": "light_hide_scoreboard_toggle",
                                "size": [
                                    120,
                                    20
                                ]
                            }
                        }
                    ]
                }
            },
            {
                "padding@pl.pnl": {
                    "size": [
                        2,
                        2
                    ]
                }
            },
            {
                "elements_verticalling2@pl.vsp": {
                    "size": [
                        152,
                        76
                    ],
                    "controls": [
                        {
                            "hotbar_no@light_checkmark.light_checkmark": {
                                "$button_text": "Show Hotbar Numbers",
                                "$toggle_name": "undefined",
                                "$toggle_tags": "$hotbar_numbers",
                                "$toggle_view_binding_name": "light_hotbar_numbers_toggle",
                                "size": [
                                    120,
                                    20
                                ]
                            }
                        },
                        {
                            "Safe_Zone@light_checkmark.light_checkmark": {
                                "$button_text": "Show Safe Zone",
                                "$toggle_name": "undefined",
                                "$toggle_tags": "$safe_zone",
                                "$toggle_view_binding_name": "light_safezone_toggle",
                                "size": [
                                    120,
                                    20
                                ]
                            }
                        },
                        {
                            "shiny_pots@light_checkmark.light_checkmark": {
                                "$button_text": "Show Shiny Pots",
                                "$toggle_name": "undefined",
                                "$toggle_tags": "$shiny_pots",
                                "$toggle_view_binding_name": "light_shiny_pots_toggle",
                                "size": [
                                    120,
                                    20
                                ]
                            }
                        },
                        {
                            "player_list_modts@light_checkmark.light_checkmark": {
                                "$button_text": "Show Player List",
                                "$toggle_name": "undefined",
                                "$toggle_tags": "$player_list",
                                "$toggle_view_binding_name": "light_playerlist_toggle",
                                "size": [
                                    120,
                                    20
                                ]
                            }
                        },
                        {
                            "clock_compass@light_checkmark.light_checkmark": {
                                "$button_text": "Show Clock & Compass",
                                "$toggle_name": "undefined",
                                "$toggle_tags": "$clock_compass",
                                "$toggle_view_binding_name": "light_clock_compass_toggle",
                                "size": [
                                    120,
                                    20
                                ]
                            }
                        },
                        {
                            "mob_indicator@light_checkmark.light_checkmark": {
                                "$button_text": "Show Mob Indicator",
                                "$toggle_name": "undefined",
                                "$toggle_tags": "$mob_indicator",
                                "$toggle_view_binding_name": "light_mob_indicator_toggle",
                                "size": [
                                    120,
                                    20
                                ]
                            }
                        }
                    ]
                }
            }
        ]
    }
}