{
    "namespace": "light_mod_menu",
    "light_modules_scrolling@common.scrolling_panel": {
        "$scrolling_content": "light_mod_menu.modules_panel",
        "$show_background": false,
        "$scroll_bar_offset|default": [
            0,
            0
        ],
        "offset": [
            0,
            0
        ],
        "bindings": [
            {
                "binding_type": "view",
                "source_control_name": "light_modules_category_toggle",
                "source_property_name": "#toggle_state",
                "target_property_name": "#visible"
            }
        ]
    },
    "modules_panel@pl.vsp": {
        "size": [
            "100%",
            "100%c"
        ],
        "controls": [
            {
                "modules_horizontalling1@light_mod_menu.modules_horizontalling1": {}
            },
            {
                "modules_horizontalling2@light_mod_menu.modules_horizontalling2": {}
            },
            {
                "modules_horizontalling3@light_mod_menu.modules_horizontalling3": {}
            },
            {
                "modules_horizontalling4@light_mod_menu.modules_horizontalling4": {}
            }
        ]
    },
    "modules_horizontalling1@pl.hsp": {
        "size": [
            305,
            76
        ],
        "controls": [
            {
                "test@pl.img": {
                    "texture": ".light/textures/bg/secondary_bg",
                    "size": [
                        74,
                        74
                    ],
                    "alpha": 0.65,
                    "controls": [
                        {
                            "icon@pl.img": {
                                "texture": ".light/textures/icons/armor_hud",
                                "size": [
                                    32,
                                    32
                                ],
                                "offset": [
                                    0,
                                    -10
                                ]
                            }
                        },
                        {
                            "label@pl.lbl": {
                                "text": "Armorhud",
                                "offset": [
                                    0,
                                    6.5
                                ]
                            }
                        },
                        {
                            "button@light_mods_toggle.light_button_toggle": {
                                "anchor_from": "bottom_left",
                                "anchor_to": "bottom_left",
                                "$toggle_tags": "$armorhud",
                                "$toggle_view_binding_name": "light_armorhud_toggle",
                                "size": [
                                    "100%",
                                    22
                                ]
                            }
                        }
                    ]
                }
            },
            {
                "padding@pl.pnl": {
                    "size": [
                        1,
                        1
                    ]
                }
            },
            {
                "test2@pl.img": {
                    "texture": ".light/textures/bg/secondary_bg",
                    "size": [
                        74,
                        74
                    ],
                    "alpha": 0.65,
                    "$label_anchor": "left_middle",
                    "$label_offset": [
                        10,
                        0
                    ],
                    "controls": [
                        {
                            "settings@light_settings_toggles.light_settings_toggle": {
                                "$toggle_view_binding_name": "day_counter_settings_panel",
                                "anchor_from": "bottom_right",
                                "$toggle_group_forced_index": 2,
                                "anchor_to": "bottom_right",
                                "size": [
                                    16,
                                    16
                                ],
                                "offset": [
                                    -5,
                                    -2
                                ],
                                "layer": 5
                            }
                        },
                        {
                            "icon@pl.img": {
                                "texture": ".light/textures/icons/day_counter",
                                "size": [
                                    32,
                                    32
                                ],
                                "offset": [
                                    0,
                                    -15
                                ]
                            }
                        },
                        {
                            "label@pl.lbl": {
                                "text": "Daycounter",
                                "offset": [
                                    0,
                                    6.5
                                ]
                            }
                        },
                        {
                            "button@light_mods_toggle.light_button_toggle": {
                                "anchor_from": "bottom_left",
                                "anchor_to": "bottom_left",
                                "$toggle_tags": "$daycounter",
                                "$toggle_view_binding_name": "light_daycounter_toggle",
                                "size": [
                                    "100%",
                                    22
                                ]
                            }
                        }
                    ]
                }
            },
            {
                "padding@pl.pnl": {
                    "size": [
                        1,
                        1
                    ]
                }
            },
            {
                "test3@pl.img": {
                    "texture": ".light/textures/bg/secondary_bg",
                    "size": [
                        74,
                        74
                    ],
                    "alpha": 0.65,
                    "$label_anchor": "left_middle",
                    "$label_offset": [
                        10,
                        0
                    ],
                    "controls": [
                        {
                            "settings@light_settings_toggles.light_settings_toggle": {
                                "$toggle_view_binding_name": "debug_hud_settings_panel",
                                "anchor_from": "bottom_right",
                                "$toggle_group_forced_index": 3,
                                "anchor_to": "bottom_right",
                                "size": [
                                    16,
                                    16
                                ],
                                "offset": [
                                    -5,
                                    -2
                                ],
                                "layer": 5
                            }
                        },
                        {
                            "icon@pl.img": {
                                "texture": ".light/textures/icons/debug_hud",
                                "size": [
                                    32,
                                    32
                                ],
                                "offset": [
                                    0,
                                    -15
                                ]
                            }
                        },
                        {
                            "label@pl.lbl": {
                                "text": "Debughud",
                                "offset": [
                                    0,
                                    6.5
                                ]
                            }
                        },
                        {
                            "button@light_mods_toggle.light_button_toggle": {
                                "$toggle_view_binding_name": "light_debughud_toggle",
                                "$toggle_tags": "$debughud",
                                "anchor_from": "bottom_left",
                                "anchor_to": "bottom_left",
                                "size": [
                                    "100%",
                                    22
                                ]
                            }
                        }
                    ]
                }
            },
            {
                "padding@pl.pnl": {
                    "size": [
                        1,
                        1
                    ]
                }
            },
            {
                "test4@pl.img": {
                    "texture": ".light/textures/bg/secondary_bg",
                    "size": [
                        74,
                        74
                    ],
                    "alpha": 0.65,
                    "$label_anchor": "left_middle",
                    "$label_offset": [
                        10,
                        0
                    ],
                    "controls": [
                        {
                            "settings@light_settings_toggles.light_settings_toggle": {
                                "$toggle_view_binding_name": "direction_hud_settings_panel",
                                "anchor_from": "bottom_right",
                                "$toggle_group_forced_index": 4,
                                "anchor_to": "bottom_right",
                                "size": [
                                    16,
                                    16
                                ],
                                "offset": [
                                    -5,
                                    -2
                                ],
                                "layer": 5
                            }
                        },
                        {
                            "icon@pl.img": {
                                "texture": ".light/textures/icons/direction_hud",
                                "size": [
                                    32,
                                    32
                                ],
                                "offset": [
                                    0,
                                    -15
                                ]
                            }
                        },
                        {
                            "label@pl.lbl": {
                                "text": "Directionhud",
                                "offset": [
                                    0,
                                    6.5
                                ]
                            }
                        },
                        {
                            "button@light_mods_toggle.light_button_toggle": {
                                "anchor_from": "bottom_left",
                                "anchor_to": "bottom_left",
                                "$toggle_tags": "$directionhud",
                                "$toggle_view_binding_name": "light_directionhud_toggle",
                                "size": [
                                    "100%",
                                    22
                                ]
                            }
                        }
                    ]
                }
            }
        ]
    },
    "modules_horizontalling2@pl.hsp": {
        "size": [
            305,
            76
        ],
        "controls": [
            {
                "test2@pl.img": {
                    "texture": ".light/textures/bg/secondary_bg",
                    "size": [
                        74,
                        74
                    ],
                    "alpha": 0.65,
                    "$label_anchor": "left_middle",
                    "$label_offset": [
                        10,
                        0
                    ],
                    "controls": [
                        {
                            "settings@light_settings_toggles.light_settings_toggle": {
                                "$toggle_view_binding_name": "fps_counter_settings_panel",
                                "anchor_from": "bottom_right",
                                "$toggle_group_forced_index": 5,
                                "anchor_to": "bottom_right",
                                "size": [
                                    16,
                                    16
                                ],
                                "offset": [
                                    -5,
                                    -2
                                ],
                                "layer": 5
                            }
                        },
                        {
                            "icon@pl.img": {
                                "texture": ".light/textures/icons/fps_counter",
                                "size": [
                                    32,
                                    32
                                ],
                                "offset": [
                                    0,
                                    -15
                                ]
                            }
                        },
                        {
                            "label@pl.lbl": {
                                "text": "Fpscounter",
                                "offset": [
                                    0,
                                    6.5
                                ]
                            }
                        },
                        {
                            "button@light_mods_toggle.light_button_toggle": {
                                "anchor_from": "bottom_left",
                                "anchor_to": "bottom_left",
                                "$toggle_tags": "$fpscounter",
                                "$toggle_view_binding_name": "light_fpscounter_toggle",
                                "size": [
                                    "100%",
                                    22
                                ]
                            }
                        }
                    ]
                }
            },
            {
                "padding@pl.pnl": {
                    "size": [
                        1,
                        1
                    ]
                }
            },
            {
                "test3@pl.img": {
                    "texture": ".light/textures/bg/secondary_bg",
                    "size": [
                        74,
                        74
                    ],
                    "alpha": 0.65,
                    "$label_anchor": "left_middle",
                    "$label_offset": [
                        10,
                        0
                    ],
                    "controls": [
                        {
                            "settings@light_settings_toggles.light_settings_toggle": {
                                "anchor_from": "bottom_right",
                                "$toggle_view_binding_name": "mainhand_hud_settings_panel",
                                "$toggle_group_forced_index": 6,
                                "anchor_to": "bottom_right",
                                "size": [
                                    16,
                                    16
                                ],
                                "offset": [
                                    -5,
                                    -2
                                ],
                                "layer": 5
                            }
                        },
                        {
                            "icon@pl.img": {
                                "texture": ".light/textures/icons/mainhand_hud",
                                "size": [
                                    32,
                                    32
                                ],
                                "offset": [
                                    0,
                                    -15
                                ]
                            }
                        },
                        {
                            "label@pl.lbl": {
                                "text": "Mainhand Slot",
                                "offset": [
                                    0,
                                    6.5
                                ]
                            }
                        },
                        {
                            "button@light_mods_toggle.light_button_toggle": {
                                "anchor_from": "bottom_left",
                                "anchor_to": "bottom_left",
                                "$toggle_tags": "$mainhand_slot",
                                "$toggle_view_binding_name": "light_mainhandhud_toggle",
                                "size": [
                                    "100%",
                                    22
                                ]
                            }
                        }
                    ]
                }
            },
            {
                "padding@pl.pnl": {
                    "size": [
                        1,
                        1
                    ]
                }
            },
            {
                "test@pl.img": {
                    "texture": ".light/textures/bg/secondary_bg",
                    "size": [
                        74,
                        74
                    ],
                    "alpha": 0.65,
                    "controls": [
                        {
                            "icon@pl.img": {
                                "texture": ".light/textures/icons/offhand_hud",
                                "size": [
                                    32,
                                    32
                                ],
                                "offset": [
                                    0,
                                    -15
                                ]
                            }
                        },
                        {
                            "label@pl.lbl": {
                                "text": "Offhand Slot",
                                "offset": [
                                    0,
                                    6.5
                                ]
                            }
                        },
                        {
                            "button@light_mods_toggle.light_button_toggle": {
                                "anchor_from": "bottom_left",
                                "anchor_to": "bottom_left",
                                "$toggle_tags": "$offhand_slot",
                                "$toggle_view_binding_name": "light_offhandhud_toggle",
                                "size": [
                                    "100%",
                                    22
                                ]
                            }
                        }
                    ]
                }
            },
            {
                "padding@pl.pnl": {
                    "size": [
                        1,
                        1
                    ]
                }
            },
            {
                "test2@pl.img": {
                    "texture": ".light/textures/bg/secondary_bg",
                    "size": [
                        74,
                        74
                    ],
                    "alpha": 0.65,
                    "$label_anchor": "left_middle",
                    "$label_offset": [
                        10,
                        0
                    ],
                    "controls": [
                        {
                            "settings@light_settings_toggles.light_settings_toggle": {
                                "anchor_from": "bottom_right",
                                "anchor_to": "bottom_right",
                                "$toggle_view_binding_name": "item_counters_settings_panel",
                                "$toggle_group_forced_index": 12,
                                "size": [
                                    16,
                                    16
                                ],
                                "offset": [
                                    -5,
                                    -2
                                ],
                                "layer": 5
                            }
                        },
                        {
                            "icon@pl.img": {
                                "texture": ".light/textures/icons/pot_counter",
                                "size": [
                                    32,
                                    32
                                ],
                                "offset": [
                                    0,
                                    -15
                                ]
                            }
                        },
                        {
                            "label@pl.lbl": {
                                "text": "Item Counters",
                                "offset": [
                                    0,
                                    6.5
                                ]
                            }
                        },
                        {
                            "button@light_mods_toggle.light_button_toggle": {
                                "anchor_from": "bottom_left",
                                "anchor_to": "bottom_left",
                                "$toggle_tags": "$item_counters",
                                "$toggle_view_binding_name": "light_itemcounters_toggle",
                                "size": [
                                    "100%",
                                    22
                                ]
                            }
                        }
                    ]
                }
            }
        ]
    },
    "modules_horizontalling3@pl.hsp": {
        "size": [
            305,
            76
        ],
        "controls": [
            {
                "test3@pl.img": {
                    "texture": ".light/textures/bg/secondary_bg",
                    "size": [
                        74,
                        74
                    ],
                    "alpha": 0.65,
                    "$label_anchor": "left_middle",
                    "$label_offset": [
                        10,
                        0
                    ],
                    "controls": [
                        {
                            "settings@light_settings_toggles.light_settings_toggle": {
                                "anchor_from": "bottom_right",
                                "$toggle_group_forced_index": 7,
                                "$toggle_view_binding_name": "server_display_settings_panel",
                                "anchor_to": "bottom_right",
                                "size": [
                                    16,
                                    16
                                ],
                                "offset": [
                                    -5,
                                    -2
                                ],
                                "layer": 5
                            }
                        },
                        {
                            "icon@pl.img": {
                                "texture": ".light/textures/icons/ip_display",
                                "size": [
                                    32,
                                    32
                                ],
                                "offset": [
                                    0,
                                    -15
                                ]
                            }
                        },
                        {
                            "label@pl.lbl": {
                                "text": "Server Display",
                                "offset": [
                                    0,
                                    6.5
                                ]
                            }
                        },
                        {
                            "button@light_mods_toggle.light_button_toggle": {
                                "anchor_from": "bottom_left",
                                "anchor_to": "bottom_left",
                                "$toggle_tags": "$serverdisplay",
                                "$toggle_view_binding_name": "light_serverdisplay_toggle",
                                "size": [
                                    "100%",
                                    22
                                ]
                            }
                        }
                    ]
                }
            },
            {
                "padding@pl.pnl": {
                    "size": [
                        1,
                        1
                    ]
                }
            },
            {
                "test@pl.img": {
                    "texture": ".light/textures/bg/secondary_bg",
                    "size": [
                        74,
                        74
                    ],
                    "alpha": 0.65,
                    "$label_anchor": "left_middle",
                    "$label_offset": [
                        10,
                        0
                    ],
                    "controls": [
                        {
                            "settings@light_settings_toggles.light_settings_toggle": {
                                "$toggle_view_binding_name": "speedometer_settings_panel",
                                "anchor_from": "bottom_right",
                                "$toggle_group_forced_index": 8,
                                "anchor_to": "bottom_right",
                                "size": [
                                    16,
                                    16
                                ],
                                "offset": [
                                    -5,
                                    -2
                                ],
                                "layer": 5
                            }
                        },
                        {
                            "icon@pl.img": {
                                "texture": ".light/textures/icons/speed_hud",
                                "size": [
                                    32,
                                    32
                                ],
                                "offset": [
                                    0,
                                    -15
                                ]
                            }
                        },
                        {
                            "label@pl.lbl": {
                                "text": "Speedometer",
                                "offset": [
                                    0,
                                    6.5
                                ]
                            }
                        },
                        {
                            "button@light_mods_toggle.light_button_toggle": {
                                "anchor_from": "bottom_left",
                                "anchor_to": "bottom_left",
                                "$toggle_tags": "$speedometer",
                                "$toggle_view_binding_name": "light_speedometer_toggle",
                                "size": [
                                    "100%",
                                    22
                                ]
                            }
                        }
                    ]
                }
            },
            {
                "padding@pl.pnl": {
                    "size": [
                        1,
                        1
                    ]
                }
            },
            {
                "test2@pl.img": {
                    "texture": ".light/textures/bg/secondary_bg",
                    "size": [
                        74,
                        74
                    ],
                    "alpha": 0.65,
                    "$label_anchor": "left_middle",
                    "$label_offset": [
                        10,
                        0
                    ],
                    "controls": [
                        {
                            "settings@light_settings_toggles.light_settings_toggle": {
                                "$toggle_view_binding_name": "status_hud_settings_panel",
                                "anchor_from": "bottom_right",
                                "$toggle_group_forced_index": 9,
                                "anchor_to": "bottom_right",
                                "size": [
                                    16,
                                    16
                                ],
                                "offset": [
                                    -5,
                                    -2
                                ],
                                "layer": 5
                            }
                        },
                        {
                            "icon@pl.img": {
                                "texture": ".light/textures/icons/status_hud",
                                "size": [
                                    32,
                                    32
                                ],
                                "offset": [
                                    0,
                                    -15
                                ]
                            }
                        },
                        {
                            "label@pl.lbl": {
                                "text": "Statushud",
                                "offset": [
                                    0,
                                    6.5
                                ]
                            }
                        },
                        {
                            "button@light_mods_toggle.light_button_toggle": {
                                "anchor_from": "bottom_left",
                                "anchor_to": "bottom_left",
                                "$toggle_tags": "$statushud",
                                "$toggle_view_binding_name": "light_statushud_toggle",
                                "size": [
                                    "100%",
                                    22
                                ]
                            }
                        }
                    ]
                }
            },
            {
                "padding@pl.pnl": {
                    "size": [
                        1,
                        1
                    ]
                }
            },
            {
                "test3@pl.img": {
                    "texture": ".light/textures/bg/secondary_bg",
                    "size": [
                        74,
                        74
                    ],
                    "alpha": 0.65,
                    "$label_anchor": "left_middle",
                    "$label_offset": [
                        10,
                        0
                    ],
                    "controls": [
                        {
                            "settings@light_settings_toggles.light_settings_toggle": {
                                "$toggle_view_binding_name": "timer_hud_settings_panel",
                                "anchor_from": "bottom_right",
                                "$toggle_group_forced_index": 10,
                                "anchor_to": "bottom_right",
                                "size": [
                                    16,
                                    16
                                ],
                                "offset": [
                                    -5,
                                    -2
                                ],
                                "layer": 5
                            }
                        },
                        {
                            "icon@pl.img": {
                                "texture": ".light/textures/icons/timer_hud",
                                "size": [
                                    32,
                                    32
                                ],
                                "offset": [
                                    0,
                                    -15
                                ]
                            }
                        },
                        {
                            "label@pl.lbl": {
                                "text": "Timerhud",
                                "offset": [
                                    0,
                                    6.5
                                ]
                            }
                        },
                        {
                            "button@light_mods_toggle.light_button_toggle": {
                                "anchor_from": "bottom_left",
                                "anchor_to": "bottom_left",
                                "$toggle_tags": "$timerhud",
                                "$toggle_view_binding_name": "light_timerhud_toggle",
                                "size": [
                                    "100%",
                                    22
                                ]
                            }
                        }
                    ]
                }
            }
        ]
    },
    "modules_horizontalling4@pl.hsp": {
        "size": [
            305,
            76
        ],
        "controls": [
            {
                "test3@pl.img": {
                    "texture": ".light/textures/bg/secondary_bg",
                    "size": [
                        74,
                        74
                    ],
                    "alpha": 0.65,
                    "controls": [
                        {
                            "icon@pl.img": {
                                "texture": ".light/textures/icons/inventory_hud",
                                "size": [
                                    32,
                                    32
                                ],
                                "offset": [
                                    0,
                                    -15
                                ]
                            }
                        },
                        {
                            "label@pl.lbl": {
                                "text": "Inventoryhud",
                                "offset": [
                                    0,
                                    6.5
                                ]
                            }
                        },
                        {
                            "button@light_mods_toggle.light_button_toggle": {
                                "anchor_from": "bottom_left",
                                "anchor_to": "bottom_left",
                                "$toggle_tags": "$inventoryhud",
                                "$toggle_view_binding_name": "light_inventoryhud_toggle",
                                "size": [
                                    "100%",
                                    22
                                ]
                            }
                        }
                    ]
                }
            },
            {
                "padding@pl.pnl": {
                    "size": [
                        1,
                        1
                    ]
                }
            },
            {
                "test@pl.img": {
                    "texture": ".light/textures/bg/secondary_bg",
                    "size": [
                        74,
                        74
                    ],
                    "alpha": 0.65,
                    "$label_anchor": "left_middle",
                    "$label_offset": [
                        10,
                        0
                    ],
                    "controls": [
                        {
                            "settings@light_settings_toggles.light_settings_toggle": {
                                "$toggle_view_binding_name": "force_coords_settings_panel",
                                "anchor_from": "bottom_right",
                                "$toggle_group_forced_index": 12,
                                "anchor_to": "bottom_right",
                                "size": [
                                    16,
                                    16
                                ],
                                "offset": [
                                    -5,
                                    -2
                                ],
                                "layer": 5
                            }
                        },
                        {
                            "icon@pl.img": {
                                "texture": ".light/textures/icons/force_coords",
                                "size": [
                                    32,
                                    32
                                ],
                                "offset": [
                                    0,
                                    -15
                                ]
                            }
                        },
                        {
                            "label@pl.lbl": {
                                "text": "Force Coords",
                                "offset": [
                                    0,
                                    6.5
                                ]
                            }
                        },
                        {
                            "button@light_mods_toggle.light_button_toggle": {
                                "anchor_from": "bottom_left",
                                "anchor_to": "bottom_left",
                                "$toggle_tags": "$forcecoords",
                                "$toggle_view_binding_name": "light_forcecoords_toggle",
                                "size": [
                                    "100%",
                                    22
                                ]
                            }
                        }
                    ]
                }
            },
            {
                "padding@pl.pnl": {
                    "size": [
                        1,
                        1
                    ]
                }
            },
            {
                "test2@pl.img": {
                    "texture": ".light/textures/bg/secondary_bg",
                    "size": [
                        74,
                        74
                    ],
                    "alpha": 0.65,
                    "$label_anchor": "left_middle",
                    "$label_offset": [
                        10,
                        0
                    ],
                    "controls": [
                        {
                            "settings@light_settings_toggles.light_settings_toggle": {
                                "$toggle_view_binding_name": "chat_settings_panel",
                                "anchor_from": "bottom_right",
                                "$toggle_group_forced_index": 13,
                                "anchor_to": "bottom_right",
                                "size": [
                                    16,
                                    16
                                ],
                                "offset": [
                                    -5,
                                    -2
                                ],
                                "layer": 5
                            }
                        },
                        {
                            "icon@pl.img": {
                                "texture": ".light/textures/icons/chat",
                                "size": [
                                    32,
                                    32
                                ],
                                "offset": [
                                    0,
                                    -15
                                ]
                            }
                        },
                        {
                            "label@pl.lbl": {
                                "text": "Chat",
                                "font_type": "Inter-Medium",
                                "offset": [
                                    0,
                                    6.5
                                ]
                            }
                        },
                        {
                            "button@light_mods_toggle.light_button_toggle": {
                                "anchor_from": "bottom_left",
                                "anchor_to": "bottom_left",
                                "$toggle_tags": "$chat",
                                "$toggle_view_binding_name": "light_chat",
                                "size": [
                                    "100%",
                                    22
                                ]
                            }
                        }
                    ]
                }
            },
            {
                "padding@pl.pnl": {
                    "size": [
                        1,
                        1
                    ]
                }
            },
            {
                "test3@pl.img": {
                    "texture": ".light/textures/bg/secondary_bg",
                    "size": [
                        74,
                        74
                    ],
                    "alpha": 0.65,
                    "$label_anchor": "left_middle",
                    "$label_offset": [
                        10,
                        0
                    ],
                    "controls": [
                        {
                            "settings@light_settings_toggles.light_settings_toggle": {
                                "anchor_from": "bottom_right",
                                "$toggle_view_binding_name": "low_durability_settings_panel",
                                "$toggle_group_forced_index": 14,
                                "anchor_to": "bottom_right",
                                "size": [
                                    16,
                                    16
                                ],
                                "offset": [
                                    -5,
                                    -2
                                ],
                                "layer": 5
                            }
                        },
                        {
                            "icon@pl.img": {
                                "texture": ".light/textures/icons/low_durability",
                                "size": [
                                    32,
                                    32
                                ],
                                "offset": [
                                    0,
                                    -15
                                ]
                            }
                        },
                        {
                            "label@pl.lbl": {
                                "text": "Low Durability",
                                "offset": [
                                    0,
                                    6.5
                                ]
                            }
                        },
                        {
                            "button@light_mods_toggle.light_button_toggle": {
                                "anchor_from": "bottom_left",
                                "anchor_to": "bottom_left",
                                "$toggle_tags": "$lowdurability_ping",
                                "$toggle_view_binding_name": "light_lowdurability_toggle",
                                "size": [
                                    "100%",
                                    22
                                ]
                            }
                        }
                    ]
                }
            }
        ]
    }
}