{
    "namespace": "light_chat",
    "bottom_panel@pl.hsp": {
        "size": [
            "100%",
            27
        ],
        "controls": [
            {
                "autocomplete_back@light_image_buttons.main_button": {
                    "$button_icon": ".light/textures/chat/chat_autocomplete_back",
                    "$pressed_button_name": "button.chat_autocomplete_back",
                    "size": [
                        27,
                        27
                    ]
                }
            },
            {
                "autocomplete@light_image_buttons.main_button": {
                    "$button_icon": ".light/textures/chat/chat_autocomplete",
                    "$pressed_button_name": "button.chat_autocomplete",
                    "size": [
                        27,
                        27
                    ]
                }
            },
            {
                "previous@light_image_buttons.main_button": {
                    "$button_icon": ".light/textures/chat/chat_previous",
                    "$pressed_button_name": "button.chat_previous_message",
                    "size": [
                        27,
                        27
                    ]
                }
            },
            {
                "next@light_image_buttons.main_button": {
                    "$button_icon": ".light/textures/chat/chat_next",
                    "$pressed_button_name": "button.chat_next_message",
                    "size": [
                        27,
                        27
                    ]
                }
            },
            {
                "textbox@light_chat.text_edit_box": {
                    "size": [
                        "fill",
                        "100%"
                    ],
                    "max_length": 512,
                    "always_listening": true,
                    "$text_box_name": "#message_text_box",
                    "$text_edit_box_content_binding_name": "#message_text_box_content",
                    "default_focus_precedence": 1,
                    "$focus_id": "text_edit_box_focus_id",
                    "$focus_override_left": "chat_settings_button_focus_id",
                    "$text_box_tts_header": "aplessibility.chat.tts.textboxTitle",
                    "bindings": [
                        {
                            "binding_type": "$text_edit_box_enabled_binding_type",
                            "binding_collection_name": "$text_edit_box_grid_collection_name",
                            "binding_name": "$text_box_enabled_binding_name",
                            "binding_name_override": "#enabled"
                        },
                        {
                            "binding_name": "#text_edit_box_focus_override_up",
                            "binding_name_override": "#focus_change_up"
                        },
                        {
                            "binding_name": "#text_edit_box_focus_override_down",
                            "binding_name_override": "#focus_change_down"
                        }
                    ],
                    "button_mappings": [
                        {
                            "from_button_id": "button.menu_select",
                            "to_button_id": "$text_edit_box_selected_to_button_id",
                            "handle_select": true,
                            "handle_deselect": true,
                            "mapping_type": "pressed"
                        },
                        {
                            "from_button_id": "button.menu_select",
                            "to_button_id": "$text_edit_box_selected_to_button_id",
                            "handle_select": false,
                            "handle_deselect": true,
                            "mapping_type": "global",
                            "consume_event": false
                        },
                        {
                            "from_button_id": "button.menu_ok",
                            "to_button_id": "$text_edit_box_selected_to_button_id",
                            "handle_select": true,
                            "handle_deselect": true,
                            "mapping_type": "pressed"
                        },
                        {
                            "from_button_id": "button.menu_ok",
                            "to_button_id": "$text_edit_box_selected_to_button_id",
                            "handle_select": false,
                            "handle_deselect": true,
                            "mapping_type": "global"
                        },
                        {
                            "from_button_id": "button.menu_cancel",
                            "to_button_id": "$text_edit_box_deselected_to_button_id",
                            "handle_select": false,
                            "handle_deselect": true,
                            "mapping_type": "global"
                        },
                        {
                            "to_button_id": "$text_edit_box_hovered_button_id",
                            "mapping_type": "pressed"
                        },
                        {
                            "from_button_id": "$text_edit_box_clear_from_button_id",
                            "to_button_id": "$text_edit_box_clear_to_button_id",
                            "handle_select": false,
                            "handle_deselect": false,
                            "mapping_type": "focused"
                        },
                        {
                            "from_button_id": "button.menu_autocomplete",
                            "to_button_id": "button.chat_autocomplete",
                            "handle_select": true,
                            "handle_deselect": false,
                            "mapping_type": "global"
                        },
                        {
                            "from_button_id": "button.menu_autocomplete_back",
                            "to_button_id": "button.chat_autocomplete_back",
                            "handle_select": true,
                            "handle_deselect": false,
                            "mapping_type": "global"
                        },
                        {
                            "from_button_id": "button.menu_textedit_up",
                            "to_button_id": "button.chat_previous_message",
                            "handle_select": true,
                            "handle_deselect": false,
                            "mapping_type": "focused"
                        },
                        {
                            "from_button_id": "button.menu_textedit_down",
                            "to_button_id": "button.chat_next_message",
                            "handle_select": true,
                            "handle_deselect": false,
                            "mapping_type": "focused"
                        },
                        {
                            "from_button_id": "button.controller_select",
                            "to_button_id": "button.send",
                            "mapping_type": "global",
                            "handle_select": false,
                            "handle_deselect": false
                        },
                        {
                            "from_button_id": "button.controller_start",
                            "to_button_id": "button.send",
                            "mapping_type": "global",
                            "handle_select": false,
                            "handle_deselect": false
                        },
                        {
                            "from_button_id": "button.controller_autocomplete",
                            "to_button_id": "button.chat_autocomplete",
                            "handle_select": false,
                            "handle_deselect": false,
                            "mapping_type": "global"
                        },
                        {
                            "from_button_id": "button.controller_autocomplete_back",
                            "to_button_id": "button.chat_autocomplete_back",
                            "handle_select": false,
                            "handle_deselect": false,
                            "mapping_type": "global"
                        },
                        {
                            "from_button_id": "button.controller_textedit_up",
                            "to_button_id": "button.chat_previous_message",
                            "handle_select": false,
                            "handle_deselect": false,
                            "mapping_type": "focused"
                        },
                        {
                            "from_button_id": "button.controller_textedit_down",
                            "to_button_id": "button.chat_next_message",
                            "handle_select": false,
                            "handle_deselect": false,
                            "mapping_type": "focused"
                        },
                        {
                            "from_button_id": "button.controller_secondary_select",
                            "to_button_id": "button.chat_paste_coordinates",
                            "handle_select": true,
                            "handle_deselect": false,
                            "mapping_type": "global"
                        }
                    ]
                }
            },
            {
                "send_button@light_buttons.main_button": {
                    "$button_text": "Send",
                    "size": [
                        "10%",
                        27
                    ],
                    "$pressed_button_name": "button.send",
                    "bindings": [
                        {
                            "binding_name": "#send_button_visible",
                            "binding_name_override": "#enabled"
                        }
                    ]
                }
            }
        ]
    },
    "text_edit_box": {
        "type": "edit_box",
        "$focus_id|default": "",
        "$focus_override_down|default": "",
        "$focus_override_up|default": "",
        "$focus_override_left|default": "",
        "$focus_override_right|default": "",
        "focus_identifier": "$focus_id",
        "focus_change_down": "$focus_override_down",
        "focus_change_up": "$focus_override_up",
        "focus_change_left": "$focus_override_left",
        "focus_change_right": "$focus_override_right",
        "focus_enabled": true,
        "anchor_from": "center",
        "anchor_to": "center",
        "layer": 1,
        "enabled": "#enabled",
        "$text_box_name|default": "#text_box_name",
        "$text_box_enabled_binding_name|default": "#text_box_enabled",
        "$text_edit_box_enabled_binding_type|default": "global",
        "$text_edit_box_grid_collection_name|default": "",
        "$text_edit_clipping_panel_size|default": [
            "100%",
            "100%"
        ],
        "$text_edit_box_label_size|default": [
            "default",
            "default"
        ],
        "$text_edit_box_label_anchor_point|default": "right_middle",
        "$text_edit_box_label_min_size|default": [
            "100%",
            0
        ],
        "$text_edit_box_label_offset|default": [
            0,
            0
        ],
        "text_box_name": "$text_box_name",
        "text_edit_box_grid_collection_name": "$text_edit_box_grid_collection_name",
        "$deselectable_binding_type|default": "none",
        "$deselectable_binding_name|default": "#can_be_deselected",
        "$text_edit_box_focusable_binding_name|default": "#text_edit_box_focusable",
        "$text_edit_visible_binding_name|default": "#text_edit_box_visible",
        "$text_edit_visible_binding_collection_name|default": "",
        "$text_edit_visible_binding_type|default": "none",
        "$text_edit_type_name|default": "aplessibility.textbox.tts.title",
        "$text_box_tts_header|default": "",
        "$tts_section_header|default": "",
        "tts_name": "$text_edit_type_name",
        "tts_control_header": "$text_box_tts_header",
        "tts_section_header": "$tts_section_header",
        "$tts_override_control_value|default": " ",
        "tts_override_control_value": "$tts_override_control_value",
        "bindings": [
            {
                "binding_type": "$text_edit_box_enabled_binding_type",
                "binding_collection_name": "$text_edit_box_grid_collection_name",
                "binding_name": "$text_box_enabled_binding_name",
                "binding_name_override": "#enabled"
            },
            {
                "binding_type": "$deselectable_binding_type",
                "binding_name": "$deselectable_binding_name",
                "binding_name_override": "#can_be_deselected"
            },
            {
                "binding_type": "none",
                "binding_name": "$text_edit_box_focusable_binding_name",
                "binding_name_override": "#focus_enabled"
            },
            {
                "binding_name": "$text_edit_visible_binding_name",
                "binding_name_override": "#visible",
                "binding_type": "$text_edit_visible_binding_type",
                "binding_collection_name": "$text_edit_visible_binding_collection_name"
            }
        ],
        "locked_control": "locked",
        "default_control": "default",
        "hover_control": "hover",
        "pressed_control": "pressed",
        "max_length": 14,
        "$text_edit_box_text_type|default": "ExtendedASCII",
        "text_type": "$text_edit_box_text_type",
        "$virtual_keyboard_buffer_control|default": "",
        "virtual_keyboard_buffer_control": "$virtual_keyboard_buffer_control",
        "$text_edit_text_control|default": "display_text",
        "text_control": "$text_edit_text_control",
        "$place_holder_control": "common.text_edit_box_place_holder_label",
        "$text_background_default": "light_chat.edit_box_indent",
        "$text_background_hover": "light_chat.edit_box_indent_hover",
        "place_holder_control": "place_holder_control",
        "$text_edit_box_hovered_button_id|default": "button.text_edit_box_hovered",
        "$text_edit_box_clear_from_button_id|default": "button.menu_clear",
        "$text_edit_box_clear_to_button_id|default": "button.text_edit_box_clear",
        "$text_edit_box_clear_scope|default": "view",
        "$text_edit_box_selected_to_button_id|default": "button.text_edit_box_selected",
        "$text_edit_box_deselected_to_button_id|default": "button.text_edit_box_deselected",
        "button_mappings": [
            {
                "from_button_id": "button.menu_select",
                "to_button_id": "$text_edit_box_selected_to_button_id",
                "handle_select": true,
                "handle_deselect": true,
                "mapping_type": "pressed"
            },
            {
                "from_button_id": "button.menu_select",
                "to_button_id": "$text_edit_box_selected_to_button_id",
                "handle_select": false,
                "handle_deselect": true,
                "mapping_type": "global",
                "consume_event": false
            },
            {
                "from_button_id": "button.menu_ok",
                "to_button_id": "$text_edit_box_selected_to_button_id",
                "handle_select": true,
                "handle_deselect": true,
                "mapping_type": "pressed"
            },
            {
                "from_button_id": "button.menu_ok",
                "to_button_id": "$text_edit_box_selected_to_button_id",
                "handle_select": false,
                "handle_deselect": true,
                "mapping_type": "global"
            },
            {
                "from_button_id": "button.menu_cancel",
                "to_button_id": "$text_edit_box_deselected_to_button_id",
                "handle_select": false,
                "handle_deselect": true,
                "mapping_type": "global"
            },
            {
                "to_button_id": "$text_edit_box_hovered_button_id",
                "mapping_type": "pressed"
            },
            {
                "from_button_id": "$text_edit_box_clear_from_button_id",
                "to_button_id": "$text_edit_box_clear_to_button_id",
                "handle_select": false,
                "handle_deselect": false,
                "mapping_type": "focused"
            }
        ],
        "$shadow": false,
        "$font_size": "normal",
        "$alpha|default": 1.0,
        "$disabled_alpha|default": 0.5,
        "$text_offset|default": [
            0,
            0
        ],
        "$color": "White",
        "font_type": "Inter-Medium",
        "controls": [
            {
                "centering_panel": {
                    "type": "panel",
                    "size": [
                        "100% - 6px",
                        "100% - 4px"
                    ],
                    "controls": [
                        {
                            "clipper_panel": {
                                "type": "panel",
                                "size": "$text_edit_clipping_panel_size",
                                "anchor_from": "left_middle",
                                "anchor_to": "left_middle",
                                "offset": "$text_offset",
                                "clips_children": true,
                                "$disabled_color|default": "$color",
                                "controls": [
                                    {
                                        "$text_edit_text_control@common.text_edit_box_label": {
                                            "font_type": "Inter-Medium",
                                            "layer": 1,
                                            "size": "$text_edit_box_label_size",
                                            "offset": "$text_edit_box_label_offset",
                                            "min_size": "$text_edit_box_label_min_size",
                                            "anchor_from": "$text_edit_box_label_anchor_point",
                                            "anchor_to": "$text_edit_box_label_anchor_point",
                                            "font_size": "$font_size",
                                            "$text_alpha|default": "$alpha",
                                            "$locked_text_alpha|default": "$disabled_alpha",
                                            "$locked_color|default": "$disabled_color"
                                        }
                                    },
                                    {
                                        "visibility_panel": {
                                            "type": "panel",
                                            "controls": [
                                                {
                                                    "place_holder_control@$place_holder_control": {
                                                        "layer": 1,
                                                        "size": "$text_edit_box_label_size",
                                                        "offset": "$text_edit_box_label_offset",
                                                        "min_size": "$text_edit_box_label_min_size",
                                                        "anchor_from": "$text_edit_box_label_anchor_point",
                                                        "anchor_to": "$text_edit_box_label_anchor_point",
                                                        "$text_alpha|default": "$alpha",
                                                        "$locked_text_alpha|default": "$disabled_alpha",
                                                        "$locked_color|default": "$disabled_color"
                                                    }
                                                }
                                            ],
                                            "bindings": [
                                                {
                                                    "binding_type": "view",
                                                    "source_control_name": "$text_edit_text_control",
                                                    "source_property_name": "(#item_name = '')",
                                                    "target_property_name": "#visible",
                                                    "resolve_sibling_scope": true
                                                }
                                            ]
                                        }
                                    }
                                ]
                            }
                        }
                    ]
                }
            },
            {
                "locked": {
                    "type": "panel",
                    "$disabled_color|default": "$color",
                    "controls": [
                        {
                            "edit_box_indent@$text_background_default": {
                                "$color": "$disabled_color",
                                "$alpha": "$disabled_alpha"
                            }
                        }
                    ]
                }
            },
            {
                "default@$text_background_default": {}
            },
            {
                "hover@$text_background_hover": {}
            },
            {
                "pressed@$text_background_hover": {}
            }
        ]
    },
    "edit_box_indent": {
        "type": "image",
        "texture": ".light/textures/bg/base_bg",
        "alpha": "$alpha",
        "$alpha|default": 1.0
    },
    "edit_box_indent_hover@common.edit_box_indent": {
        "texture": ".light/textures/bg/secondary_bg"
    },
    "commands_panel@pl.pnl": {
        "size": [
            "100%",
            "100%"
        ],
        "layer": 3,
        "anchor_from": "bottom_right",
        "anchor_to": "bottom_right",
        "controls": [
            {
                "auto_complete_panel@pl.pnl": {
                    "anchor_from": "bottom_left",
                    "anchor_to": "bottom_left",
                    "controls": [
                        {
                            "auto_complete_grid": {
                                "offset": [
                                    3,
                                    0
                                ],
                                "type": "grid",
                                "grid_item_template": "light_chat.auto_complete_panel_contents_with_item",
                                "grid_fill_direction": "vertical",
                                "collection_name": "auto_complete",
                                "anchor_from": "bottom_left",
                                "anchor_to": "bottom_left",
                                "size": [
                                    "100% - 3px",
                                    "100%"
                                ],
                                "bindings": [
                                    {
                                        "binding_name": "#get_grid_size",
                                        "binding_type": "collection",
                                        "binding_collection_name": "auto_complete"
                                    }
                                ]
                            }
                        }
                    ]
                }
            }
        ]
    },
    "auto_complete_panel_contents_with_item@pl.pnl": {
        "size": [
            "100%",
            10
        ],
        "controls": [
            {
                "auto_complete_item_renderer@light_chat.item_renderer": {
                    "size": [
                        9,
                        9
                    ],
                    "anchor_from": "left_middle",
                    "anchor_to": "left_middle",
                    "bindings": [
                        {
                            "binding_name": "#auto_complete_item",
                            "binding_type": "collection",
                            "binding_name_override": "#item_id_aux",
                            "binding_collection_name": "auto_complete"
                        },
                        {
                            "binding_type": "view",
                            "source_property_name": "(not (#auto_complete_item = 0)",
                            "target_property_name": "#visible"
                        }
                    ]
                }
            },
            {
                "1@pl.hsp": {
                    "size": [
                        "100%",
                        "100%"
                    ],
                    "controls": [
                        {
                            "text@pl.lbl": {
                                "font_type": "Inter-Medium",
                                "anchor_from": "left_middle",
                                "anchor_to": "left_middle",
                                "text": "#text",
                                "color": "$chat_text_color",
                                "localize": false,
                                "shadow": false,
                                "bindings": [
                                    {
                                        "binding_type": "collection",
                                        "binding_name": "#auto_complete_text",
                                        "binding_collection_name": "auto_complete"
                                    },
                                    {
                                        "binding_type": "view",
                                        "source_property_name": "#auto_complete_text",
                                        "target_property_name": "#text"
                                    }
                                ]
                            }
                        },
                        {
                            "id_panel@pl.pnl": {
                                "size": [
                                    "100%c",
                                    "100%"
                                ],
                                "controls": [
                                    {
                                        "2@pl.lbl": {
                                            "font_type": "Inter-Medium",
                                            "text": "#text",
                                            "anchor_from": "bottom_left",
                                            "anchor_to": "bottom_left",
                                            "offset": [
                                                2,
                                                0
                                            ],
                                            "color": "$chat_text_color",
                                            "localize": false,
                                            "shadow": false,
                                            "bindings": [
                                                {
                                                    "binding_name": "#auto_complete_item",
                                                    "binding_type": "collection",
                                                    "binding_collection_name": "auto_complete"
                                                },
                                                {
                                                    "binding_type": "view",
                                                    "source_property_name": "(not (#auto_complete_item = 0)",
                                                    "target_property_name": "#visible"
                                                },
                                                {
                                                    "binding_type": "view",
                                                    "source_property_name": "(' §z' + (#auto_complete_item / 65536))",
                                                    "target_property_name": "#text"
                                                }
                                            ]
                                        }
                                    }
                                ]
                            }
                        }
                    ]
                }
            },
            {
                "autocomplete_panel@pl.pnl": {
                    "anchor_from": "left_middle",
                    "anchor_to": "left_middle",
                    "size": [
                        "100%",
                        "100%"
                    ],
                    "offset": [
                        -2,
                        0
                    ],
                    "controls": [
                        {
                            "autocomplete_button@common.button": {
                                "$pressed_button_name": "button.click_autocomplete",
                                "default_control": "",
                                "controls": [
                                    {
                                        "hover@chat.click_autocomplete_is_focused": {}
                                    },
                                    {
                                        "pressed@chat.click_autocomplete_is_focused": {}
                                    }
                                ],
                                "bindings": [
                                    {
                                        "binding_type": "collection_details",
                                        "binding_collection_name": "auto_complete"
                                    },
                                    {
                                        "binding_type": "collection",
                                        "binding_name": "#auto_complete_text",
                                        "binding_collection_name": "auto_complete"
                                    },
                                    {
                                        "binding_type": "view",
                                        "source_property_name": "#auto_complete_text",
                                        "target_property_name": "#command_text"
                                    },
                                    {
                                        "binding_type": "view",
                                        "source_property_name": "(#command_text - '/')",
                                        "target_property_name": "#filtered_command_text"
                                    },
                                    {
                                        "binding_type": "view",
                                        "source_control_name": "chat_display_text",
                                        "source_property_name": "#item_name",
                                        "target_property_name": "#chat_text"
                                    },
                                    {
                                        "binding_type": "view",
                                        "source_property_name": "((not (#command_text = '')) and ((#command_text - #chat_text) = #filtered_command_text))",
                                        "target_property_name": "#visible"
                                    }
                                ]
                            }
                        }
                    ],
                    "bindings": [
                        {
                            "binding_name": "(not #chat_visible)",
                            "binding_name_override": "#visible"
                        }
                    ]
                }
            }
        ]
    },
    "messages_panel@pl.pnl": {
        "size": [
            "100%",
            "100%"
        ],
        "controls": [
            {
                "messages_scrolling_panel@common.scrolling_panel": {
                    "type": "panel",
                    "size": [
                        "100%",
                        "100%"
                    ],
                    "$scrolling_content": "light_chat.messages_stack_panel",
                    "$scroll_size": [
                        5,
                        "100%"
                    ],
                    "$jump_to_bottom_on_update": true,
                    "$show_background": false,
                    "$always_handle_scrolling": true
                }
            }
        ]
    },
    "messages_stack_panel@pl.vsp": {
        "$scrolling_content_anchor_from": "bottom_left",
        "$scrolling_content_anchor_to": "bottom_left",
        "factory": {
            "name": "messages_factory",
            "max_children_size": 100,
            "control_ids": {
                "chat_screen_messages": "chat_screen_messages@chat.message_tts_wrapper"
            }
        }
    },
    "item_renderer": {
        "type": "custom",
        "renderer": "inventory_item_renderer",
        "layer": 5,
        "$item_renderer_binding_condition|default": "none",
        "bindings": [
            {
                "binding_type": "collection_details",
                "binding_collection_name": "$item_collection_name"
            },
            {
                "binding_name": "#item_id_aux",
                "binding_type": "collection",
                "binding_collection_name": "$item_collection_name",
                "binding_condition": "$item_renderer_binding_condition"
            },
            {
                "binding_name": "#charged_item",
                "binding_type": "collection",
                "binding_collection_name": "$item_collection_name",
                "binding_condition": "$item_renderer_binding_condition"
            },
            {
                "binding_name": "#item_custom_color",
                "binding_type": "collection",
                "binding_collection_name": "$item_collection_name",
                "binding_condition": "$item_renderer_binding_condition"
            },
            {
                "binding_name": "#item_pickup_time",
                "binding_type": "collection",
                "binding_collection_name": "$item_collection_name",
                "binding_condition": "$item_renderer_binding_condition"
            },
            {
                "binding_name": "#show_item_pickup",
                "binding_type": "collection",
                "binding_collection_name": "$item_collection_name",
                "binding_condition": "$item_renderer_binding_condition"
            },
            {
                "binding_name": "#banner_patterns",
                "binding_condition": "visible",
                "binding_type": "collection",
                "binding_collection_name": "$item_collection_name"
            },
            {
                "binding_name": "#banner_colors",
                "binding_condition": "visible",
                "binding_type": "collection",
                "binding_collection_name": "$item_collection_name"
            },
            {
                "binding_name": "#banner_type",
                "binding_condition": "visible",
                "binding_type": "collection",
                "binding_collection_name": "$item_collection_name"
            },
            {
                "binding_type": "collection",
                "binding_name": "#show_item",
                "binding_name_override": "#visible",
                "binding_collection_name": "$item_collection_name",
                "binding_condition": "$item_renderer_binding_condition"
            },
            {
                "binding_name": "#inactive_item",
                "binding_type": "collection",
                "binding_collection_name": "$item_collection_name",
                "binding_name_override": "#disabled_filter_visible",
                "binding_condition": "$item_renderer_binding_condition"
            },
            {
                "binding_name": "#shield_is_active",
                "binding_type": "collection",
                "binding_collection_name": "$item_collection_name"
            },
            {
                "binding_name": "#item_lodestone_tracking_handle",
                "binding_condition": "visible",
                "binding_type": "collection",
                "binding_collection_name": "$item_collection_name"
            }
        ]
    }
}