{
    "namespace": "light_chat",
    "light_chat_panel": {
        "type": "panel",
        "size": [
            344,
            194
        ],
        "controls": [
            {
                "background": {
                    "type": "image",
                    "texture": ".light/textures/bg/base_bg",
                    "layer": 1,
                    "size": [
                        358,
                        206
                    ],
                    "alpha": 0.65,
                    "controls": [
                        {
                            "chat@pl.vsp": {
                                "size": [
                                    "100%",
                                    "100%"
                                ],
                                "controls": [
                                    {
                                        "top_bar@pl.img": {
                                            "anchor_from": "top_middle",
                                            "anchor_to": "top_middle",
                                            "size": [
                                                358,
                                                40
                                            ],
                                            "texture": ".light/textures/bg/secondary_bg",
                                            "layer": 1,
                                            "alpha": 0.65,
                                            "controls": [
                                                {
                                                    "logo@pl.img": {
                                                        "texture": ".light/textures/logo",
                                                        "layer": 3,
                                                        "size": [
                                                            32,
                                                            32
                                                        ],
                                                        "anchor_from": "left_middle",
                                                        "anchor_to": "left_middle",
                                                        "offset": [
                                                            5,
                                                            0
                                                        ]
                                                    }
                                                },
                                                {
                                                    "exit@light_image_buttons.main_button": {
                                                        "$pressed_button_name": "button.menu_exit",
                                                        "$button_icon": ".light/textures/icons/close",
                                                        "layer": 3,
                                                        "anchor_from": "right_middle",
                                                        "anchor_to": "ríght_middle",
                                                        "size": [
                                                            24,
                                                            24
                                                        ],
                                                        "offset": [
                                                            -20,
                                                            0
                                                        ]
                                                    }
                                                }
                                            ]
                                        }
                                    },
                                    {
                                        "panel": {
                                            "type": "panel",
                                            "size": [
                                                "100%",
                                                "fill"
                                            ],
                                            "controls": [
                                                {
                                                    "messages_panel@light_chat.messages_panel": {}
                                                },
                                                {
                                                    "commands_panel@light_chat.commands_panel": {}
                                                }
                                            ]
                                        }
                                    },
                                    {
                                        "bottom_bar@pl.img": {
                                            "anchor_from": "bottom_middle",
                                            "anchor_to": "bottom_middle",
                                            "size": [
                                                358,
                                                30
                                            ],
                                            "texture": ".light/textures/bg/secondary_bg",
                                            "layer": 1,
                                            "alpha": 0.65,
                                            "controls": [
                                                {
                                                    "bottom_panel@light_chat.bottom_panel": {}
                                                }
                                            ]
                                        }
                                    }
                                ]
                            }
                        }
                    ]
                }
            }
        ]
    }
}