{"format_version":"1.10.0","particle_effect":{"events":{"stop":{"expression":"variable.stop = 1;"}},"description":{"identifier":"light:waypoint","basic_render_parameters":{"material":"particles_alpha","texture":".light/textures/particles/waypoint"}},"components":{"minecraft:emitter_local_space":{"position":false,"rotation":false},"minecraft:emitter_rate_instant":{"num_particles":1},"minecraft:emitter_lifetime_expression":{"activation_expression":1,"expiration_expression":0},"minecraft:emitter_shape_point":{"offset":[0,0.65,0]},"minecraft:particle_lifetime_expression":{"expiration_expression":"variable.stop == 1"},"minecraft:particle_initial_spin":{"rotation_rate":0},"minecraft:particle_initial_speed":0,"minecraft:particle_motion_dynamic":{"linear_drag_coefficient":1,"rotation_drag_coefficient":1},"minecraft:particle_appearance_billboard":{"size":[0.45,380],"facing_camera_mode":"lookat_y"},"minecraft:emitter_lifetime_events":{"expiration_event":"stop"}}}}