{
    "namespace": "light_checkmark",
    "light_checkmark": {
        "type": "panel",
        "layer": 3,
        "$toggle_view_binding_name|default": "this_toggle",
        "$template_toggle|default": "light_checkmark.checkmark_template",
        "controls": [
            {
                "$toggle_view_binding_name@$template_toggle": {}
            }
        ]
    },
    "checkmark_template@common.toggle": {
        "toggle_default_state": "$toggle_tags",
        "$unchecked_locked_control|default": "light_checkmark.toggle_unchecked",
        "$unchecked_locked_hover_control|default": "light_checkmark.toggle_checked",
        "$checked_locked_control|default": "light_checkmark.toggle_checked",
        "$checked_locked_hover_control|default": "light_checkmark.toggle_checked",
        "$unchecked_control|default": "light_checkmark.toggle_unchecked",
        "$checked_control|default": "light_checkmark.toggle_checked",
        "$unchecked_hover_control|default": "light_checkmark.toggle_unchecked_hover",
        "$checked_hover_control|default": "light_checkmark.toggle_checked_hover"
    },
    "toggle_unchecked@light_checkmark.toggle_image": {
        "$default|default": true,
        "texture": ".light/textures/clear"
    },
    "toggle_checked@light_checkmark.toggle_image2": {
        "$pressed|default": true,
        "texture": ".light/textures/clear"
    },
    "toggle_unchecked_hover@light_checkmark.toggle_image": {
        "$hover|default": true,
        "texture": ".light/textures/clear"
    },
    "toggle_checked_hover@light_checkmark.toggle_image2": {
        "$hover|default": true,
        "texture": ".light/textures/clear"
    },
    "toggle_image": {
        "type": "image",
        "$default|default": false,
        "$hover|default": false,
        "$pressed|default": false,
        "controls": [
            {
                "@light_checkmark.check_panel": {}
            }
        ]
    },
    "check_panel": {
        "type": "stack_panel",
        "orientation": "horizontal",
        "controls": [
            {
                "1@light_checkmark.check_box": {}
            },
            {
                "2": {
                    "type": "panel",
                    "size": [
                        9,
                        1
                    ]
                }
            },
            {
                "check_panel": {
                    "type": "stack_panel",
                    "orientation": "vertical",
                    "controls": [
                        {
                            "idk": {
                                "type": "panel",
                                "size": [
                                    1,
                                    2
                                ]
                            }
                        },
                        {
                            "@check_label": {}
                        }
                    ]
                }
            }
        ]
    },
    "toggle_image2": {
        "type": "image",
        "$default|default": false,
        "$hover|default": false,
        "$pressed|default": false,
        "controls": [
            {
                "@light_checkmark.check_panel2": {}
            }
        ]
    },
    "check_panel2": {
        "type": "stack_panel",
        "orientation": "horizontal",
        "controls": [
            {
                "1@light_checkmark.check_box2": {}
            },
            {
                "2": {
                    "type": "panel",
                    "size": [
                        9,
                        1
                    ]
                }
            },
            {
                "check_panel": {
                    "type": "stack_panel",
                    "orientation": "vertical",
                    "controls": [
                        {
                            "idk": {
                                "type": "panel",
                                "size": [
                                    1,
                                    2
                                ]
                            }
                        },
                        {
                            "@check_label": {}
                        }
                    ]
                }
            }
        ]
    },
    "check_box2": {
        "type": "image",
        "texture": "textures/ui/hud_tip_text_background",
        "size": [
            13,
            13
        ],
        "controls": [
            {
                "checkmark_icon": {
                    "type": "label",
                    "text": "+",
                    "color": "white",
                    "layer": 90,
                    "size": [
                        12,
                        12
                    ],
                    "offset": [
                        3,
                        1
                    ]
                }
            }
        ]
    },
    "check_box": {
        "type": "image",
        "texture": "textures/ui/hud_tip_text_background",
        "size": [
            13,
            13
        ]
    },
    "check_box_hover": {
        "type": "image",
        "texture": "textures/ui/hud_tip_text_background",
        "size": [
            13,
            13
        ]
    },
    "check_label": {
        "type": "label",
        "text": "$button_text",
        "offset": [
            0,
            0
        ],
        "font_scale_factor": 1.0,
        "shadow": true,
        "layer": 9
    }
}