{
    "namespace": "light_toggle",
    "toggle_main@common.toggle": {
        "$toggle_collection_detail_name": "$toggle_view_binding_name",
        "$unchecked_locked_control|default": "light_toggle.unchecked",
        "$unchecked_locked_hover_control|default": "light_toggle.unchecked",
        "$checked_locked_control|default": "light_toggle.checked",
        "$checked_locked_hover_control|default": "light_toggle.checked",
        "$unchecked_control|default": "light_toggle.unchecked",
        "$checked_control|default": "light_toggle.checked",
        "$unchecked_hover_control|default": "light_toggle.unchecked_hover",
        "$checked_hover_control|default": "light_toggle.checked_hover"
    },
    "unchecked": {
        "type": "image",
        "texture": "textures/ui/toggle_off"
    },
    "checked": {
        "type": "image",
        "texture": "textures/ui/toggle_on"
    },
    "unchecked_hover": {
        "type": "image",
        "texture": "textures/ui/toggle_off_hover"
    },
    "checked_hover": {
        "type": "image",
        "texture": "textures/ui/toggle_on_hover"
    },
    "light_toggles": {
        "type": "panel",
        "layer": 3,
        "$toggle_view_binding_name|default": "",
        "$template_toggle|default": "light_toggle.toggle_main",
        "controls": [
            {
                "$toggle_view_binding_name@$template_toggle": {}
            }
        ]
    }
}