{
    "namespace": "quick_settings_section",
    "quick_settings_button@settings_common.section_toggle_base": {
        "$toggle_view_binding_name": "quick_settings_toggle",
        "$button_text": "Quick settings",
        "$toggle_property_bag": {
            "#panel_title": "Quick settings"
        }
    },
    "quick_settings": {
        "type": "stack_panel",
        "size": [
            "100%",
            "100%c"
        ],
        "anchor_from": "top_left",
        "anchor_to": "top_left",
        "$education_ios": "($education_edition and $is_ios)",
        "bindings": [
            {
                "binding_type": "view",
                "source_control_name": "quick_settings_toggle",
                "source_property_name": "#toggle_state",
                "target_property_name": "#visible"
            }
        ],
        "controls": [
            {
                "perspective_dropdown@settings_common.option_dropdown": {
                    "$option_label": "options.thirdperson",
                    "ignored": "($is_holographic and $is_reality_mode)",
                    "$dropdown_content": "general_section.third_person_dropdown_content",
                    "$dropdown_area": "content_area",
                    "$dropdown_name": "third_person_dropdown",
                    "$option_enabled_binding_name": "#third_person_dropdown_enabled",
                    "$options_dropdown_toggle_label_binding": "#third_person_dropdown_toggle_label",
                    "$dropdown_scroll_content_size": [
                        "100%",
                        "200%"
                    ]
                }
            },
            {
                "fullscreen_toggle@settings_common.option_toggle": {
                    "$show_fullscreen_toggle|default": true,
                    "visible": "($show_fullscreen_toggle and not $is_holographic)",
                    "$option_label": "options.fullscreen",
                    "$option_binding_name": "#full_screen",
                    "$option_enabled_binding_name": "#full_screen_enabled",
                    "$toggle_name": "full_screen"
                }
            },
            {
                "option_toggle_hidehand@settings_common.option_toggle": {
                    "ignored": "($is_holographic)",
                    "$option_label": "options.hidehand",
                    "$option_binding_name": "#hide_hand",
                    "$option_enabled_binding_name": "#hide_hand_enabled",
                    "$toggle_name": "hide_hand"
                }
            },
            {
                "option_toggle_hidehud@settings_common.option_toggle": {
                    "ignored": "($is_holographic)",
                    "$option_label": "options.hidehud",
                    "$option_binding_name": "#hide_hud",
                    "$option_enabled_binding_name": "#hide_hud_enabled",
                    "$toggle_name": "hide_hud"
                }
            },
            {
                "fov_slider@settings_common.option_slider": {
                    "$ignored": "($is_holographic and $is_reality_mode and not $is_pregame)",
                    "$option_label": "#field_of_view_slider_label",
                    "$slider_tts_text_value": "#field_of_view_text_value",
                    "$slider_name": "field_of_view",
                    "$slider_value_binding_name": "#field_of_view",
                    "$option_enabled_binding_name": "#field_of_view_enabled",
                    "$label_bindings": [
                        {
                            "binding_name": "$option_label"
                        }
                    ]
                }
            },
            {
                "max_framerate_slider@settings_common.option_slider": {
                    "$option_label": "#max_framerate_slider_label",
                    "$slider_name": "max_framerate",
                    "$slider_value_binding_name": "#max_framerate",
                    "$slider_tts_text_value": "#max_framerate_text_value",
                    "$option_enabled_binding_name": "#max_framerate_enabled",
                    "$slider_steps_binding_name": "#max_framerate_steps",
                    "$label_bindings": [
                        {
                            "binding_name": "$option_label"
                        }
                    ]
                }
            },
            {
                "msaa_slider@settings_common.option_slider": {
                    "ignored": "($is_holographic or $is_win10_arm)",
                    "$option_label": "#msaa_slider_label",
                    "$slider_name": "msaa",
                    "$slider_value_binding_name": "#msaa",
                    "$slider_tts_text_value": "#msaa_text_value",
                    "$option_enabled_binding_name": "#msaa_enabled",
                    "$slider_steps_binding_name": "#msaa_steps",
                    "$label_bindings": [
                        {
                            "binding_name": "$option_label"
                        }
                    ],
                    "bindings": [
                        {
                            "binding_name": "#show_msaa",
                            "binding_name_override": "#visible"
                        }
                    ]
                }
            },
            {
                "vr_msaa_slider@settings_common.option_slider": {
                    "ignored": "(not $is_holographic or $is_win10_arm)",
                    "$option_label": "#vr_msaa_slider_label",
                    "$slider_name": "vr_msaa",
                    "$slider_value_binding_name": "#vr_msaa",
                    "$slider_tts_text_value": "#vr_msaa_text_value",
                    "$option_enabled_binding_name": "#vr_msaa_enabled",
                    "$slider_steps_binding_name": "#vr_msaa_steps",
                    "$label_bindings": [
                        {
                            "binding_name": "$option_label"
                        }
                    ],
                    "bindings": [
                        {
                            "binding_name": "#show_vr_msaa",
                            "binding_name_override": "#visible"
                        }
                    ]
                }
            },
            {
                "texel_anti_aliasing_toggle@settings_common.option_toggle": {
                    "$option_label": "options.texelAA",
                    "$option_binding_name": "#texel_aa",
                    "$option_enabled_binding_name": "#texel_aa_enabled",
                    "$toggle_name": "texel_aa"
                }
            },
            {
                "split_screen_dropdown@settings_common.option_dropdown": {
                    "$option_label": "options.splitscreen",
                    "$dropdown_content": "general_section.split_screen_dropdown_content",
                    "$dropdown_area": "content_area",
                    "$dropdown_name": "split_screen_dropdown",
                    "$option_enabled_binding_name": "#split_screen_dropdown_enabled",
                    "$options_dropdown_toggle_label_binding": "#split_screen_dropdown_toggle_label",
                    "$dropdown_scroll_content_size": [
                        "100%",
                        "145%"
                    ]
                }
            },
            {
                "outline_selection_toggle@settings_common.option_toggle": {
                    "ignored": "($is_holographic)",
                    "$option_label": "options.classic_box_selection",
                    "$option_binding_name": "#classic_box_selection",
                    "$option_enabled_binding_name": "#classic_box_selection_enabled",
                    "$toggle_name": "classic_box_selection"
                }
            },
            {
                "option_toggle_15@settings_common.option_toggle": {
                    "ignored": "(not $is_holographic)",
                    "$option_label": "options.vr_classic_box_selection",
                    "$option_binding_name": "#vr_classic_box_selection",
                    "$option_enabled_binding_name": "#vr_classic_box_selection_enabled",
                    "$toggle_name": "vr_classic_box_selection"
                }
            },
            {
                "player_names_toggle@settings_common.option_toggle": {
                    "$option_label": "options.ingamePlayerNames",
                    "$option_binding_name": "#ingame_player_names",
                    "$option_enabled_binding_name": "#ingame_player_names_enabled",
                    "$toggle_name": "ingame_player_names"
                }
            },
            {
                "splitscreen_player_names_toggle@settings_common.option_toggle": {
                    "ignored": "(not $can_splitscreen)",
                    "$option_label": "options.splitscreenIngamePlayerNames",
                    "$option_binding_name": "#splitscreen_ingame_player_names",
                    "$option_enabled_binding_name": "#splitscreen_ingame_player_names_enabled",
                    "$toggle_name": "splitscreen_ingame_player_names"
                }
            },
            {
                "view_bobbing_toggle@settings_common.option_toggle": {
                    "ignored": "($is_holographic and $is_reality_mode and not $is_pregame)",
                    "$option_label": "options.viewBobbing",
                    "$option_binding_name": "#view_bobbing",
                    "$option_enabled_binding_name": "#view_bobbing_enabled",
                    "$toggle_name": "view_bobbing"
                }
            },
            {
                "camera_shake_toggle@settings_common.option_toggle": {
                    "ignored": "($is_holographic and $is_reality_mode and not $is_pregame)",
                    "$option_label": "options.screenShake",
                    "$option_binding_name": "#camera_shake",
                    "$option_enabled_binding_name": "#camera_shake_enabled",
                    "$toggle_name": "camera_shake"
                }
            },
            {
                "option_toggle_screen_animations@settings_common.option_toggle": {
                    "ignored": "($is_holographic)",
                    "$option_label": "options.screenAnimations",
                    "$option_binding_name": "#screen_animations",
                    "$option_enabled_binding_name": "#screen_animations_enabled",
                    "$toggle_name": "screen_animations",
                    "bindings": [
                        {
                            "binding_name": "#screen_animations_visible",
                            "binding_name_override": "#visible"
                        }
                    ]
                }
            }
        ]
    }
}