{
    "namespace": "light_pause",
    "hover_text@pl.img": {
        "ignored": "(not $hover)",
        "texture": ".light/textures/bg/base_bg",
        "size": [
            "100%c + 12px",
            "100%c + 6px"
        ],
        "anchor_from": "left_middle",
        "anchor_to": "left_middle",
        "alpha": 0.65,
        "layer": 1,
        "offset": [
            25,
            -5
        ],
        "controls": [
            {
                "label@pl.lbl": {
                    "text": "Open Mod Menu §c(Press 2x)",
                    "font_type": "Inter-Medium",
                    "layer": 2,
                    "color": "White"
                }
            }
        ]
    },
    "hover_text2@pl.img": {
        "ignored": "(not $hover)",
        "texture": ".light/textures/bg/base_bg",
        "size": [
            "100%c + 12px",
            "100%c + 6px"
        ],
        "anchor_from": "left_middle",
        "anchor_to": "left_middle",
        "alpha": 0.65,
        "layer": 1,
        "offset": [
            25,
            -5
        ],
        "controls": [
            {
                "label@pl.lbl": {
                    "text": "Edit HUD Modules §c(Press 2x)",
                    "font_type": "Inter-Medium",
                    "layer": 2,
                    "color": "White"
                }
            }
        ]
    },
    "light_pause_info_panel@pl.vsp": {
        "size": [
            "default",
            20
        ],
        "anchor_from": "top_left",
        "anchor_to": "top_left",
        "offset": [
            5,
            5
        ],
        "layer": 2,
        "controls": [
            {
                "light_log_in_as_panel@pl.img": {
                    "texture": ".light/textures/bg/base_bg",
                    "size": [
                        "100%cm + 25px",
                        20
                    ],
                    "alpha": 0.65,
                    "controls": [
                        {
                            "player_head@pl.pnl": {
                                "anchor_from": "top_left",
                                "anchor_to": "top_left",
                                "clips_children": true,
                                "size": [
                                    28,
                                    38
                                ],
                                "layer": 203,
                                "offset": [
                                    -4,
                                    -22
                                ],
                                "controls": [
                                    {
                                        "player_head_renderer@pl.cstm": {
                                            "renderer": "paper_doll_renderer",
                                            "size": [
                                                35,
                                                85
                                            ],
                                            "offset": [
                                                0,
                                                20
                                            ]
                                        }
                                    }
                                ]
                            }
                        },
                        {
                            "gamertag_label@pl.lbl": {
                                "text_alignment": "left",
                                "layer": 2,
                                "shadow": false,
                                "anchor_from": "left_middle",
                                "offset": [
                                    20,
                                    4
                                ],
                                "color": "white",
                                "anchor_to": "left_middle",
                                "text": "#playername",
                                "font_scale_factor": 0.8,
                                "bindings": [
                                    {
                                        "binding_name": "#playername"
                                    }
                                ]
                            }
                        },
                        {
                            "login_as@pl.lbl": {
                                "text_alignment": "left",
                                "layer": 2,
                                "shadow": false,
                                "font_scale_factor": 0.6,
                                "anchor_from": "left_middle",
                                "offset": [
                                    20,
                                    -4
                                ],
                                "color": "white",
                                "anchor_to": "left_middle",
                                "text": "Logged in as:"
                            }
                        }
                    ]
                }
            },
            {
                "padding@pl.pnl": {
                    "size": [
                        0,
                        1
                    ]
                }
            },
            {
                "light_playing_in_panel@pl.img": {
                    "texture": ".light/textures/bg/base_bg",
                    "size": [
                        "100%cm + 25px",
                        20
                    ],
                    "alpha": 0.65,
                    "controls": [
                        {
                            "ip_image@pl.img": {
                                "size": [
                                    16,
                                    16
                                ],
                                "offset": [
                                    2,
                                    0
                                ],
                                "texture": "pack_icon",
                                "anchor_from": "left_middle",
                                "anchor_to": "left_middle"
                            }
                        },
                        {
                            "world_name_label@pl.lbl": {
                                "text_alignment": "left",
                                "layer": 2,
                                "shadow": false,
                                "anchor_from": "left_middle",
                                "offset": [
                                    20,
                                    4
                                ],
                                "color": "white",
                                "anchor_to": "left_middle",
                                "text": "#worldname",
                                "font_scale_factor": 0.8,
                                "bindings": [
                                    {
                                        "binding_name": "#worldname"
                                    }
                                ]
                            }
                        },
                        {
                            "playing_in@pl.lbl": {
                                "text_alignment": "left",
                                "layer": 2,
                                "shadow": false,
                                "font_scale_factor": 0.6,
                                "anchor_from": "left_middle",
                                "offset": [
                                    20,
                                    -4
                                ],
                                "color": "white",
                                "anchor_to": "left_middle",
                                "text": "Playing in:"
                            }
                        }
                    ]
                }
            }
        ]
    },
    "invis_mod_menu@pl.pnl": {
        "bindings": [
            {
                "binding_type": "view",
                "source_control_name": "mod_menu_toggle",
                "source_property_name": "#toggle_state",
                "target_property_name": "#visible"
            }
        ],
        "controls": [
            {
                "mod_menu_bg@pl.img": {
                    "texture": ".light/textures/clear",
                    "size": [
                        350,
                        200
                    ],
                    "layer": 3,
                    "alpha": 0.65,
                    "controls": [
                        {
                            "mod_menu_header@light_pause.mod_menu_header": {}
                        }
                    ]
                }
            }
        ]
    },
    "mod_menu_header@pl.img": {
        "texture": ".light/textures/clear",
        "size": [
            350,
            35
        ],
        "layer": 3,
        "alpha": 0.50,
        "anchor_from": "top_middle",
        "anchor_to": "top_middle",
        "controls": [
            {
                "light_close_button@light_pause.light_close_button": {}
            },
            {
                "light_edit@light_pause.light_edit": {}
            }
        ]
    },
    "light_edit@light_close_toggles.light_close_toggle": {
        "$button_icon": ".light/textures/clear",
        "$toggle_view_binding_name": "light_edit_mods_hud",
        "anchor_from": "right_middle",
        "anchor_to": "right_middle",
        "layer": 40,
        "offset": [
            -32,
            0
        ],
        "size": [
            25,
            25
        ],
        "$unchecked_locked_control": "common.empty_panel",
        "$unchecked_locked_hover_control": "common.empty_panel",
        "$checked_locked_control": "common.empty_panel",
        "$checked_locked_hover_control": "common.empty_panel",
        "$unchecked_control": "common.empty_panel",
        "$checked_control": "common.empty_panel",
        "$unchecked_hover_control": "common.empty_panel",
        "$checked_hover_control": "common.empty_panel"
    },
    "light_close_button@light_close_toggles.light_close_toggle": {
        "$button_icon": ".light/textures/clear",
        "$toggle_group_forced_index": 30,
        "$toggle_view_binding_name": "mod_menu_toggle",
        "anchor_from": "right_middle",
        "anchor_to": "right_middle",
        "offset": [
            -5,
            0
        ],
        "size": [
            24,
            24
        ],
        "$button_icon_size": [
            16,
            16
        ],
        "layer": 4,
        "$unchecked_locked_control": "common.empty_panel",
        "$unchecked_locked_hover_control": "common.empty_panel",
        "$checked_locked_control": "common.empty_panel",
        "$checked_locked_hover_control": "common.empty_panel",
        "$unchecked_control": "common.empty_panel",
        "$checked_control": "common.empty_panel",
        "$unchecked_hover_control": "common.empty_panel",
        "$checked_hover_control": "common.empty_panel"
    }
}