{"namespace":"light_play","light_bg":{"type":"panel","anchor_from":"center","anchor_to":"center","controls":[{"light_bg_content":{"anchor_from":"center","anchor_to":"center","type":"image","texture":".light/textures/buttons/default","size":[300,175],"layer":1,"controls":[{"worlds_tab_content@light_play.worlds_tab_content_panel":{}},{"friends_tab_content@light_play.friends_tab_content_panel":{}},{"server_tab_content_panel@light_play.server_tab_content_panel":{}}]}}]},"worlds_tab_content_panel@light_play.common_tab_content_panel":{"$visible_bind_toggle_source_control":"world_navigation_tab_toggle","$scroll_tab_content":"play.worlds_scroll_content","size":["100%","95%"],"offset":[0,-5]},"friends_tab_content_panel@light_play.common_tab_content_panel":{"$visible_bind_toggle_source_control":"friends_navigation_tab_toggle","$scroll_tab_content":"play.friends_scroll_content","size":["100%","95%"],"offset":[0,-5]},"server_tab_content_panel@light_play.common_tab_content_panel":{"$visible_bind_toggle_source_control":"server_navigation_tab_toggle","$scroll_tab_content":"play.server_scroll_content","size":["100%","95%"],"offset":[0,-5]},"common_tab_content_panel":{"type":"panel","controls":[{"content@$scroll_tab_content":{"layer":2,"anchor_from":"top_middle","anchor_to":"top_middle","size":["100%","100%"],"offset":[0,6],"ttsSectionContainer":true}}],"bindings":[{"binding_type":"view","source_control_name":"$visible_bind_toggle_source_control","source_property_name":"#toggle_state","target_property_name":"#visible"}]},"light_quick_play_button@light_buttons.light_button":{"$pressed_button_name":"button.menu_quick_play","$button_text":"Quick play","focus_identifier":"light_quick_play_button","layer":500,"anchor_from":"bottom_middle","anchor_to":"bottom_middle","size":[64,24],"offset":[0,-15]},"light_settings@light_buttons.light_button":{"$pressed_button_name":"button.editor_settings","$button_text":"Settings","focus_identifier":"light_settings","layer":500,"anchor_from":"bottom_middle","anchor_to":"bottom_middle","size":[64,24],"offset":[-65,-15]},"light_realm_invites@light_buttons.light_button":{"$pressed_button_name":"button.menu_invite_notification","$button_text":"Invites","focus_identifier":"light_realm_invites","layer":500,"anchor_from":"bottom_middle","anchor_to":"bottom_middle","size":[64,24],"offset":[65,-15]}}