{
    "format_version": "1.10.0",
    "minecraft:client_entity": {
        "description": {
            "identifier": "minecraft:player",
            "materials": {
                "default": "entity_alphatest",
                "cape": "entity_alphatest",
                "blend": "entity_alphablend",
                "animated": "player_animated",
                //DirectionHUD
                "direction_hud": "direction_hud",
                //Render method
                "render_method": "render_method"
            },
            "textures": {
                "default": "textures/entity/steve",
                "cape": "textures/entity/cape_invisible",
                //ArmorHUD 
                "leather_helmet": ".light/textures/mods/armor/leather_helmet",
                "leather_chestplate": ".light/textures/mods/armor/leather_chestplate",
                "leather_leggings": ".light/textures/mods/armor/leather_leggings",
                "leather_boots": ".light/textures/mods/armor/leather_boots",
                "chainmail_helmet": "textures/items/chainmail_helmet",
                "chainmail_chestplate": "textures/items/chainmail_chestplate",
                "chainmail_leggings": "textures/items/chainmail_leggings",
                "chainmail_boots": "textures/items/chainmail_boots",
                "iron_helmet": "textures/items/iron_helmet",
                "iron_chestplate": "textures/items/iron_chestplate",
                "iron_leggings": "textures/items/iron_leggings",
                "iron_boots": "textures/items/iron_boots",
                "gold_helmet": "textures/items/gold_helmet",
                "gold_chestplate": "textures/items/gold_chestplate",
                "gold_leggings": "textures/items/gold_leggings",
                "gold_boots": "textures/items/gold_boots",
                "diamond_helmet": "textures/items/diamond_helmet",
                "diamond_chestplate": "textures/items/diamond_chestplate",
                "diamond_leggings": "textures/items/diamond_leggings",
                "diamond_boots": "textures/items/diamond_boots",
                "netherite_helmet": "textures/items/netherite_helmet",
                "netherite_chestplate": "textures/items/netherite_chestplate",
                "netherite_leggings": "textures/items/netherite_leggings",
                "netherite_boots": "textures/items/netherite_boots",
                "elytra": "textures/items/elytra",
                "pumpkin": ".light/textures/mods/armor/pumpkin",
                "turtle_helmet": "textures/items/turtle_helmet",
                //DirectionHUD 
                "direction_hud": ".light/textures/mods/direction/direction_hud",
                //StatusHUD
                "swimming": ".light/textures/mods/status/swimming",
                "flying": ".light/textures/mods/status/flying",
                "burning": ".light/textures/mods/status/burning",
                "digging": ".light/textures/mods/status/digging",
                "sneaking": ".light/textures/mods/status/sneaking",
                "jumping": ".light/textures/mods/status/jumping",
                "standing": ".light/textures/mods/status/standing",
                "moving": ".light/textures/mods/status/moving",
                //Numbers
                "light1_num0": ".light/textures/numbers/1_0",
                "light1_num1": ".light/textures/numbers/1_1",
                "light1_num2": ".light/textures/numbers/1_2",
                "light1_num3": ".light/textures/numbers/1_3",
                "light1_num4": ".light/textures/numbers/1_4",
                "light1_num5": ".light/textures/numbers/1_5",
                "light1_num6": ".light/textures/numbers/1_6",
                "light1_num7": ".light/textures/numbers/1_7",
                "light1_num8": ".light/textures/numbers/1_8",
                "light1_num9": ".light/textures/numbers/1_9",
                "light2_num0": ".light/textures/numbers/2_0",
                "light2_num1": ".light/textures/numbers/2_1",
                "light2_num2": ".light/textures/numbers/2_2",
                "light2_num3": ".light/textures/numbers/2_3",
                "light2_num4": ".light/textures/numbers/2_4",
                "light2_num5": ".light/textures/numbers/2_5",
                "light2_num6": ".light/textures/numbers/2_6",
                "light2_num7": ".light/textures/numbers/2_7",
                "light2_num8": ".light/textures/numbers/2_8",
                "light2_num9": ".light/textures/numbers/2_9",
                "light3_num0": ".light/textures/numbers/3_0",
                "light3_num1": ".light/textures/numbers/3_1",
                "light3_num2": ".light/textures/numbers/3_2",
                "light3_num3": ".light/textures/numbers/3_3",
                "light3_num4": ".light/textures/numbers/3_4",
                "light3_num5": ".light/textures/numbers/3_5",
                "light3_num6": ".light/textures/numbers/3_6",
                "light3_num7": ".light/textures/numbers/3_7",
                "light3_num8": ".light/textures/numbers/3_8",
                "light3_num9": ".light/textures/numbers/3_9",
                "light4_num0": ".light/textures/numbers/4_0",
                "light4_num1": ".light/textures/numbers/4_1",
                "light4_num2": ".light/textures/numbers/4_2",
                "light4_num3": ".light/textures/numbers/4_3",
                "light4_num4": ".light/textures/numbers/4_4",
                "light4_num5": ".light/textures/numbers/4_5",
                "light4_num6": ".light/textures/numbers/4_6",
                "light4_num7": ".light/textures/numbers/4_7",
                "light4_num8": ".light/textures/numbers/4_8",
                "light4_num9": ".light/textures/numbers/4_9",
                "light5_num0": ".light/textures/numbers/5_0",
				"light5_num1": ".light/textures/numbers/5_1",
				"light5_num2": ".light/textures/numbers/5_2",
				"light5_num3": ".light/textures/numbers/5_3",
				"light5_num4": ".light/textures/numbers/5_4",
				"light5_num5": ".light/textures/numbers/5_5",
				"light5_num6": ".light/textures/numbers/5_6",
				"light5_num7": ".light/textures/numbers/5_7",
				"light5_num8": ".light/textures/numbers/5_8",
				"light5_num9": ".light/textures/numbers/5_9",
				"light6_num0": ".light/textures/numbers/6_0",
				"light6_num1": ".light/textures/numbers/6_1",
				"light6_num2": ".light/textures/numbers/6_2",
				"light6_num3": ".light/textures/numbers/6_3",
				"light6_num4": ".light/textures/numbers/6_4",
				"light6_num5": ".light/textures/numbers/6_5",
				"light6_num6": ".light/textures/numbers/6_6",
				"light6_num7": ".light/textures/numbers/6_7",
				"light6_num8": ".light/textures/numbers/6_8",
				"light6_num9": ".light/textures/numbers/6_9",
                //Offhandhud
                "arrow": "textures/items/arrow",
                "firework_rocket": "textures/items/fireworks",
                "map": "textures/items/map_filled",
                "totem": "textures/items/totem",
                "nautilus_shell": "textures/items/nautilus",
                "shield": ".light/textures/mods/shield",
                "offhand_slot": ".light/textures/mods/slot",
                //Others
                "blank": ".light/textures/clear"
            },
            "geometry": {
                "default": "geometry.humanoid.custom",
                "cape": "geometry.cape",
                //ArmorHUD
                "helmet": "geometry.helmet",
                "chestplate": "geometry.chestplate",
                "leggings": "geometry.leggings",
                "boots": "geometry.boots",
                //DirectionHUD
                "direction_hud": "geometry.direction_hud",
                //StatusHUD
                "statushud": "geometry.statushud",
                //Speedometer
                "speedometer": "geometry.speedometer",
                "speedometer_decimals": "geometry.speedometer_decimals",
                //Offhandhud
                "offhand": "geometry.offhand",
                "offhand_slot": "geometry.offhand_slot",
                //Timerhud
                "timerhud_seconds": "geometry.timerhud_seconds",
                "timerhud_minutes": "geometry.timerhud_minutes",
                "timerhud_hours": "geometry.timerhud_hours",
                //Daycounter
                "daycounter_tens": "geometry.daycounter_tens",
                "daycounter_hundreds": "geometry.daycounter_hundreds",
                "daycounter_thousends": "geometry.daycounter_thousends",
                //Fps Counter
                "fpscounter": "geometry.fpscounter",
                //Pot counter
                "potcounter": "geometry.potcounter",
                // Cape
                "chyves_cape": "geometry.chyves_cape",
                //Blank
                "blank": "geometry.light_blank"
            },
            "scripts": {
                "scale": "0.9375",
                "initialize": [
                    "variable.is_holding_right = 0.0;",
                    "variable.is_blinking = 0.0;",
                    "variable.last_blink_time = 0.0;",
                    "variable.life_time = 0.0;",
                    "variable.hand_bob = 0.0;",
                    //Fps counter
                    "variable.fps2 = 0.0;",
                    "variable.fps = 0.0;"
                ],
                "pre_animation": [
                    "variable.leg_layer_visible = 1.0;",
                    "variable.boot_layer_visible = 1.0;",
                    "variable.chest_layer_visible = 1.0;",
                    "v.use = q.main_hand_item_use_duration / q.main_hand_item_max_duration;",
                    "variable.attack_body_rot_y = Math.sin(360*Math.sqrt(variable.attack_time)) * 5.0;",
                    "variable.tcos0 = (math.cos(query.modified_distance_moved * 38.17) * query.modified_move_speed / variable.gliding_speed_value) * 57.3;",
                    "variable.first_person_rotation_factor = math.sin((1 - variable.attack_time) * 180.0);",
                    "variable.hand_bob = query.life_time < 0.01 ? 0.0 : variable.hand_bob + ((query.is_on_ground && query.is_alive ? math.clamp(math.sqrt(math.pow(query.position_delta(0), 2.0) + math.pow(query.position_delta(2), 2.0)), 0.0, 0.1) : 0.0) - variable.hand_bob) * 0.02;",
                    "variable.map_angle = math.clamp(1 - variable.player_x_rotation / 45.1, 0.0, 1.0);",
                    "variable.item_use_normalized = query.main_hand_item_use_duration / query.main_hand_item_max_duration;",
                    //Fps counter
                    "variable.fps2 = variable.fps2;",
                    "variable.fps = variable.fps;"
                ],
                "animate": [
                    "root",
                    "chyves",
                    "fps_counter",
                    "light_mods",                    
                    "deathpoint",
                    "greenscreen",
                    "waypoint"
                ]
            },
            "particle_effects": {
                "deathpoint": "light:deathpoint",
                "greenscreen": "light:greenscreen",
                "waypoint": "light:waypoint"
            },
            "animations": {
                "root": "controller.animation.player.root",
                "greenscreen": "controller.animation.greenscreen",
                "waypoint": "controller.animation.waypoint",
                "deathpoint": "controller.animation.deathpoint",
                "fps_counter": "controller.animation.fps_counter",
                "light_mods": "animation.player.light_mods",
                "chyves": "animation.chyves_cape",
                "base_controller": "controller.animation.player.base",
                "hudplayer": "controller.animation.player.hudplayer",
                "humanoid_base_pose": "animation.humanoid.base_pose",
                "look_at_target": "controller.animation.humanoid.look_at_target",
                "look_at_target_ui": "animation.player.look_at_target.ui",
                "look_at_target_default": "animation.humanoid.look_at_target.default",
                "look_at_target_gliding": "animation.humanoid.look_at_target.gliding",
                "look_at_target_swimming": "animation.humanoid.look_at_target.swimming",
                "look_at_target_inverted": "animation.player.look_at_target.inverted",
                "cape": "animation.player.cape",
                "move.arms": "animation.player.move.arms",
                "move.legs": "animation.player.move.legs",
                "swimming": "animation.player.swim",
                "swimming.legs": "animation.player.swim.legs",
                "riding.arms": "animation.player.riding.arms",
                "riding.legs": "animation.player.riding.legs",
                "holding": "animation.player.holding",
                "brandish_spear": "animation.humanoid.brandish_spear",
                "charging": "animation.humanoid.charging",
                "attack.positions": "animation.player.attack.positions",
                "attack.rotations": "animation.player.attack.rotations",
                "sneaking": "animation.player.sneaking",
                "bob": "animation.player.bob",
                "damage_nearby_mobs": "animation.humanoid.damage_nearby_mobs",
                "fishing_rod": "animation.humanoid.fishing_rod",
                "use_item_progress": "animation.humanoid.use_item_progress",
                "skeleton_attack": "animation.skeleton.attack",
                "sleeping": "animation.player.sleeping",
                "first_person_base_pose": "animation.player.first_person.base_pose",
                "first_person_empty_hand": "animation.player.first_person.empty_hand",
                "first_person_swap_item": "animation.player.first_person.swap_item",
                "first_person_attack_controller": "controller.animation.player.first_person_attack",
                "first_person_attack_rotation": "animation.player.first_person.attack_rotation",
                "first_person_vr_attack_rotation": "animation.player.first_person.vr_attack_rotation",
                "first_person_map_controller": "controller.animation.player.first_person_map",
                "first_person_map_hold": "animation.player.first_person.map_hold",
                "first_person_map_hold_attack": "animation.player.first_person.map_hold_attack",
                "first_person_map_hold_off_hand": "animation.player.first_person.map_hold_off_hand",
                "first_person_map_hold_main_hand": "animation.player.first_person.map_hold_main_hand",
                "first_person_crossbow_equipped": "animation.player.first_person.crossbow_equipped",
                "third_person_crossbow_equipped": "animation.player.crossbow_equipped",
                "third_person_bow_equipped": "animation.player.bow_equipped",
                "crossbow_hold": "animation.player.crossbow_hold",
                "crossbow_controller": "controller.animation.player.crossbow",
                "shield_block_main_hand": "animation.player.shield_block_main_hand",
                "shield_block_off_hand": "animation.player.shield_block_off_hand",
                "blink": "controller.animation.persona.blink"
            },
            "render_controllers": [
                {
                    "controller.render.player.first_person": "variable.is_first_person"
                },
                {
                    "controller.render.player.third_person": "!variable.is_first_person && !variable.map_face_icon"
                },
                {
                    "controller.render.player.map": "variable.map_face_icon"
                },
                {
                //ArmorHUD
                    "controller.render.helmet": "query.has_armor_slot(0) && query.is_in_ui"
                },
                {
                    "controller.render.chestplate": "query.has_armor_slot(1) && query.is_in_ui"
                },
                {
                    "controller.render.leggings": "query.has_armor_slot(2) && query.is_in_ui"
                },
                {
                    "controller.render.boots": "query.has_armor_slot(3) && query.is_in_ui"
                },
                {
                    "controller.render.pumpkin": "query.is_item_name_any('slot.armor.head', 0, 'minecraft:carved_pumpkin') && query.is_in_ui"
                },
                {
                //DirectionHUD 
                    "controller.render.direction_hud": "variable.is_paperdoll && !query.is_in_ui && query.camera_rotation(1)"
                },
                {
                //StatusHUD
                    "controller.render.statushud": "query.is_in_ui"
                },
                {
                //Speedometer
                    "controller.render.speedometer": "query.is_in_ui && !variable.is_paperdoll"
                },
                {
                    "controller.render.speedometer_decimals": "query.is_in_ui && !variable.is_paperdoll"
                },
                {
                //Offhandhud
                    "controller.render.offhand": "query.is_item_equipped(1) && !query.is_riding && !query.is_gliding && query.is_in_ui"
                },
                {
                    "controller.render.offhand_slot": "query.is_item_equipped(1) && !query.is_riding && !query.is_gliding && query.is_in_ui"
                },
                // Cape
                {
					"controller.render.chyves_cape": "!variable.is_first_person && query.armor_texture_slot(1) != 5"
		        },
                {
                //Timerhud
                    "controller.render.timerhud_seconds": "query.is_in_ui && !variable.is_paperdoll"
                },
                {
                    "controller.render.timerhud_minutes": "query.is_in_ui && !variable.is_paperdoll"
                },
                {
                    "controller.render.timerhud_hours": "query.is_in_ui && !variable.is_paperdoll"    
                },
                {
                //Daycounter
                    "controller.render.daycounter_tens": "query.is_in_ui && !variable.is_paperdoll"
                },
                {
                    "controller.render.daycounter_hundreds": "query.is_in_ui && !variable.is_paperdoll"
                },
                {
                    "controller.render.daycounter_thousends": "query.is_in_ui && !variable.is_paperdoll"
                },
                {
                //Fps Counter
                    "controller.render.fpscounter": "variable.is_paperdoll && !query.is_in_ui"
                },
                {
                //Pot counter 
                    "controller.render.potcounter": "query.is_in_ui && !variable.is_paperdoll"
				}
            ],
            "enable_attachables": true
        }
    }
}
//Render Method = variable.is_paperdoll && !query.is_in_ui