{
    "format_version": "1.12.0",
    "minecraft:geometry": [
        {
            "description": {
                "identifier": "geometry.light_statushud",
                "texture_width": 53,
                "texture_height": 8,
                "visible_bounds_width": 2,
                "visible_bounds_height": 2.5
            },
            "bones": [
                {
                    "name": "light_statushud",
                    "pivot": [
                        0,
                        8,
                        0
                    ],
                    "cubes": [
                        {
                            "origin": [
                                0,
                                0,
                                0
                            ],
                            "size": [
                                53,
                                8,
                                0
                            ],
                            "uv": [
                                0,
                                0
                            ]
                        }
                    ]
                }
            ]
        }
    ]
}