{
    "format_version": "1.12.0",
    "minecraft:geometry": [
        {
            "description": {
                "identifier": "geometry.light_hitbox",
                "texture_width": 32,
                "texture_height": 32,
                "visible_bounds_width": 4,
                "visible_bounds_height": 4,
                "visible_bounds_offset": [
                    0,
                    1,
                    0
                ]
            },
            "bones": [
                {
                    "name": "waist",
                    "pivot": [
                        0,
                        12,
                        0
                    ]
                },
                {
                    "name": "body",
                    "parent": "waist",
                    "pivot": [
                        0,
                        24,
                        0
                    ]
                },
                {
                    "name": "Hitbox",
                    "parent": "body",
                    "pivot": [
                        0,
                        24,
                        7
                    ],
                    "cubes": [
                        {
                            "origin": [
                                -5,
                                0,
                                5
                            ],
                            "size": [
                                0.2,
                                31.5,
                                0.2
                            ],
                            "uv": {
                                "north": {
                                    "uv": [
                                        0,
                                        0
                                    ],
                                    "uv_size": [
                                        1,
                                        32
                                    ]
                                },
                                "east": {
                                    "uv": [
                                        1,
                                        0
                                    ],
                                    "uv_size": [
                                        1,
                                        32
                                    ]
                                },
                                "south": {
                                    "uv": [
                                        2,
                                        0
                                    ],
                                    "uv_size": [
                                        1,
                                        32
                                    ]
                                },
                                "west": {
                                    "uv": [
                                        3,
                                        0
                                    ],
                                    "uv_size": [
                                        1,
                                        32
                                    ]
                                },
                                "up": {
                                    "uv": [
                                        26,
                                        20
                                    ],
                                    "uv_size": [
                                        1,
                                        1
                                    ]
                                },
                                "down": {
                                    "uv": [
                                        26,
                                        22
                                    ],
                                    "uv_size": [
                                        1,
                                        -1
                                    ]
                                }
                            }
                        },
                        {
                            "origin": [
                                -5,
                                0,
                                -5
                            ],
                            "size": [
                                0.2,
                                31.5,
                                0.2
                            ],
                            "uv": {
                                "north": {
                                    "uv": [
                                        4,
                                        0
                                    ],
                                    "uv_size": [
                                        1,
                                        32
                                    ]
                                },
                                "east": {
                                    "uv": [
                                        5,
                                        0
                                    ],
                                    "uv_size": [
                                        1,
                                        32
                                    ]
                                },
                                "south": {
                                    "uv": [
                                        6,
                                        0
                                    ],
                                    "uv_size": [
                                        1,
                                        32
                                    ]
                                },
                                "west": {
                                    "uv": [
                                        7,
                                        0
                                    ],
                                    "uv_size": [
                                        1,
                                        32
                                    ]
                                },
                                "up": {
                                    "uv": [
                                        26,
                                        22
                                    ],
                                    "uv_size": [
                                        1,
                                        1
                                    ]
                                },
                                "down": {
                                    "uv": [
                                        26,
                                        24
                                    ],
                                    "uv_size": [
                                        1,
                                        -1
                                    ]
                                }
                            }
                        },
                        {
                            "origin": [
                                4.8,
                                0,
                                5
                            ],
                            "size": [
                                0.2,
                                31.5,
                                0.2
                            ],
                            "uv": {
                                "north": {
                                    "uv": [
                                        8,
                                        0
                                    ],
                                    "uv_size": [
                                        1,
                                        32
                                    ]
                                },
                                "east": {
                                    "uv": [
                                        9,
                                        0
                                    ],
                                    "uv_size": [
                                        1,
                                        32
                                    ]
                                },
                                "south": {
                                    "uv": [
                                        10,
                                        0
                                    ],
                                    "uv_size": [
                                        1,
                                        32
                                    ]
                                },
                                "west": {
                                    "uv": [
                                        11,
                                        0
                                    ],
                                    "uv_size": [
                                        1,
                                        32
                                    ]
                                },
                                "up": {
                                    "uv": [
                                        26,
                                        24
                                    ],
                                    "uv_size": [
                                        1,
                                        1
                                    ]
                                },
                                "down": {
                                    "uv": [
                                        26,
                                        26
                                    ],
                                    "uv_size": [
                                        1,
                                        -1
                                    ]
                                }
                            }
                        },
                        {
                            "origin": [
                                23.8,
                                19,
                                5
                            ],
                            "size": [
                                0.2,
                                10,
                                0.2
                            ],
                            "pivot": [
                                0,
                                24,
                                7
                            ],
                            "rotation": [
                                0,
                                0,
                                90
                            ],
                            "uv": {
                                "north": {
                                    "uv": [
                                        16,
                                        0
                                    ],
                                    "uv_size": [
                                        1,
                                        10
                                    ]
                                },
                                "east": {
                                    "uv": [
                                        16,
                                        10
                                    ],
                                    "uv_size": [
                                        1,
                                        10
                                    ]
                                },
                                "south": {
                                    "uv": [
                                        17,
                                        0
                                    ],
                                    "uv_size": [
                                        1,
                                        10
                                    ]
                                },
                                "west": {
                                    "uv": [
                                        17,
                                        10
                                    ],
                                    "uv_size": [
                                        1,
                                        10
                                    ]
                                },
                                "up": {
                                    "uv": [
                                        26,
                                        26
                                    ],
                                    "uv_size": [
                                        1,
                                        1
                                    ]
                                },
                                "down": {
                                    "uv": [
                                        27,
                                        1
                                    ],
                                    "uv_size": [
                                        1,
                                        -1
                                    ]
                                }
                            }
                        },
                        {
                            "origin": [
                                -7.5,
                                19,
                                5
                            ],
                            "size": [
                                0.2,
                                10,
                                0.2
                            ],
                            "pivot": [
                                0,
                                24,
                                7
                            ],
                            "rotation": [
                                0,
                                0,
                                90
                            ],
                            "uv": {
                                "north": {
                                    "uv": [
                                        18,
                                        0
                                    ],
                                    "uv_size": [
                                        1,
                                        10
                                    ]
                                },
                                "east": {
                                    "uv": [
                                        18,
                                        10
                                    ],
                                    "uv_size": [
                                        1,
                                        10
                                    ]
                                },
                                "south": {
                                    "uv": [
                                        19,
                                        0
                                    ],
                                    "uv_size": [
                                        1,
                                        10
                                    ]
                                },
                                "west": {
                                    "uv": [
                                        19,
                                        10
                                    ],
                                    "uv_size": [
                                        1,
                                        10
                                    ]
                                },
                                "up": {
                                    "uv": [
                                        27,
                                        1
                                    ],
                                    "uv_size": [
                                        1,
                                        1
                                    ]
                                },
                                "down": {
                                    "uv": [
                                        27,
                                        3
                                    ],
                                    "uv_size": [
                                        1,
                                        -1
                                    ]
                                }
                            }
                        },
                        {
                            "origin": [
                                -7.5,
                                19,
                                -5
                            ],
                            "size": [
                                0.2,
                                10,
                                0.2
                            ],
                            "pivot": [
                                0,
                                24,
                                7
                            ],
                            "rotation": [
                                0,
                                0,
                                90
                            ],
                            "uv": {
                                "north": {
                                    "uv": [
                                        20,
                                        0
                                    ],
                                    "uv_size": [
                                        1,
                                        10
                                    ]
                                },
                                "east": {
                                    "uv": [
                                        20,
                                        10
                                    ],
                                    "uv_size": [
                                        1,
                                        10
                                    ]
                                },
                                "south": {
                                    "uv": [
                                        16,
                                        20
                                    ],
                                    "uv_size": [
                                        1,
                                        10
                                    ]
                                },
                                "west": {
                                    "uv": [
                                        17,
                                        20
                                    ],
                                    "uv_size": [
                                        1,
                                        10
                                    ]
                                },
                                "up": {
                                    "uv": [
                                        27,
                                        3
                                    ],
                                    "uv_size": [
                                        1,
                                        1
                                    ]
                                },
                                "down": {
                                    "uv": [
                                        27,
                                        5
                                    ],
                                    "uv_size": [
                                        1,
                                        -1
                                    ]
                                }
                            }
                        },
                        {
                            "origin": [
                                23.8,
                                19,
                                -5
                            ],
                            "size": [
                                0.2,
                                10,
                                0.2
                            ],
                            "pivot": [
                                0,
                                24,
                                7
                            ],
                            "rotation": [
                                0,
                                0,
                                90
                            ],
                            "uv": {
                                "north": {
                                    "uv": [
                                        18,
                                        20
                                    ],
                                    "uv_size": [
                                        1,
                                        10
                                    ]
                                },
                                "east": {
                                    "uv": [
                                        19,
                                        20
                                    ],
                                    "uv_size": [
                                        1,
                                        10
                                    ]
                                },
                                "south": {
                                    "uv": [
                                        20,
                                        20
                                    ],
                                    "uv_size": [
                                        1,
                                        10
                                    ]
                                },
                                "west": {
                                    "uv": [
                                        21,
                                        0
                                    ],
                                    "uv_size": [
                                        1,
                                        10
                                    ]
                                },
                                "up": {
                                    "uv": [
                                        27,
                                        5
                                    ],
                                    "uv_size": [
                                        1,
                                        1
                                    ]
                                },
                                "down": {
                                    "uv": [
                                        27,
                                        7
                                    ],
                                    "uv_size": [
                                        1,
                                        -1
                                    ]
                                }
                            }
                        },
                        {
                            "origin": [
                                23.8,
                                26,
                                2
                            ],
                            "size": [
                                0.2,
                                10,
                                0.2
                            ],
                            "pivot": [
                                0,
                                24,
                                7
                            ],
                            "rotation": [
                                90,
                                0,
                                90
                            ],
                            "uv": {
                                "north": {
                                    "uv": [
                                        21,
                                        10
                                    ],
                                    "uv_size": [
                                        1,
                                        10
                                    ]
                                },
                                "east": {
                                    "uv": [
                                        21,
                                        20
                                    ],
                                    "uv_size": [
                                        1,
                                        10
                                    ]
                                },
                                "south": {
                                    "uv": [
                                        22,
                                        0
                                    ],
                                    "uv_size": [
                                        1,
                                        10
                                    ]
                                },
                                "west": {
                                    "uv": [
                                        22,
                                        10
                                    ],
                                    "uv_size": [
                                        1,
                                        10
                                    ]
                                },
                                "up": {
                                    "uv": [
                                        27,
                                        7
                                    ],
                                    "uv_size": [
                                        1,
                                        1
                                    ]
                                },
                                "down": {
                                    "uv": [
                                        27,
                                        9
                                    ],
                                    "uv_size": [
                                        1,
                                        -1
                                    ]
                                }
                            }
                        },
                        {
                            "origin": [
                                23.8,
                                26,
                                11.8
                            ],
                            "size": [
                                0.2,
                                10,
                                0.2
                            ],
                            "pivot": [
                                0,
                                24,
                                7
                            ],
                            "rotation": [
                                90,
                                0,
                                90
                            ],
                            "uv": {
                                "north": {
                                    "uv": [
                                        22,
                                        20
                                    ],
                                    "uv_size": [
                                        1,
                                        10
                                    ]
                                },
                                "east": {
                                    "uv": [
                                        23,
                                        0
                                    ],
                                    "uv_size": [
                                        1,
                                        10
                                    ]
                                },
                                "south": {
                                    "uv": [
                                        23,
                                        10
                                    ],
                                    "uv_size": [
                                        1,
                                        10
                                    ]
                                },
                                "west": {
                                    "uv": [
                                        23,
                                        20
                                    ],
                                    "uv_size": [
                                        1,
                                        10
                                    ]
                                },
                                "up": {
                                    "uv": [
                                        27,
                                        9
                                    ],
                                    "uv_size": [
                                        1,
                                        1
                                    ]
                                },
                                "down": {
                                    "uv": [
                                        27,
                                        11
                                    ],
                                    "uv_size": [
                                        1,
                                        -1
                                    ]
                                }
                            }
                        },
                        {
                            "origin": [
                                -7.5,
                                26,
                                11.8
                            ],
                            "size": [
                                0.2,
                                10,
                                0.2
                            ],
                            "pivot": [
                                0,
                                24,
                                7
                            ],
                            "rotation": [
                                90,
                                0,
                                90
                            ],
                            "uv": {
                                "north": {
                                    "uv": [
                                        24,
                                        0
                                    ],
                                    "uv_size": [
                                        1,
                                        10
                                    ]
                                },
                                "east": {
                                    "uv": [
                                        24,
                                        10
                                    ],
                                    "uv_size": [
                                        1,
                                        10
                                    ]
                                },
                                "south": {
                                    "uv": [
                                        24,
                                        20
                                    ],
                                    "uv_size": [
                                        1,
                                        10
                                    ]
                                },
                                "west": {
                                    "uv": [
                                        25,
                                        0
                                    ],
                                    "uv_size": [
                                        1,
                                        10
                                    ]
                                },
                                "up": {
                                    "uv": [
                                        27,
                                        11
                                    ],
                                    "uv_size": [
                                        1,
                                        1
                                    ]
                                },
                                "down": {
                                    "uv": [
                                        27,
                                        13
                                    ],
                                    "uv_size": [
                                        1,
                                        -1
                                    ]
                                }
                            }
                        },
                        {
                            "origin": [
                                -7.5,
                                26,
                                2
                            ],
                            "size": [
                                0.2,
                                10,
                                0.2
                            ],
                            "pivot": [
                                0,
                                24,
                                7
                            ],
                            "rotation": [
                                90,
                                0,
                                90
                            ],
                            "uv": {
                                "north": {
                                    "uv": [
                                        25,
                                        10
                                    ],
                                    "uv_size": [
                                        1,
                                        10
                                    ]
                                },
                                "east": {
                                    "uv": [
                                        25,
                                        20
                                    ],
                                    "uv_size": [
                                        1,
                                        10
                                    ]
                                },
                                "south": {
                                    "uv": [
                                        26,
                                        0
                                    ],
                                    "uv_size": [
                                        1,
                                        10
                                    ]
                                },
                                "west": {
                                    "uv": [
                                        26,
                                        10
                                    ],
                                    "uv_size": [
                                        1,
                                        10
                                    ]
                                },
                                "up": {
                                    "uv": [
                                        27,
                                        13
                                    ],
                                    "uv_size": [
                                        1,
                                        1
                                    ]
                                },
                                "down": {
                                    "uv": [
                                        27,
                                        15
                                    ],
                                    "uv_size": [
                                        1,
                                        -1
                                    ]
                                }
                            }
                        },
                        {
                            "origin": [
                                4.8,
                                0,
                                -5
                            ],
                            "size": [
                                0.2,
                                31.5,
                                0.2
                            ],
                            "uv": {
                                "north": {
                                    "uv": [
                                        12,
                                        0
                                    ],
                                    "uv_size": [
                                        1,
                                        32
                                    ]
                                },
                                "east": {
                                    "uv": [
                                        13,
                                        0
                                    ],
                                    "uv_size": [
                                        1,
                                        32
                                    ]
                                },
                                "south": {
                                    "uv": [
                                        14,
                                        0
                                    ],
                                    "uv_size": [
                                        1,
                                        32
                                    ]
                                },
                                "west": {
                                    "uv": [
                                        15,
                                        0
                                    ],
                                    "uv_size": [
                                        1,
                                        32
                                    ]
                                },
                                "up": {
                                    "uv": [
                                        27,
                                        15
                                    ],
                                    "uv_size": [
                                        1,
                                        1
                                    ]
                                },
                                "down": {
                                    "uv": [
                                        27,
                                        17
                                    ],
                                    "uv_size": [
                                        1,
                                        -1
                                    ]
                                }
                            }
                        }
                    ]
                }
            ]
        }
    ]
}