{
    "namespace": "light_mods_panel",
    "light_mods_panel@pl.vsp": {
        "size": [
            "100%",
            "100%"
        ],
        "controls": [
            {
                "hud_content@light_mods_panel.light_hud_content": {}
            }
        ]
    },
    "light_hud_content@config.mod_menu_config": {
        "type": "panel",
        "size": [
            "100%",
            "fill"
        ],
        "bindings": [
            {
                "binding_name": "#hud_visible",
                "binding_name_override": "#visible",
                "binding_type": "global"
            }
        ],
        "controls": [
            {
                "crosshairs@light_crosshair.crosshair_panel": {}
            },
            {
                "force_coords@light_mods_panel.light_forcecoords": {}
            },
            {
                "low_durability_ping@light_mods_panel.light_lowdurability": {}
            },
            {
                "light_controller_keystrokes@light_mods_panel.light_controller_keystrokes": {}
            },
            {
                "xp_level_percentages@light_mods_panel.xp_level_percentages": {}
            },
            {
                "saturation_panel@light_mods_panel.saturation_panel": {}
            },
            {
                "light_counters@light_mods_panel.item_counters": {}
            },
            {
                "light_directionhud@light_mods_panel.light_directionhud": {}
            },
            {
                "timer_hud@light_mods_panel.light_timerhud": {}
            },
            {
                "status_hud@light_mods_panel.light_statushud": {}
            },
            {
                "light_amorhud@light_mods_panel.light_armorhud": {}
            },
            {
                "inventory_hud_panel@light_mods_panel.light_inventoryhud": {}
            },
            {
                "light_serverdisplay@light_mods_panel.light_serverdisplay": {}
            },
            {
                "light_debughud@light_mods_panel.light_debughud": {}
            },
            {
                "light_tab_list@light_mods_panel.light_playerlist": {}
            },
            {
                "light_daycounter@light_mods_panel.light_daycounter": {}
            },
            {
                "light_fpscounter@light_mods_panel.light_fpscounter": {}
            },
            {
                "light_offhandhud@light_mods_panel.light_offhandhud": {}
            },
            {
                "light_speedometer@light_mods_panel.light_speedometer": {}
            },
            {
                "light_hotbar_numbers@light_mods_panel.light_hotbar_numbers": {}
            },
            {
                "light_scoreboard@light_mods_panel.light_scoreboard": {}
            },
            {
                "light_indicator@light_mods_panel.light_indicator": {}
            },
            {
                "clock_and_compass@light_mods_panel.clock_and_compass": {}
            },
            {
                "bottom_chat_panel": {
                    "type": "panel",
                    "size": [
                        "100%",
                        "100%c"
                    ],
                    "anchor_from": "bottom_left",
                    "anchor_to": "bottom_left",
                    "offset": [
                        0,
                        -50
                    ],
                    "bindings": [
                        {
                            "binding_type": "view",
                            "source_control_name": "light_bottomchat_toggle",
                            "source_property_name": "#toggle_state",
                            "target_property_name": "#visible"
                        }
                    ],
                    "controls": [
                        {
                            "light_chat_panel@light_mods_panel.light_bottom_chat_panel": {
                                "bindings": [
                                    {
                                        "binding_type": "view",
                                        "source_control_name": "light_chat_toggle",
                                        "source_property_name": "#toggle_state",
                                        "target_property_name": "#visible"
                                    }
                                ]
                            }
                        }
                    ]
                }
            },
            {
                "top_chat_panel": {
                    "type": "panel",
                    "size": [
                        "100%",
                        "100%c"
                    ],
                    "bindings": [
                        {
                            "binding_type": "view",
                            "source_control_name": "light_topchat_toggle",
                            "source_property_name": "#toggle_state",
                            "target_property_name": "#visible"
                        }
                    ],
                    "controls": [
                        {
                            "light_chat_panel@light_mods_panel.light_chat_panel": {
                                "bindings": [
                                    {
                                        "binding_type": "view",
                                        "source_control_name": "light_chat_toggle",
                                        "source_property_name": "#toggle_state",
                                        "target_property_name": "#visible"
                                    }
                                ]
                            }
                        }
                    ]
                }
            }
        ]
    }
}