{"format_version":"1.8.0","animations":{"animation.player.light_mods":{"loop":true,"bones":{"potcounter":{"position":[0,"(q.is_swimming ? -21.5 : 0.0) + 3750",0]},"fpscounter":{"position":[0,150,0],"scale":1.5},"daycounter":{"position":[0,"(q.is_swimming ? -21.5 : 0.0) + 2183",0]},"timerhud":{"position":[0,"(q.is_swimming ? -21.5 : 0.0) + 1500",0]},"offhand":{"position":[0,"(query.is_swimming ? -17.1275 : 0.0) + 800",0],"scale":0.87},"speedometer":{"position":[0,"(q.is_swimming ? -21.5 : 0.0) + -150",0]},"direction_hud":{"position":[0,-450,0],"scale":5.5},"armor_hud":{"position":[0,"(q.is_swimming ? -20 : 0.0) + 200",0],"scale":1},"status":{"position":[0,"(q.is_swimming ? -20 : 0.0) + 3215",0],"scale":1.2}}}}}