{
    "namespace": "light_mod_menu",
    "light_mod_menu@config.config": {
        "controls": [
            {
                "@mod_menu_button": {}
            },
            {
                "@mod_menu": {}
            }
        ],
        "type": "panel"
    },
    "mod_menu_button@common_toggles.mod_menu_button": {
        "$button_text": "",
        "$toggle_view_binding_name": "mod_menu_toggle",
        "anchor_from": "bottom_left",
        "anchor_to": "bottom_left",
        "$toggle_group_forced_index": 1,
        "$default_texture": "",
        "$hover_texture": "",
        "$pressed_texture": "",
        "$pressed_no_hover_texture": "",
        "$locked_texture": "",
        "size": [
            32,
            18
        ]
    },
    "mod_menu": {
        "type": "panel",
        "size": [
            "61%",
            "71%"
        ],
        "layer": 900000,
        "anchor_from": "center",
        "anchor_to": "center",
        "bindings": [
            {
                "binding_type": "view",
                "source_control_name": "mod_menu_toggle",
                "source_property_name": "#toggle_state",
                "target_property_name": "#visible"
            }
        ],
        "controls": [
            {
                "background": {
                    "type": "image",
                    "texture": "textures/ui/hud_tip_text_background",
                    "size": [
                        "19%",
                        "75%"
                    ],
                    "alpha": 0.31,
                    "layer": -1,
                    "offset": [
                        "-46%",
                        "0%"
                    ],
                    "anchor_from": "center",
                    "anchor_to": "center",
                    "controls": [
                        {
                            "background2": {
                                "type": "image",
                                "texture": "textures/ui/hud_tip_text_background",
                                "size": [
                                    "100% - 10px",
                                    "100% - 25px"
                                ],
                                "offset": [
                                    "0%",
                                    "5%"
                                ],
                                "alpha": 0.65,
                                "anchor_from": "center",
                                "anchor_to": "center",
                                "controls": [
                                    {
                                        "@select_scroll": {}
                                    }
                                ]
                            }
                        }
                    ]
                }
            },
            {
                "background": {
                    "type": "image",
                    "texture": "textures/ui/hud_tip_text_background",
                    "size": [
                        "70%",
                        "75%"
                    ],
                    "alpha": 0.31,
                    "layer": -1,
                    "anchor_from": "center",
                    "anchor_to": "center",
                    "controls": [
                        {
                            "background2": {
                                "type": "image",
                                "texture": "textures/ui/hud_tip_text_background",
                                "size": [
                                    "100% - 10px",
                                    "100% - 25px"
                                ],
                                "offset": [
                                    "0%",
                                    "5%"
                                ],
                                "alpha": 0.65,
                                "anchor_from": "center",
                                "anchor_to": "center",
                                "controls": [
                                    {
                                        "@mod_menu_content": {}
                                    }
                                ]
                            }
                        }
                    ]
                }
            }
        ]
    },
    "mod_menu_content": {
        "type": "stack_panel",
        "size": [
            "100%",
            "100%"
        ],
        "controls": [
            {
                "content": {
                    "type": "panel",
                    "size": [
                        "100%",
                        "fill"
                    ],
                    "controls": [
                        {
                            "@mods_tab": {}
                        },
                        {
                            "@mods_tab2": {}
                        },
                        {
                            "@headings": {}
                        },
                        {
                            "@elements_tab": {}
                        },
                        {
                            "@light_crosshair.crosshair_panel": {}
                        },
                        {
                            "@light_info.light_info_panel": {}
                        }
                    ]
                }
            }
        ]
    },
    "mods_tab": {
        "type": "panel",
        "orientation": "vertical",
        "size": [
            "100%",
            "100%c"
        ],
        "offset": [
            "-25%",
            "-27%"
        ],
        "bindings": [
            {
                "binding_type": "view",
                "source_control_name": "mods_tab",
                "source_property_name": "#toggle_state",
                "target_property_name": "#visible"
            }
        ],
        "controls": [
            {
                "armorhud@common_toggles.mod_toggles": {
                    "$button_icon": ".light/textures/icons/armorhud",
                    "$button_text": "ArmorHUD",
                    "$toggle_name": "undefined",
                    "$toggle_tags": "$armor_hud",
                    "$toggle_view_binding_name": "armor_hud",
                    "size": [
                        120,
                        20
                    ]
                }
            },
            {
                "debughud@common_toggles.mod_toggles": {
                    "$button_icon": ".light/textures/icons/debughud",
                    "$button_text": "DebugHUD",
                    "$toggle_name": "undefined",
                    "$toggle_tags": "$debug_hud",
                    "$toggle_view_binding_name": "debug_hud",
                    "offset": [
                        0,
                        20
                    ],
                    "size": [
                        120,
                        20
                    ]
                }
            },
            {
                "statushud@common_toggles.mod_toggles": {
                    "$button_icon": ".light/textures/icons/statushud",
                    "$button_text": "StatusHUD",
                    "$toggle_name": "undefined",
                    "$toggle_tags": "$status_hud",
                    "$toggle_view_binding_name": "status_hud",
                    "offset": [
                        0,
                        "20%"
                    ],
                    "size": [
                        120,
                        20
                    ]
                }
            },
            {
                "directionhud@common_toggles.mod_toggles": {
                    "$button_icon": ".light/textures/icons/directionhud",
                    "$button_text": "DirectionHUD",
                    "$toggle_name": "undefined",
                    "$toggle_tags": "$direction_hud",
                    "$toggle_view_binding_name": "direction_hud",
                    "offset": [
                        0,
                        "30%"
                    ],
                    "size": [
                        120,
                        20
                    ]
                }
            },
            {
                "speedometer@common_toggles.mod_toggles": {
                    "$button_icon": ".light/textures/icons/speedometer",
                    "$button_text": "Speedometer",
                    "$toggle_name": "undefined",
                    "$toggle_tags": "$speed_meter",
                    "$toggle_view_binding_name": "speed_meter",
                    "offset": [
                        0,
                        "40%"
                    ],
                    "size": [
                        120,
                        20
                    ]
                }
            },
            {
                "mainhand@common_toggles.mod_toggles": {
                    "$button_icon": ".light/textures/icons/mainhand",
                    "$button_text": "MainhandSlot",
                    "$toggle_name": "undefined",
                    "$toggle_tags": "$mainhand_slot",
                    "$toggle_view_binding_name": "mainhand_slot",
                    "size": [
                        120,
                        20
                    ],
                    "offset": [
                        121,
                        0
                    ]
                }
            },
            {
                "offhand_hud@common_toggles.mod_toggles": {
                    "$button_icon": ".light/textures/icons/offhand",
                    "$button_text": "OffhandHUD",
                    "$toggle_name": "undefined",
                    "$toggle_tags": "$offhand_hud",
                    "$toggle_view_binding_name": "offhand_hud_slot",
                    "offset": [
                        121,
                        20
                    ],
                    "size": [
                        120,
                        20
                    ]
                }
            },
            {
                "clock_compass@common_toggles.mod_toggles": {
                    "$button_icon": ".light/textures/icons/clock_compass",
                    "$button_text": "ToolsHUD",
                    "$toggle_name": "undefined",
                    "$toggle_tags": "$clock_compass",
                    "$toggle_view_binding_name": "clock_compass1",
                    "offset": [
                        121,
                        "20%"
                    ],
                    "size": [
                        120,
                        20
                    ]
                }
            },
            {
                "mob_indicator@common_toggles.mod_toggles": {
                    "$button_icon": ".light/textures/icons/Indicator",
                    "$button_text": "MobIndicator",
                    "$toggle_name": "undefined",
                    "$toggle_tags": "$mob_indicator",
                    "$toggle_view_binding_name": "mob_indicator1",
                    "offset": [
                        121,
                        "30%"
                    ],
                    "size": [
                        120,
                        20
                    ]
                }
            },
            {
                "world_name@common_toggles.mod_toggles": {
                    "$button_icon": ".light/textures/icons/world",
                    "$button_text": "WorldName",
                    "$toggle_name": "undefined",
                    "$toggle_tags": "$world_name",
                    "$toggle_view_binding_name": "world_name1",
                    "offset": [
                        121,
                        "40%"
                    ],
                    "size": [
                        120,
                        20
                    ]
                }
            }
        ]
    },
    "mods_tab2": {
        "type": "panel",
        "orientation": "vertical",
        "size": [
            "100%",
            "100%c"
        ],
        "offset": [
            "-25%",
            "-27%"
        ],
        "bindings": [
            {
                "binding_type": "view",
                "source_control_name": "mods_tab2",
                "source_property_name": "#toggle_state",
                "target_property_name": "#visible"
            }
        ],
        "controls": [
            {
                "Hotbarnr@common_toggles.mod_toggles": {
                    "$button_icon": ".light/textures/icons/hotbarnr",
                    "$button_text": "Hotbar Numbers",
                    "$toggle_name": "undefined",
                    "$toggle_tags": "$hotbar_numbers",
                    "$toggle_view_binding_name": "hotbar_numbers",
                    "size": [
                        120,
                        20
                    ]
                }
            }
        ]
    },
    "elements_tab": {
        "type": "panel",
        "orientation": "vertical",
        "size": [
            "100%",
            "100%c"
        ],
        "offset": [
            "-23%",
            "-25%"
        ],
        "bindings": [
            {
                "binding_type": "view",
                "source_control_name": "elements_tab",
                "source_property_name": "#toggle_state",
                "target_property_name": "#visible"
            }
        ],
        "controls": [
            {
                "effect@light_checkmark.light_checkmark": {
                    "$button_text": "Hide Effect Icons",
                    "$toggle_name": "undefined",
                    "$toggle_tags": "$effect_icons",
                    "$toggle_view_binding_name": "effect_icons",
                    "size": [
                        120,
                        20
                    ]
                }
            },
            {
                "item_text@light_checkmark.light_checkmark": {
                    "$button_text": "Hide Item Text",
                    "$toggle_name": "undefined",
                    "$toggle_tags": "$item_text",
                    "$toggle_view_binding_name": "item_text_enabled",
                    "size": [
                        120,
                        20
                    ],
                    "offset": [
                        0,
                        "10%"
                    ]
                }
            },
            {
                "vignette@light_checkmark.light_checkmark": {
                    "$button_text": "Hide Vignette",
                    "$toggle_name": "undefined",
                    "$toggle_tags": "$vignette",
                    "$toggle_view_binding_name": "vig_nette",
                    "size": [
                        120,
                        20
                    ],
                    "offset": [
                        0,
                        "20%"
                    ]
                }
            },
            {
                "boss_name@light_checkmark.light_checkmark": {
                    "$button_text": "Hide Boss Name",
                    "$toggle_name": "undefined",
                    "$toggle_tags": "$boss_name",
                    "$toggle_view_binding_name": "boss_bar_text",
                    "size": [
                        120,
                        20
                    ],
                    "offset": [
                        0,
                        "30%"
                    ]
                }
            },
            {
                "boss_bar@light_checkmark.light_checkmark": {
                    "$button_text": "Hide Boss Health",
                    "$toggle_name": "undefined",
                    "$toggle_tags": "$boss_health_bar",
                    "$toggle_view_binding_name": "boss_bar_health",
                    "size": [
                        120,
                        20
                    ],
                    "offset": [
                        0,
                        "40%"
                    ]
                }
            },
            {
                "scoreboard@light_checkmark.light_checkmark": {
                    "$button_text": "Hide Scoreboard",
                    "$toggle_name": "undefined",
                    "$toggle_tags": "$scoreboard",
                    "$toggle_view_binding_name": "hide_scoreboard",
                    "offset": [
                        121,
                        0
                    ],
                    "size": [
                        120,
                        20
                    ]
                }
            },
            {
                "Safe_Zone@light_checkmark.light_checkmark": {
                    "$button_text": "Show Safe Zone",
                    "$toggle_name": "undefined",
                    "$toggle_tags": "$safe_zone",
                    "$toggle_view_binding_name": "safe_zone",
                    "size": [
                        120,
                        20
                    ],
                    "offset": [
                        121,
                        20
                    ]
                }
            }
        ]
    },
    "headings": {
        "type": "panel",
        "anchor_from": "top_middle",
        "anchor_to": "top_midldle",
        "offset": [
            "0%",
            "5%"
        ],
        "controls": [
            {
                "text_1": {
                    "layer": 6,
                    "text": "General Mods 1/2",
                    "font_type": "MinecraftTen",
                    "type": "label",
                    "bindings": [
                        {
                            "binding_type": "view",
                            "source_control_name": "mods_tab",
                            "source_property_name": "#toggle_state",
                            "target_property_name": "#visible"
                        }
                    ],
                    "controls": [
                        {
                            "1@common_toggles.toggle_section": {
                                "$radio_toggle_group": true,
                                "$button_text": ">",
                                "$toggle_group_forced_index": 9,
                                "$toggle_view_binding_name": "mods_tab2",
                                "layer": 8,
                                "offset": [
                                    53,
                                    2
                                ],
                                "size": [
                                    16,
                                    16
                                ]
                            }
                        }
                    ]
                }
            },
            {
                "text_2": {
                    "layer": 6,
                    "text": "Elements",
                    "font_type": "MinecraftTen",
                    "type": "label",
                    "bindings": [
                        {
                            "binding_type": "view",
                            "source_control_name": "elements_tab",
                            "source_property_name": "#toggle_state",
                            "target_property_name": "#visible"
                        }
                    ]
                }
            },
            {
                "text_3": {
                    "layer": 6,
                    "type": "label",
                    "text": "Crosshairs",
                    "font_type": "MinecraftTen",
                    "bindings": [
                        {
                            "binding_type": "view",
                            "source_control_name": "crosshair_tab",
                            "source_property_name": "#toggle_state",
                            "target_property_name": "#visible"
                        }
                    ]
                }
            },
            {
                "text_4": {
                    "layer": 6,
                    "type": "label",
                    "text": "Information",
                    "font_type": "MinecraftTen",
                    "bindings": [
                        {
                            "binding_type": "view",
                            "source_control_name": "info_tab",
                            "source_property_name": "#toggle_state",
                            "target_property_name": "#visible"
                        }
                    ]
                }
            },
            {
                "text_5": {
                    "layer": 6,
                    "type": "label",
                    "font_type": "MinecraftTen",
                    "text": "General Mods 2/2",
                    "bindings": [
                        {
                            "binding_type": "view",
                            "source_control_name": "mods_tab2",
                            "source_property_name": "#toggle_state",
                            "target_property_name": "#visible"
                        }
                    ]
                }
            }
        ]
    },
    "select_panel": {
        "type": "stack_panel",
        "controls": [
            {
                "general@common_toggles.toggle_section": {
                    "$button_text": "General",
                    "$button_icon": ".light/textures/icons/mod_menu/utilities",
                    "$toggle_group_forced_index": 0,
                    "$toggle_view_binding_name": "mods_tab",
                    "layer": 40,
                    "size": [
                        58,
                        25
                    ]
                }
            },
            {
                "elements@common_toggles.toggle_section": {
                    "$button_text": "Elements",
                    "$button_icon": ".light/textures/icons/mod_menu/elements",
                    "$toggle_group_forced_index": 3,
                    "$toggle_view_binding_name": "elements_tab",
                    "layer": 40,
                    "size": [
                        58,
                        25
                    ]
                }
            },
            {
                "crosshair@common_toggles.toggle_section": {
                    "$button_text": "Crosshair",
                    "$button_icon": ".light/textures/icons/mod_menu/crosshair",
                    "$toggle_group_forced_index": 7,
                    "$toggle_view_binding_name": "crosshair_tab",
                    "layer": 40,
                    "size": [
                        58,
                        25
                    ]
                }
            },
            {
                "info@common_toggles.toggle_section": {
                    "$button_text": "Info",
                    "$button_icon": ".light/textures/icons/mod_menu/info",
                    "$toggle_group_forced_index": 9,
                    "$toggle_view_binding_name": "info_tab",
                    "layer": 40,
                    "size": [
                        58,
                        25
                    ]
                }
            }
        ]
    },
    "select_scroll@common.scrolling_panel": {
        "$scrolling_content": "light_mod_menu.select_panel",
        "$show_background": false
    }
}