{"format_version":"1.10.0","render_controllers":{"controller.render.daycounter_tens":{"geometry":"geometry.daycounter_tens","materials":[{"*":"material.render_method"}],"textures":["Texture.blank","array.light1[math.floor(q.day/10)]","array.light2[math.floor(q.day)]"],"filter_lighting":true,"ignore_lighting":true,"light_color_multiplier":1.25,"arrays":{"textures":{"array.light1":["Texture.light1_num0","Texture.light1_num1","Texture.light1_num2","Texture.light1_num3","Texture.light1_num4","Texture.light1_num5","Texture.light1_num6","Texture.light1_num7","Texture.light1_num8","Texture.light1_num9"],"array.light2":["Texture.light2_num0","Texture.light2_num1","Texture.light2_num2","Texture.light2_num3","Texture.light2_num4","Texture.light2_num5","Texture.light2_num6","Texture.light2_num7","Texture.light2_num8","Texture.light2_num9"]}},"is_hurt_color":{},"on_fire_color":{}},"controller.render.daycounter_hundreds":{"geometry":"geometry.daycounter_hundreds","materials":[{"*":"material.render_method"}],"textures":["Texture.blank","array.light1[math.floor(q.day/1000)]","array.light2[math.floor(q.day/100)]"],"filter_lighting":true,"ignore_lighting":true,"light_color_multiplier":1.25,"arrays":{"textures":{"array.light1":["Texture.light1_num0","Texture.light1_num1","Texture.light1_num2","Texture.light1_num3","Texture.light1_num4","Texture.light1_num5","Texture.light1_num6","Texture.light1_num7","Texture.light1_num8","Texture.light1_num9"],"array.light2":["Texture.light2_num0","Texture.light2_num1","Texture.light2_num2","Texture.light2_num3","Texture.light2_num4","Texture.light2_num5","Texture.light2_num6","Texture.light2_num7","Texture.light2_num8","Texture.light2_num9"]}},"is_hurt_color":{},"on_fire_color":{}},"controller.render.daycounter_thousends":{"geometry":"geometry.daycounter_thousends","materials":[{"*":"material.render_method"}],"textures":["Texture.blank","array.light1[math.floor(q.day/100000)]","array.light2[math.floor(q.day/10000)]"],"filter_lighting":true,"ignore_lighting":true,"light_color_multiplier":1.25,"arrays":{"textures":{"array.light1":["Texture.light1_num0","Texture.light1_num1","Texture.light1_num2","Texture.light1_num3","Texture.light1_num4","Texture.light1_num5","Texture.light1_num6","Texture.light1_num7","Texture.light1_num8","Texture.light1_num9"],"array.light2":["Texture.light2_num0","Texture.light2_num1","Texture.light2_num2","Texture.light2_num3","Texture.light2_num4","Texture.light2_num5","Texture.light2_num6","Texture.light2_num7","Texture.light2_num8","Texture.light2_num9"]}},"is_hurt_color":{},"on_fire_color":{}}}}