{"format_version":"1.10.0","render_controllers":{"controller.render.fpscounter":{"geometry":"geometry.fpscounter","materials":[{"*":"material.render_method"}],"textures":["array.light1[(variable.fps/10)]","array.light2[(variable.fps)]","array.light3[(variable.fps*10)]"],"filter_lighting":true,"ignore_lighting":true,"light_color_multiplier":1.25,"arrays":{"textures":{"array.light1":["Texture.light1_num0","Texture.light1_num1","Texture.light1_num2","Texture.light1_num3","Texture.light1_num4","Texture.light1_num5","Texture.light1_num6","Texture.light1_num7","Texture.light1_num8","Texture.light1_num9"],"array.light2":["Texture.light2_num0","Texture.light2_num1","Texture.light2_num2","Texture.light2_num3","Texture.light2_num4","Texture.light2_num5","Texture.light2_num6","Texture.light2_num7","Texture.light2_num8","Texture.light2_num9"],"array.light3":["Texture.light3_num0","Texture.light3_num1","Texture.light3_num2","Texture.light3_num3","Texture.light3_num4","Texture.light3_num5","Texture.light3_num6","Texture.light3_num7","Texture.light3_num8","Texture.light3_num9"]}},"is_hurt_color":{},"on_fire_color":{}}}}