{"format_version":"1.8.0","render_controllers":{"controller.render.potcounter":{"geometry":"Geometry.potcounter","materials":[{"*":"Material.render_method"}],"textures":["Texture.blank","array.light1[variable.potcounter/10]","array.light2[variable.potcounter]"],"overlay_color":{"r":"variable.potcounter = query.is_item_name_any('slot.hotbar', 0, 'minecraft:splash_potion', 'minecraft:potion', 'minecraft:lingering_potion') + query.is_item_name_any('slot.hotbar', 1, 'minecraft:splash_potion', 'minecraft:potion', 'minecraft:lingering_potion') + query.is_item_name_any('slot.hotbar', 2, 'minecraft:splash_potion', 'minecraft:potion', 'minecraft:lingering_potion') + query.is_item_name_any('slot.hotbar', 3, 'minecraft:splash_potion', 'minecraft:potion', 'minecraft:lingering_potion') + query.is_item_name_any('slot.hotbar', 4, 'minecraft:splash_potion', 'minecraft:potion', 'minecraft:lingering_potion') + query.is_item_name_any('slot.hotbar', 5, 'minecraft:splash_potion', 'minecraft:potion', 'minecraft:lingering_potion') + query.is_item_name_any('slot.hotbar', 6, 'minecraft:splash_potion', 'minecraft:potion', 'minecraft:lingering_potion') + query.is_item_name_any('slot.hotbar', 7, 'minecraft:splash_potion', 'minecraft:potion', 'minecraft:lingering_potion') + query.is_item_name_any('slot.hotbar', 8, 'minecraft:splash_potion', 'minecraft:potion', 'minecraft:lingering_potion') + query.is_item_name_any('slot.inventory', 0, 'minecraft:splash_potion', 'minecraft:potion', 'minecraft:lingering_potion') + query.is_item_name_any('slot.inventory', 1, 'minecraft:splash_potion', 'minecraft:potion', 'minecraft:lingering_potion') + query.is_item_name_any('slot.inventory', 2, 'minecraft:splash_potion', 'minecraft:potion', 'minecraft:lingering_potion') + query.is_item_name_any('slot.inventory', 3, 'minecraft:splash_potion', 'minecraft:potion', 'minecraft:lingering_potion') + query.is_item_name_any('slot.inventory', 4, 'minecraft:splash_potion', 'minecraft:potion', 'minecraft:lingering_potion') + query.is_item_name_any('slot.inventory', 5, 'minecraft:splash_potion', 'minecraft:potion', 'minecraft:lingering_potion') + query.is_item_name_any('slot.inventory', 6, 'minecraft:splash_potion', 'minecraft:potion', 'minecraft:lingering_potion') + query.is_item_name_any('slot.inventory', 7, 'minecraft:splash_potion', 'minecraft:potion', 'minecraft:lingering_potion') + query.is_item_name_any('slot.inventory', 8, 'minecraft:splash_potion', 'minecraft:potion', 'minecraft:lingering_potion') + query.is_item_name_any('slot.inventory', 9, 'minecraft:splash_potion', 'minecraft:potion', 'minecraft:lingering_potion') + query.is_item_name_any('slot.inventory', 10, 'minecraft:splash_potion', 'minecraft:potion', 'minecraft:lingering_potion') + query.is_item_name_any('slot.inventory', 11, 'minecraft:splash_potion', 'minecraft:potion', 'minecraft:lingering_potion') + query.is_item_name_any('slot.inventory', 12, 'minecraft:splash_potion', 'minecraft:potion', 'minecraft:lingering_potion') + query.is_item_name_any('slot.inventory', 13, 'minecraft:splash_potion', 'minecraft:potion', 'minecraft:lingering_potion') + query.is_item_name_any('slot.inventory', 14, 'minecraft:splash_potion', 'minecraft:potion', 'minecraft:lingering_potion') + query.is_item_name_any('slot.inventory', 15, 'minecraft:splash_potion', 'minecraft:potion', 'minecraft:lingering_potion') + query.is_item_name_any('slot.inventory', 16, 'minecraft:splash_potion', 'minecraft:potion', 'minecraft:lingering_potion') + query.is_item_name_any('slot.inventory', 17, 'minecraft:splash_potion', 'minecraft:potion', 'minecraft:lingering_potion') + query.is_item_name_any('slot.inventory', 18, 'minecraft:splash_potion', 'minecraft:potion', 'minecraft:lingering_potion') + query.is_item_name_any('slot.inventory', 19, 'minecraft:splash_potion', 'minecraft:potion', 'minecraft:lingering_potion') + query.is_item_name_any('slot.inventory', 20, 'minecraft:splash_potion', 'minecraft:potion', 'minecraft:lingering_potion') + query.is_item_name_any('slot.inventory', 21, 'minecraft:splash_potion', 'minecraft:potion', 'minecraft:lingering_potion') + query.is_item_name_any('slot.inventory', 22, 'minecraft:splash_potion', 'minecraft:potion', 'minecraft:lingering_potion') + query.is_item_name_any('slot.inventory', 23, 'minecraft:splash_potion', 'minecraft:potion', 'minecraft:lingering_potion') + query.is_item_name_any('slot.inventory', 24, 'minecraft:splash_potion', 'minecraft:potion', 'minecraft:lingering_potion') + query.is_item_name_any('slot.inventory', 25, 'minecraft:splash_potion', 'minecraft:potion', 'minecraft:lingering_potion') + query.is_item_name_any('slot.inventory', 26, 'minecraft:splash_potion', 'minecraft:potion', 'minecraft:lingering_potion');"},"is_hurt_color":{},"on_fire_color":{},"filter_lighting":true,"ignore_lighting":true,"light_color_multiplier":1.25,"arrays":{"textures":{"array.light1":["Texture.light1_num0","Texture.light1_num1","Texture.light1_num2","Texture.light1_num3","Texture.light1_num4","Texture.light1_num5","Texture.light1_num6","Texture.light1_num7","Texture.light1_num8","Texture.light1_num9"],"array.light2":["Texture.light2_num0","Texture.light2_num1","Texture.light2_num2","Texture.light2_num3","Texture.light2_num4","Texture.light2_num5","Texture.light2_num6","Texture.light2_num7","Texture.light2_num8","Texture.light2_num9"]}}}}}