{
    "namespace": "settings_common",
    "dynamic_dialog_screen@common.base_screen": {
        "type": "screen",
        "cache_screen": true,
        "button_mappings": [
            {
                "from_button_id": "button.menu_cancel",
                "to_button_id": "button.menu_exit",
                "mapping_type": "global"
            },
            {
                "from_button_id": "button.menu_tab_left",
                "to_button_id": "button.menu_tab_left",
                "mapping_type": "global",
                "scope": "view"
            },
            {
                "from_button_id": "button.menu_tab_right",
                "to_button_id": "button.menu_tab_right",
                "mapping_type": "global",
                "scope": "view"
            }
        ],
        "variables": [
            {
                "requires": "($is_realm_slot or $realm_no_world_edit)",
                "$screen_background_control": "realms_slots.realms_background"
            }
        ],
        "$screen_content": "settings_common.settings_content",
        "$screen_bg_content": "light_bg.light_main_bg",
        "$header_safezone_control": "common_store.store_top_bar_filler",
        "$header_bar_control": "common_store.store_top_bar",
        "$is_full_screen_layout": true
    },
    "settings_content": {
        "type": "panel",
        "size": [
            344,
            194
        ],
        "controls": [
            {
                "background": {
                    "type": "image",
                    "texture": ".light/textures/bg/base_bg",
                    "layer": 1,
                    "size": [
                        358,
                        206
                    ],
                    "alpha": 0.65,
                    "controls": [
                        {
                            "top_bar@pl.img": {
                                "anchor_from": "top_middle",
                                "anchor_to": "top_middle",
                                "size": [
                                    358,
                                    40
                                ],
                                "texture": ".light/textures/bg/secondary_bg",
                                "layer": 1,
                                "alpha": 0.65,
                                "controls": [
                                    {
                                        "logo@pl.img": {
                                            "texture": ".light/textures/logo",
                                            "layer": 3,
                                            "size": [
                                                32,
                                                32
                                            ],
                                            "anchor_from": "left_middle",
                                            "anchor_to": "left_middle",
                                            "offset": [
                                                5,
                                                0
                                            ]
                                        }
                                    },
                                    {
                                        "exit@light_image_buttons.main_button": {
                                            "$pressed_button_name": "button.menu_exit",
                                            "$button_icon": ".light/textures/icons/close",
                                            "layer": 3,
                                            "anchor_from": "right_middle",
                                            "anchor_to": "ríght_middle",
                                            "size": [
                                                24,
                                                24
                                            ],
                                            "offset": [
                                                -20,
                                                0
                                            ]
                                        }
                                    }
                                ]
                            }
                        }
                    ]
                }
            },
            {
                "stack_panel": {
                    "type": "stack_panel",
                    "size": [
                        "100%",
                        "100%"
                    ],
                    "controls": [
                        {
                            "content_panel": {
                                "type": "panel",
                                "size": [
                                    "100%",
                                    "fill"
                                ],
                                "controls": [
                                    {
                                        "container": {
                                            "type": "panel",
                                            "size": [
                                                "100%",
                                                "100%"
                                            ],
                                            "offset": [
                                                0,
                                                -9
                                            ],
                                            "controls": [
                                                {
                                                    "$dialog_content@$dialog_content": {}
                                                }
                                            ]
                                        }
                                    }
                                ]
                            }
                        }
                    ]
                }
            },
            {
                "popup_dialog_factory": {
                    "type": "factory",
                    "control_ids": {
                        "purchase_failed": "@realms_create.popup_dialog__purchase_failed",
                        "purchase_in_progress": "@realms_create.popup_dialog__purchase_in_progress",
                        "share_by_link": "@realms_allowlist.popup_dialog__share_by_link",
                        "options_modal": "@realms_allowlist.popup_dialog__options",
                        "backups_modal": "@realms_settings.popup_dialog__backups"
                    }
                }
            }
        ]
    },
    "dialog_content": {
        "type": "panel",
        "anchor_from": "top_middle",
        "anchor_to": "top_middle",
        "offset": [
            0,
            26
        ],
        "size": [
            358,
            181
        ],
        "controls": [
            {
                "selector_area@settings_common.selector_area": {}
            },
            {
                "content_area@settings_common.content_area": {}
            }
        ]
    },
    "screen_base@settings_common.dynamic_dialog_screen": {
        "$dialog_content": "settings_common.dialog_content"
    },
    "toggle_button_image_control": {
        "type": "panel",
        "layer": 2,
        "controls": [
            {
                "tab_button_image": {
                    "type": "image",
                    "anchor_from": "center",
                    "anchor_to": "center",
                    "text": "$button_icon",
                    "layer": 3,
                    "alpha": "$content_alpha"
                }
            }
        ]
    },
    "toggle_button_control": {
        "type": "panel",
        "layer": 2,
        "controls": [
            {
                "tab_button_text": {
                    "type": "label",
                    "anchor_from": "center",
                    "anchor_to": "center",
                    "font_type": "Inter-Medium",
                    "text": "$button_text",
                    "layer": 3,
                    "color": "White",
                    "alpha": "$content_alpha"
                }
            }
        ]
    },
    "section_toggle_base@common_toggles.light_ui_toggle": {
        "anchor_from": "top_left",
        "anchor_to": "top_left",
        "$border_visible": false,
        "$hover_border_visible": false,
        "$default_state_border_visible": false,
        "$hover_state_border_visible": false,
        "$pressed_state_border_visible": false,
        "$locked_state_border_visible": false,
        "$default_border_visible": false,
        "$button_type_panel": "settings_common.toggle_button_control",
        "$default_texture": ".light/textures/buttons/default",
        "$hover_texture": ".light/textures/buttons/hover",
        "$pressed_texture": ".light/textures/buttons/hover",
        "$pressed_no_hover_texture": ".light/textures/buttons/hover",
        "$locked_texture": ".light/textures/buttons/default",
        "$radio_toggle_group": true,
        "$toggle_name": "navigation_tab",
        "$toggle_group_default_selected": "$default_selector_toggle_index",
        "$toggle_tab_focus_binding_type": "global",
        "$toggle_tab_focus_binding_name": "#navigation_tab_focus_precedence",
        "$toggle_on_hover_binding_type": "global",
        "$toggle_on_hover_binding_name": "#toggle_on_hover",
        "$toggle_tts_toggle_on_text": "accessibility.state.selected",
        "$toggle_tts_toggle_off_text": "accessibility.state.unselected",
        "$toggle_tts_name": "accessibility.tab.tts.title",
        "size": [
            "100%",
            "30px"
        ],
        "$button_size_override": [
            "100%",
            "100% + 1px"
        ]
    },
    "selector_group_label@pl.lbl": {
        "size": [
            "100%",
            "default"
        ],
        "offset": [
            "50%",
            0
        ]
    },
    "action_button@light_buttons.main_button": {
        "$pressed_button_name|default": "unset_button_name",
        "$button_text|default": "unset $button_text",
        "size": [
            "100%",
            30
        ],
        "anchor_from": "center",
        "anchor_to": "center"
    },
    "option_toggle_on@settings_common.option_toggle_state_template": {
        "texture": "textures/ui/toggle_on"
    },
    "option_toggle_off@settings_common.option_toggle_state_template": {
        "texture": "textures/ui/toggle_off"
    },
    "option_toggle_on_hover@settings_common.option_toggle_state_template": {
        "texture": "textures/ui/toggle_on_hover"
    },
    "option_toggle_off_hover@settings_common.option_toggle_state_template": {
        "texture": "textures/ui/toggle_off_hover"
    },
    "options_dropdown_toggle_control@common_toggles.light_template_toggle": {
        "size": [
            "100%",
            "100%"
        ],
        "$button_type_panel|default": "settings_common.default_options_dropdown_toggle_button_state_content",
        "$unchecked_hover_control": "common_toggles.toggle_unchecked_hover_with_chevron",
        "$checked_hover_control": "common_toggles.toggle_checked_hover_with_chevron",
        "enabled": "$enabled",
        "$toggle_enabled_binding_name|default": "$option_enabled_binding_name",
        "$toggle_enabled_binding_type|default": "global",
        "$toggle_binding_type|default": "global",
        "variables": [
            {
                "requires": "(not $option_enabled_binding_name or not $enabled)",
                "$toggle_enabled_binding_name": "#not_data_bound",
                "$toggle_enabled_binding_type": "none"
            }
        ]
    },
    "options_dropdown_dark_toggle_control@common_toggles.dark_template_toggle": {
        "size": [
            "100%",
            "100%"
        ],
        "$button_type_panel|default": "settings_common.default_options_dropdown_toggle_button_state_content",
        "$unchecked_hover_control": "common_toggles.toggle_unchecked_hover_with_chevron",
        "$checked_hover_control": "common_toggles.toggle_checked_hover_with_chevron",
        "enabled": "$enabled",
        "$toggle_enabled_binding_name|default": "$option_enabled_binding_name",
        "$toggle_enabled_binding_type|default": "global",
        "$toggle_binding_type|default": "global",
        "variables": [
            {
                "requires": "(not $option_enabled_binding_name or not $enabled)",
                "$toggle_enabled_binding_name": "#not_data_bound",
                "$toggle_enabled_binding_type": "none"
            }
        ]
    }
}