{
    "namespace": "controls_section",
    "binding_button@common_buttons.light_content_button": {
        "$pressed_button_name": "button.binding_button",
        "$button_content": "controls_section.binding_button_content",
        "bindings": [
            {
                "binding_type": "collection_details",
                "binding_collection_name": "$keymapping_collection"
            }
        ]
    },
    "binding_button_content@common_buttons.button_content_panel": {
        "controls": [
            {
                "default_label@common.new_button_label": {
                    "text": "#binding_button_text",
                    "tts_override_control_value": " ",
                    "bindings": [
                        {
                            "binding_name": "#binding_button_text",
                            "binding_condition": "none",
                            "binding_type": "collection",
                            "binding_collection_name": "$keymapping_collection"
                        }
                    ]
                }
            }
        ]
    },
    "image_binding_button@common_buttons.light_content_button": {
        "$pressed_button_name": "button.binding_button",
        "$button_content": "controls_section.image_binding_button_content",
        "bindings": [
            {
                "binding_type": "collection_details",
                "binding_collection_name": "$keymapping_collection"
            }
        ]
    },
    "image_binding_button_content@common_buttons.button_content_panel": {
        "controls": [
            {
                "base_icon_image": {
                    "type": "image",
                    "size": [
                        26,
                        26
                    ],
                    "layer": 1,
                    "$gameplay_key_icon|default": "#binding_icon_sprite",
                    "bindings": [
                        {
                            "binding_name": "$gameplay_key_icon",
                            "binding_name_override": "#texture",
                            "binding_type": "collection",
                            "binding_collection_name": "$keymapping_collection"
                        }
                    ]
                }
            },
            {
                "default_label@common.new_button_label": {
                    "text": "#binding_button_text",
                    "bindings": [
                        {
                            "binding_name": "#binding_button_text",
                            "binding_type": "collection",
                            "binding_collection_name": "$keymapping_collection"
                        }
                    ]
                }
            }
        ]
    },
    "arrow_reset": {
        "type": "image",
        "layer": 2,
        "size": [
            16,
            16
        ],
        "texture": "textures/ui/undoArrow"
    },
    "reset_binding_button@common_buttons.light_glyph_button": {
        "layer": 1,
        "$button_content": "controls_section.arrow_reset",
        "$pressed_button_name": "button.reset_binding"
    },
    "keymapping_item": {
        "type": "stack_panel",
        "orientation": "horizontal",
        "layer": 1,
        "size": [
            "100%",
            35
        ],
        "controls": [
            {
                "option_info_label_control": {
                    "type": "image",
                    "texture": "textures/ui/text_label_box",
                    "size": [
                        "fill",
                        "100% - 4px"
                    ],
                    "anchor_from": "top_left",
                    "anchor_to": "top_left",
                    "controls": [
                        {
                            "keymapping_label_control": {
                                "type": "label",
                                "color": "$generic_button_text_color",
                                "size": [
                                    "100% - 4px",
                                    "default"
                                ],
                                "text_alignment": "center",
                                "layer": 1,
                                "text": "#keymapping_name",
                                "bindings": [
                                    {
                                        "binding_name": "#keymapping_name",
                                        "binding_type": "collection",
                                        "binding_collection_name": "$keymapping_collection"
                                    }
                                ]
                            }
                        }
                    ]
                }
            },
            {
                "keymapping_button_0@binding_button": {
                    "$button_tts_header": "#audible_keymapping_name",
                    "size": [
                        "40% + 1px",
                        "100% - 4px"
                    ],
                    "anchor_from": "top_left",
                    "anchor_to": "top_left",
                    "bindings": [
                        {
                            "binding_type": "collection_details",
                            "binding_collection_name": "$keymapping_collection"
                        },
                        {
                            "binding_name": "#audible_keymapping_name",
                            "binding_type": "collection",
                            "binding_collection_name": "$keymapping_collection"
                        }
                    ]
                }
            },
            {
                "keymapping_button_1@controls_section.reset_binding_button": {
                    "size": [
                        "15% + 1px",
                        "100% - 4px"
                    ],
                    "anchor_from": "top_left",
                    "anchor_to": "top_left",
                    "$pressed_button_name": "button.reset_binding",
                    "$button_tts_header": "accessibility.settings.reset",
                    "bindings": [
                        {
                            "binding_type": "collection_details",
                            "binding_collection_name": "$keymapping_collection"
                        }
                    ]
                }
            }
        ]
    },
    "keymapping_grid": {
        "type": "grid",
        "size": [
            "100%",
            "default"
        ],
        "layer": 1,
        "grid_item_template": "controls_section.keymapping_item",
        "grid_dimension_binding": "$keymapping_grid_dimension",
        "collection_name": "$keymapping_collection",
        "anchor_to": "top_right",
        "anchor_from": "top_right",
        "bindings": [
            {
                "binding_name": "$keymapping_grid_dimension"
            }
        ]
    },
    "full_keymapping_grid@controls_section.keymapping_grid": {
        "$keymapping_grid_dimension": "#keyboard_full_grid_dimension",
        "$keymapping_collection": "keyboard_full_collection"
    },
    "gamepad_mapping_item": {
        "type": "stack_panel",
        "orientation": "horizontal",
        "layer": 1,
        "size": [
            "100%",
            35
        ],
        "controls": [
            {
                "option_info_label_control": {
                    "type": "image",
                    "texture": "textures/ui/text_label_box",
                    "size": [
                        "fill",
                        "100% - 4px"
                    ],
                    "anchor_from": "top_left",
                    "anchor_to": "top_left",
                    "controls": [
                        {
                            "keymapping_label_control": {
                                "type": "label",
                                "color": "$generic_button_text_color",
                                "size": [
                                    "100% - 4px",
                                    "default"
                                ],
                                "text_alignment": "center",
                                "layer": 1,
                                "text": "#keymapping_name",
                                "bindings": [
                                    {
                                        "binding_name": "#keymapping_name",
                                        "binding_type": "collection",
                                        "binding_collection_name": "$keymapping_collection"
                                    }
                                ]
                            }
                        }
                    ]
                }
            },
            {
                "keymapping_button_0@controls_section.image_binding_button": {
                    "$button_tts_header": "#audible_keymapping_name",
                    "size": [
                        "20% + 1px",
                        "100% - 4px"
                    ],
                    "anchor_from": "top_left",
                    "anchor_to": "top_left",
                    "bindings": [
                        {
                            "binding_type": "collection_details",
                            "binding_collection_name": "$keymapping_collection"
                        },
                        {
                            "binding_name": "#audible_keymapping_name",
                            "binding_type": "collection",
                            "binding_collection_name": "$keymapping_collection"
                        }
                    ]
                }
            },
            {
                "keymapping_button_1@controls_section.reset_binding_button": {
                    "size": [
                        "15% + 1px",
                        "100% - 4px"
                    ],
                    "anchor_from": "top_left",
                    "anchor_to": "top_left",
                    "$pressed_button_name": "button.reset_binding",
                    "$button_tts_header": "accessibility.settings.reset",
                    "bindings": [
                        {
                            "binding_type": "collection_details",
                            "binding_collection_name": "$keymapping_collection"
                        }
                    ]
                }
            }
        ]
    },
    "gamepad_mapping_grid": {
        "type": "grid",
        "size": [
            "100%",
            "default"
        ],
        "layer": 1,
        "grid_item_template": "controls_section.gamepad_mapping_item",
        "grid_dimension_binding": "$keymapping_grid_dimension",
        "collection_name": "$keymapping_collection",
        "anchor_to": "top_right",
        "anchor_from": "top_right",
        "bindings": [
            {
                "binding_name": "$keymapping_grid_dimension"
            }
        ]
    },
    "keyboard_and_mouse_button@settings_common.section_toggle_base": {
        "$toggle_view_binding_name": "keyboard_and_mouse_button_toggle",
        "$glyph_texture": "textures/ui/keyboard_and_mouse_glyph",
        "$glyph_color_texture": "textures/ui/keyboard_and_mouse_glyph_color",
        "$glyph_size": [
            19,
            9
        ],
        "$button_text": "options.keyboardAndMouse",
        "$toggle_property_bag": {
            "#panel_title": "options.keyboardAndMouseSettings"
        }
    },
    "keyboard_and_mouse_section": {
        "type": "stack_panel",
        "size": [
            "100%",
            "100%c"
        ],
        "$keymapping_grid_dimension": "#keyboard_standard_grid_dimension",
        "$keymapping_collection": "keyboard_standard_collection",
        "anchor_from": "top_left",
        "anchor_to": "top_left",
        "bindings": [
            {
                "binding_type": "view",
                "source_control_name": "keyboard_and_mouse_button_toggle",
                "source_property_name": "#toggle_state",
                "target_property_name": "#visible"
            }
        ],
        "controls": [
            {
                "selector_group_lable_15@settings_common.selector_group_label": {
                    "text": " "
                }
            },
            {
                "selector_group_lable_16@settings_common.selector_group_label": {
                    "text": "[Keyboard Control Sliders]",
                    "font_type": "default"
                }
            },
            {
                "selector_group_lable_32@settings_common.selector_group_label": {
                    "text": " "
                }
            },
            {
                "option_slider_0@settings_common.option_slider": {
                    "$option_label": "#keyboard_mouse_sensitivity_slider_label",
                    "$slider_name": "keyboard_mouse_sensitivity",
                    "$slider_value_binding_name": "#keyboard_mouse_sensitivity",
                    "$slider_tts_text_value": "#keyboard_mouse_sensitivity_text_value",
                    "$option_enabled_binding_name": "#keyboard_mouse_sensitivity_enabled",
                    "$focus_override_right": "FOCUS_OVERRIDE_STOP",
                    "$label_bindings": [
                        {
                            "binding_name": "$option_label"
                        }
                    ]
                }
            },
            {
                "option_slider_damen@settings_common.option_slider": {
                    "$option_label": "#spyglass_mouse_dampening_slider_label",
                    "$slider_name": "spyglass_mouse_dampening",
                    "$slider_value_binding_name": "#spyglass_mouse_dampening",
                    "$slider_tts_text_value": "#spyglass_mouse_dampening_text_value",
                    "$option_enabled_binding_name": "#keyboard_mouse_sensitivity_enabled",
                    "$label_bindings": [
                        {
                            "binding_name": "$option_label"
                        }
                    ]
                }
            },
            {
                "option_slider_1@settings_common.option_slider": {
                    "ignored": "(not $is_holographic)",
                    "$option_label": "#vr_ui_mouse_sensitivity_slider_label",
                    "$slider_name": "vr_ui_mouse_sensitivity",
                    "$slider_value_binding_name": "#vr_ui_mouse_sensitivity",
                    "$slider_tts_text_value": "#vr_ui_mouse_sensitivity_text_value",
                    "$option_enabled_binding_name": "#vr_ui_mouse_sensitivity_enabled",
                    "$label_bindings": [
                        {
                            "binding_name": "$option_label"
                        }
                    ]
                }
            },
            {
                "selector_group_lable_21@settings_common.selector_group_label": {
                    "text": " "
                }
            },
            {
                "selector_group_lable_20@settings_common.selector_group_label": {
                    "text": "[Keyboard Control Toggles]",
                    "font_type": "default"
                }
            },
            {
                "selector_group_lable_18@settings_common.selector_group_label": {
                    "text": " "
                }
            },
            {
                "option_toggle_0@settings_common.option_toggle": {
                    "$option_label": "options.invertYAxis",
                    "$option_binding_name": "#keyboard_mouse_invert_y_axis",
                    "$option_enabled_binding_name": "#keyboard_mouse_invert_y_axis_enabled",
                    "$toggle_name": "keyboard_mouse_invert_y_axis",
                    "$focus_override_right": "FOCUS_OVERRIDE_STOP"
                }
            },
            {
                "option_toggle_toggle_crouch1@settings_common.option_toggle": {
                    "$option_label": "options.toggleCrouch",
                    "$option_binding_name": "#keyboard_mouse_toggle_crouch",
                    "$option_enabled_binding_name": "#keyboard mouse toggle crouch",
                    "$toggle_name": "keyboard_mouse_toggle_crouch"
                }
            },
            {
                "option_toggle_1@settings_common.option_toggle": {
                    "$option_label": "options.autojump",
                    "$option_binding_name": "#keyboard_mouse_autojump",
                    "$option_enabled_binding_name": "#keyboard_mouse_autojump_enabled",
                    "$toggle_name": "keyboard_mouse_autojump",
                    "$focus_override_right": "FOCUS_OVERRIDE_STOP"
                }
            },
            {
                "option_toggle_full_keyboard_gameplay@settings_common.option_toggle": {
                    "$option_label": "options.fullKeyboardGameplay",
                    "$option_binding_name": "#keyboard_show_full_keyboard_options",
                    "$option_enabled_binding_name": "#keyboard_show_full_keyboard_options_enabled",
                    "$toggle_name": "keyboard_show_full_keyboard_options",
                    "$focus_override_right": "FOCUS_OVERRIDE_STOP"
                }
            },
            {
                "option_toggle_hide_keyboard_tooltips@settings_common.option_toggle": {
                    "ignored": "(not $education_edition)",
                    "$option_label": "options.hideKeyboardTooltips",
                    "$option_binding_name": "#hide_keyboard_tooltips",
                    "$option_enabled_binding_name": "#hint_toggles_enabled",
                    "$toggle_name": "hide_keyboard_tooltips",
                    "$focus_override_right": "FOCUS_OVERRIDE_STOP"
                }
            },
            {
                "keyboard_section": {
                    "type": "stack_panel",
                    "size": [
                        "100%",
                        "100%c"
                    ],
                    "bindings": [
                        {
                            "binding_name": "#keyboard_show_standard_keyboard_options",
                            "binding_name_override": "#visible"
                        }
                    ],
                    "controls": [
                        {
                            "option_group_label@settings_common.option_group_label": {
                                "$text": "[Keyboard Layouts]"
                            }
                        },
                        {
                            "keyboard_keymapping_grid@controls_section.keymapping_grid": {}
                        }
                    ]
                }
            },
            {
                "full_keyboard_section": {
                    "type": "stack_panel",
                    "size": [
                        "100%",
                        "100%c"
                    ],
                    "bindings": [
                        {
                            "binding_name": "#keyboard_show_full_keyboard_options",
                            "binding_name_override": "#visible"
                        }
                    ],
                    "controls": [
                        {
                            "option_slider_smooth_rotation_speed@settings_common.option_slider": {
                                "$option_label": "#keyboard_smooth_rotation_speed_slider_label",
                                "$slider_name": "keyboard_smooth_rotation_speed",
                                "$slider_value_binding_name": "#keyboard_smooth_rotation_speed",
                                "$slider_tts_text_value": "#keyboard_smooth_rotation_speed_text_value",
                                "$option_enabled_binding_name": "#keyboard_smooth_rotation_speed_enabled",
                                "$focus_override_right": "FOCUS_OVERRIDE_STOP",
                                "$label_bindings": [
                                    {
                                        "binding_name": "$option_label"
                                    }
                                ]
                            }
                        },
                        {
                            "full_keyboard_label@settings_common.option_group_label": {
                                "$text": "options.fullKeyboardLayout"
                            }
                        },
                        {
                            "keyboard_full_keymapping_grid@controls_section.full_keymapping_grid": {}
                        }
                    ]
                }
            },
            {
                "reset_button@settings_common.action_button": {
                    "$pressed_button_name": "button.reset_keyboard_bindings",
                    "$button_text": "controllerLayoutScreen.resetAllBindings",
                    "$focus_override_right": "FOCUS_OVERRIDE_STOP"
                }
            }
        ]
    },
    "controller_button@settings_common.section_toggle_base": {
        "$toggle_view_binding_name": "controller_button_toggle",
        "$glyph_texture": "textures/ui/controller_glyph",
        "$glyph_color_texture": "textures/ui/controller_glyph_color",
        "$glyph_size": [
            21,
            14
        ],
        "$button_text": "options.controller",
        "$toggle_property_bag": {
            "#panel_title": "options.controllerSettings"
        }
    },
    "controller_section": {
        "type": "stack_panel",
        "size": [
            "100%",
            "100%c"
        ],
        "anchor_from": "top_left",
        "anchor_to": "top_left",
        "$keymapping_grid_dimension": "#gamepad_grid_dimension",
        "$keymapping_collection": "gamepad_collection",
        "bindings": [
            {
                "binding_type": "view",
                "source_control_name": "controller_button_toggle",
                "source_property_name": "#toggle_state",
                "target_property_name": "#visible"
            }
        ],
        "controls": [
            {
                "selector_group_lable_23@settings_common.selector_group_label": {
                    "text": " "
                }
            },
            {
                "selector_group_lable_24@settings_common.selector_group_label": {
                    "text": "[Controller Control Sliders]",
                    "font_type": "default"
                }
            },
            {
                "selector_group_lable_25@settings_common.selector_group_label": {
                    "text": " "
                }
            },
            {
                "option_slider_0@settings_common.option_slider": {
                    "ignored": "($is_holographic and not $is_living_room_mode)",
                    "$option_label": "#controller_sensitivity_slider_label",
                    "$slider_name": "controller_sensitivity",
                    "$slider_value_binding_name": "#controller_sensitivity",
                    "$slider_tts_text_value": "#controller_sensitivity_text_value",
                    "$option_enabled_binding_name": "#controller_sensitivity_enabled",
                    "$focus_override_right": "FOCUS_OVERRIDE_STOP",
                    "$label_bindings": [
                        {
                            "binding_name": "$option_label"
                        }
                    ]
                }
            },
            {
                "option_slider_damen@settings_common.option_slider": {
                    "$option_label": "#spyglass_gamepad_dampening_slider_label",
                    "$slider_name": "spyglass_gamepad_dampening",
                    "$slider_value_binding_name": "#spyglass_gamepad_dampening",
                    "$slider_tts_text_value": "#spyglass_gamepad_dampening_text_value",
                    "$option_enabled_binding_name": "#keyboard_mouse_sensitivity_enabled",
                    "$label_bindings": [
                        {
                            "binding_name": "$option_label"
                        }
                    ]
                }
            },
            {
                "option_slider_1@settings_common.option_slider": {
                    "ignored": "($is_living_room_mode or not $is_holographic)",
                    "$option_label": "#vr_sensitivity_slider_label",
                    "$slider_name": "vr_sensitivity",
                    "$slider_value_binding_name": "#vr_sensitivity",
                    "$slider_tts_text_value": "#vr_sensitivity_text_value",
                    "$option_enabled_binding_name": "#vr_sensitivity_enabled",
                    "$label_bindings": [
                        {
                            "binding_name": "$option_label"
                        }
                    ]
                }
            },
            {
                "option_slider_2@settings_common.option_slider": {
                    "$option_label": "#vr_roll_turn_sensitivity_slider_label",
                    "$slider_name": "vr_roll_turn_sensitivity",
                    "$slider_value_binding_name": "#vr_roll_turn_sensitivity",
                    "$slider_tts_text_value": "#vr_roll_turn_sensitivity_text_value",
                    "$option_enabled_binding_name": "#vr_roll_turn_sensitivity_enabled",
                    "$focus_override_right": "FOCUS_OVERRIDE_STOP",
                    "$label_bindings": [
                        {
                            "binding_name": "$option_label"
                        }
                    ],
                    "bindings": [
                        {
                            "binding_name": "#vr_roll_turn_sensitivity_visible",
                            "binding_name_override": "#visible"
                        }
                    ]
                }
            },
            {
                "gamepad_cursor_sensitivity_option_slider@settings_common.option_slider": {
                    "$option_label": "#gamepad_cursor_sensitivity_slider_label",
                    "$slider_name": "gamepad_cursor_sensitivity",
                    "$slider_value_binding_name": "#gamepad_cursor_sensitivity",
                    "$slider_tts_text_value": "#gamepad_cursor_sensitivity_text_value",
                    "$option_enabled_binding_name": "#gamepad_cursor_sensitivity_enabled",
                    "$focus_override_right": "FOCUS_OVERRIDE_STOP",
                    "$label_bindings": [
                        {
                            "binding_name": "$option_label"
                        }
                    ]
                }
            },
            {
                "selector_group_lable_26@settings_common.selector_group_label": {
                    "text": " "
                }
            },
            {
                "selector_group_lable_27@settings_common.selector_group_label": {
                    "text": "[Controller Control Toggles]",
                    "font_type": "default"
                }
            },
            {
                "selector_group_lable_28@settings_common.selector_group_label": {
                    "text": " "
                }
            },
            {
                "option_toggle_0@settings_common.option_toggle": {
                    "$option_label": "options.invertYAxis",
                    "$option_binding_name": "#controller_invert_y_axis",
                    "$option_enabled_binding_name": "#controller_invert_y_axis_enabled",
                    "$toggle_name": "controller_invert_y_axis",
                    "$focus_override_right": "FOCUS_OVERRIDE_STOP"
                }
            },
            {
                "option_toggle_toggle_crouch2@settings_common.option_toggle": {
                    "$option_label": "options.toggleCrouch",
                    "$option_binding_name": "#controller_mouse_toggle_crouch",
                    "$option_enabled_binding_name": "#controller mouse toggle crouch",
                    "$toggle_name": "controller_toggle_crouch"
                }
            },
            {
                "option_toggle_1@settings_common.option_toggle": {
                    "ignored": "($is_holographic and not $is_living_room_mode)",
                    "$option_label": "options.autojump",
                    "$option_binding_name": "#controller_autojump",
                    "$option_enabled_binding_name": "#controller_autojump_enabled",
                    "$toggle_name": "controller_autojump",
                    "$focus_override_right": "FOCUS_OVERRIDE_STOP"
                }
            },
            {
                "option_toggle9@settings_common.option_toggle": {
                    "$option_label": "options.hidetooltips",
                    "$option_binding_name": "#hide_tooltips",
                    "$option_enabled_binding_name": "#hint_toggles_enabled",
                    "$toggle_name": "hide_tooltips",
                    "$focus_override_right": "FOCUS_OVERRIDE_STOP"
                }
            },
            {
                "option_toggle10@settings_common.option_toggle": {
                    "$option_label": "options.hidegamepadcursor",
                    "$option_binding_name": "#hide_gamepad_cursor",
                    "$option_enabled_binding_name": "#hide_gamepad_cursor_enabled",
                    "$toggle_name": "hide_gamepad_cursor",
                    "$focus_override_right": "FOCUS_OVERRIDE_STOP"
                }
            },
            {
                "option_toggle_11@settings_common.option_toggle": {
                    "$option_label": "options.clearhotbar",
                    "$option_binding_name": "#controller_clear_hotbar",
                    "$option_enabled_binding_name": "#controller_clear_hotbar_enabled",
                    "$toggle_name": "controller_clear_hotbar",
                    "$focus_override_right": "FOCUS_OVERRIDE_STOP"
                }
            },
            {
                "gamepad_swap_ab@settings_common.option_toggle": {
                    "$option_label": "#swap_gamepad_ab",
                    "$option_binding_name": "#swap_gamepad_ab_buttons",
                    "$option_enabled_binding_name": "#swap_gamepad_ab_buttons_enabled",
                    "$toggle_name": "swap_gamepad_ab_buttons",
                    "$toggle_tts_header_binding_type": "global",
                    "$focus_override_right": "FOCUS_OVERRIDE_STOP",
                    "$label_bindings": [
                        {
                            "binding_name": "$option_label"
                        }
                    ]
                }
            },
            {
                "gamepad_swap_xy@settings_common.option_toggle": {
                    "$option_label": "#swap_gamepad_xy",
                    "$option_binding_name": "#swap_gamepad_xy_buttons",
                    "$option_enabled_binding_name": "#swap_gamepad_xy_buttons_enabled",
                    "$toggle_name": "swap_gamepad_xy_buttons",
                    "$toggle_tts_header_binding_type": "global",
                    "$focus_override_right": "FOCUS_OVERRIDE_STOP",
                    "$label_bindings": [
                        {
                            "binding_name": "$option_label"
                        }
                    ]
                }
            },
            {
                "option_toggle_2@settings_common.option_toggle": {
                    "ignored": "($is_living_room_mode or not $is_holographic)",
                    "$option_label": "options.vrAutojump",
                    "$option_binding_name": "#vr_autojump",
                    "$option_enabled_binding_name": "#vr_autojump_enabled",
                    "$toggle_name": "vr_autojump",
                    "$focus_override_right": "FOCUS_OVERRIDE_STOP"
                }
            },
            {
                "option_toggle_3@settings_common.option_toggle": {
                    "ignored": true,
                    "$option_label": "options.toggleCrouch",
                    "$option_binding_name": "#controller_toggle_crouch",
                    "$option_enabled_binding_name": "#controller_toggle_crouch_enabled",
                    "$toggle_name": "controller_toggle_crouch",
                    "$focus_override_right": "FOCUS_OVERRIDE_STOP"
                }
            },
            {
                "option_toggle_4@settings_common.option_toggle": {
                    "ignored": true,
                    "$option_label": "options.destroyvibration",
                    "$option_binding_name": "#controller_vibration",
                    "$option_enabled_binding_name": "#controller_vibration_enabled",
                    "$toggle_name": "controller_vibration",
                    "$focus_override_right": "FOCUS_OVERRIDE_STOP"
                }
            },
            {
                "option_group_label@settings_common.option_group_label": {
                    "ignored": "$ignore_controller_layout",
                    "$text": "[Controller Layout]"
                }
            },
            {
                "gamepad_keymapping_grid@controls_section.gamepad_mapping_grid": {
                    "ignored": "$ignore_controller_layout"
                }
            },
            {
                "reset_button@settings_common.action_button": {
                    "$pressed_button_name": "button.reset_gamepad_bindings",
                    "$button_text": "controllerLayoutScreen.resetAllBindings",
                    "$focus_override_right": "FOCUS_OVERRIDE_STOP"
                }
            }
        ]
    },
    "touch_button@settings_common.section_toggle_base": {
        "$toggle_view_binding_name": "touch_button_toggle",
        "$glyph_texture": "textures/ui/touch_glyph",
        "$glyph_color_texture": "textures/ui/touch_glyph_color",
        "$glyph_size": [
            20,
            14
        ],
        "$button_text": "options.touch",
        "$toggle_property_bag": {
            "#panel_title": "options.touchSettings"
        }
    },
    "touch_section": {
        "type": "stack_panel",
        "size": [
            "100%",
            "100%c"
        ],
        "anchor_from": "top_left",
        "anchor_to": "top_left",
        "bindings": [
            {
                "binding_type": "view",
                "source_control_name": "touch_button_toggle",
                "source_property_name": "#toggle_state",
                "target_property_name": "#visible"
            }
        ],
        "controls": [
            {
                "selector_group_lable_29@settings_common.selector_group_label": {
                    "text": " "
                }
            },
            {
                "selector_group_lable_30@settings_common.selector_group_label": {
                    "text": "[Touch Control Sliders]",
                    "font_type": "default"
                }
            },
            {
                "selector_group_lable_31@settings_common.selector_group_label": {
                    "text": " "
                }
            },
            {
                "option_slider_0@settings_common.option_slider": {
                    "$option_label": "#touch_sensitivity_slider_label",
                    "$slider_name": "touch_sensitivity",
                    "$slider_value_binding_name": "#touch_sensitivity",
                    "$slider_tts_text_value": "#touch_sensitivity_text_value",
                    "$option_enabled_binding_name": "#touch_sensitivity_enabled",
                    "$label_bindings": [
                        {
                            "binding_name": "$option_label"
                        }
                    ]
                }
            },
            {
                "option_slider_damen@settings_common.option_slider": {
                    "$option_label": "#spyglass_touch_dampening_slider_label",
                    "$slider_name": "spyglass_touch_dampening",
                    "$slider_value_binding_name": "#spyglass_touch_dampening",
                    "$slider_tts_text_value": "#spyglass_touch_dampening_text_value",
                    "$option_enabled_binding_name": "#touch_sensitivity_enabled",
                    "$label_bindings": [
                        {
                            "binding_name": "$option_label"
                        }
                    ]
                }
            },
            {
                "option_slider_1@settings_common.option_slider": {
                    "$option_label": "#button_size_slider_label",
                    "$slider_name": "button_size",
                    "$slider_value_binding_name": "#button_size",
                    "$slider_tts_text_value": "#button_size_text_value",
                    "$option_enabled_binding_name": "#button_size_enabled",
                    "$label_bindings": [
                        {
                            "binding_name": "$option_label"
                        }
                    ]
                }
            },
            {
                "selector_group_lable_32@settings_common.selector_group_label": {
                    "text": " "
                }
            },
            {
                "selector_group_lable_33@settings_common.selector_group_label": {
                    "text": "[Touch Control Toggles]",
                    "font_type": "default"
                }
            },
            {
                "selector_group_lable_34@settings_common.selector_group_label": {
                    "text": " "
                }
            },
            {
                "option_toggle_0@settings_common.option_toggle": {
                    "$option_label": "options.invertYAxis",
                    "$option_binding_name": "#touch_invert_y_axis",
                    "$option_enabled_binding_name": "#touch_invert_y_axis_enabled",
                    "$toggle_name": "touch_invert_y_axis"
                }
            },
            {
                "option_toggle_toggle_crouch@settings_common.option_toggle": {
                    "$option_label": "options.toggleCrouch",
                    "$option_binding_name": "#touch_toggle_crouch",
                    "$option_enabled_binding_name": "#touch_toggle_crouch_enabled",
                    "$toggle_name": "touch_toggle_crouch"
                }
            },
            {
                "option_toggle_1@settings_common.option_toggle": {
                    "$option_label": "options.autojump",
                    "$option_binding_name": "#touch_autojump",
                    "$option_enabled_binding_name": "#touch_autojump_enabled",
                    "$toggle_name": "touch_autojump"
                }
            },
            {
                "option_toggle_2@settings_common.option_toggle": {
                    "$option_label": "options.destroyvibration",
                    "$option_binding_name": "#touch_vibration",
                    "$option_enabled_binding_name": "#touch_vibration_enabled",
                    "$toggle_name": "touch_vibration"
                }
            },
            {
                "option_toggle_3@settings_common.option_toggle": {
                    "ignored": true,
                    "$option_label": "options.toggleCrouch",
                    "$option_binding_name": "#touch_toggle_crouch",
                    "$option_enabled_binding_name": "#touch_toggle_crouch_enabled",
                    "$toggle_name": "touch_toggle_crouch"
                }
            },
            {
                "option_toggle_4@settings_common.option_toggle": {
                    "$option_label": "options.usetouchpad",
                    "$option_binding_name": "#split_controls",
                    "$option_enabled_binding_name": "#split_controls_enabled",
                    "$toggle_name": "split_controls"
                }
            },
            {
                "option_toggle_5@settings_common.option_toggle": {
                    "$option_label": "options.lefthanded",
                    "$option_binding_name": "#left_handed",
                    "$option_enabled_binding_name": "#left_handed_enabled",
                    "$toggle_name": "left_handed"
                }
            },
            {
                "option_toggle_6@settings_common.option_toggle": {
                    "$option_label": "options.swapJumpAndSneak",
                    "$option_binding_name": "#swap_jump_and_sneak",
                    "$option_enabled_binding_name": "#swap_jump_and_sneak_enabled",
                    "$toggle_name": "swap_jump_and_sneak"
                }
            },
            {
                "hotbar_only_touch_toggle@settings_common.option_toggle": {
                    "$option_label": "options.hotbarOnlyTouch",
                    "$option_binding_name": "#hotbar_only_touch",
                    "$option_enabled_binding_name": "#hotbar_only_touch_enabled",
                    "$toggle_name": "hotbar_only_touch"
                }
            },
            {
                "reset_button@settings_common.action_button": {
                    "$pressed_button_name": "button.reset_touch_bindings",
                    "$button_text": "controllerLayoutScreen.resetAllBindings",
                    "$focus_override_down": "FOCUS_OVERRIDE_STOP"
                }
            }
        ]
    }
}