{
    "namespace": "light_mods_toggle",
    "toggle_unchecked@light_mods_toggle.toggle_content": {
        "$default|default": true,
        "alpha": 0.50,
        "color": "$button_color_disabled",
        "texture": ".light/textures/buttons/disabled",
        "$button_text|default": "Disabled"
    },
    "toggle_checked@light_mods_toggle.toggle_content": {
        "$pressed|default": true,
        "alpha": 0.50,
        "texture": ".light/textures/buttons/enabled",
        "color": "$button_color_enabled",
        "$button_text|default": "Enabled"
    },
    "toggle_unchecked_hover@light_mods_toggle.toggle_content": {
        "$hover|default": true,
        "alpha": 0.50,
        "texture": ".light/textures/buttons/disabled",
        "color": "$button_color_disabled",
        "$button_text|default": "Disabled"
    },
    "toggle_checked_hover@light_mods_toggle.toggle_content": {
        "$hover|default": true,
        "alpha": 0.50,
        "texture": ".light/textures/buttons/enabled",
        "color": "$button_color_enabled",
        "$button_text|default": "Enabled"
    },
    "light_toggles_template@common.toggle": {
        "$unchecked_locked_control|default": "light_mods_toggle.toggle_unchecked",
        "$unchecked_locked_hover_control|default": "light_mods_toggle.toggle_checked",
        "$checked_locked_control|default": "light_mods_toggle.toggle_checked",
        "$checked_locked_hover_control|default": "light_mods_toggle.toggle_checked",
        "$unchecked_control|default": "light_mods_toggle.toggle_unchecked",
        "$checked_control|default": "light_mods_toggle.toggle_checked",
        "$unchecked_hover_control|default": "light_mods_toggle.toggle_unchecked_hover",
        "$checked_hover_control|default": "light_mods_toggle.toggle_checked_hover",
        "button_mappings": "$button_mappings",
        "toggle_default_state": "$toggle_tags",
        "$is_back_button|default": false,
        "$button_mappings|default": [
            {
                "from_button_id": "button.menu_select",
                "mapping_type": "pressed",
                "to_button_id": "button.menu_select"
            },
            {
                "from_button_id": "button.menu_ok",
                "mapping_type": "focused",
                "to_button_id": "button.menu_ok"
            },
            {
                "from_button_id": "button.menu_left",
                "ignored": "(not $enable_directional_toggling)",
                "input_mode_condition": "gamepad_and_not_gaze",
                "mapping_type": "pressed",
                "to_button_id": "$toggle_off_button"
            },
            {
                "from_button_id": "button.menu_right",
                "ignored": "(not $enable_directional_toggling)",
                "input_mode_condition": "gamepad_and_not_gaze",
                "mapping_type": "pressed",
                "to_button_id": "$toggle_on_button"
            },
            {
                "ignored": "(not $enable_hover_event_mapping)",
                "mapping_type": "pressed",
                "to_button_id": "$toggle_hover_event_mapping"
            },
            {
                "ignored": "(not $is_back_button)",
                "from_button_id": "button.menu_cancel",
                "to_button_id": "button.menu_select",
                "mapping_type": "global"
            }
        ]
    },
    "toggle_label@pl.lbl": {
        "layer": 2,
        "text": "$button_text",
        "color": "$text_color",
        "shadow": false,
        "$label_anchor|default": "center",
        "$label_offset|default": [
            0,
            0
        ],
        "anchor_from": "$label_anchor",
        "anchor_to": "$label_anchor",
        "offset": "$label_offset",
        "max_size": [
            "100% - 4px",
            "100% - 4px"
        ],
        "font_type": "Inter-Medium",
        "bindings": "$button_bindings"
    },
    "toggle_content@pl.img": {
        "$default|default": false,
        "$hover|default": false,
        "$pressed|default": false,
        "$extra_content|default": "common.empty_panel",
        "controls": [
            {
                "label@light_mods_toggle.toggle_label": {}
            },
            {
                "extra_content@$extra_content": {}
            }
        ]
    },
    "light_button_toggle@pl.pnl": {
        "layer": 3,
        "$toggle_view_binding_name|default": "this_toggle",
        "$template_toggle|default": "light_mods_toggle.light_toggles_template",
        "controls": [
            {
                "$toggle_view_binding_name@$template_toggle": {}
            }
        ]
    }
}