{
    "format_version": "1.10.0",
    "particle_effect": {
        "description": {
            "identifier": "light:deathpoint",
            "basic_render_parameters": {
                "material": "particles_alpha",
                "texture": ".light/textures/particles/deathpoint"
            }
        },
        "components": {
            "minecraft:emitter_local_space": {
                "position": false,
                "rotation": false,
                "velocity": false
            },
            "minecraft:emitter_rate_instant": {
                "num_particles": 1
            },
            "minecraft:emitter_lifetime_expression": {
                "activation_expression": 1,
                "expiration_expression": 0
            },
            "minecraft:particle_lifetime_expression": {
                "max_lifetime": 999999999
            },
            "minecraft:particle_appearance_billboard": {
                "size": [
                    0.45,
                    380
                ],
                "facing_camera_mode": "lookat_y",
                "uv": {
                    "texture_width": 1,
                    "texture_height": 1,
                    "uv": [
                        0,
                        0
                    ],
                    "uv_size": [
                        0,
                        0
                    ]
                }
            }
        }
    }
}